Date,Product,Region,Quantity,Unit_Price,Sales,Promotion,Holiday
2023-01-01,Laptop Pro 15,North,18,1183.49,21302.82,0,1
2023-01-01,Laptop Pro 15,West,10,1217.58,12175.8,0,1
2023-01-01,Laptop Pro 15,South,13,1176.99,15300.87,0,1
2023-01-01,Laptop Pro 15,East,7,1184.8,8293.6,0,1
2023-01-01,Smartphone Ultra,North,31,747.96,23186.76,0,1
2023-01-01,Smartphone Ultra,West,29,739.18,21436.22,0,1
2023-01-01,Smartphone Ultra,South,25,748.68,18717.0,0,1
2023-01-01,Smartphone Ultra,East,28,750.43,21012.04,0,1
2023-01-01,Wireless Noise-Canceling Headphones,North,64,180.77,11569.28,0,1
2023-01-01,Wireless Noise-Canceling Headphones,West,50,183.23,9161.5,0,1
2023-01-01,Wireless Noise-Canceling Headphones,South,47,181.33,8522.51,0,1
2023-01-01,Wireless Noise-Canceling Headphones,East,42,179.97,7558.74,0,1
2023-01-01,Smart Fitness Watch,North,39,218.34,8515.26,0,1
2023-01-01,Smart Fitness Watch,West,43,217.23,9340.89,0,1
2023-01-01,Smart Fitness Watch,South,38,216.38,8222.44,0,1
2023-01-01,Smart Fitness Watch,East,25,218.46,5461.5,0,1
2023-01-01,Ergonomic Office Chair,North,18,324.21,5835.78,0,1
2023-01-01,Ergonomic Office Chair,West,17,320.55,5449.35,0,1
2023-01-01,Ergonomic Office Chair,South,20,313.67,6273.4,0,1
2023-01-01,Ergonomic Office Chair,East,16,314.55,5032.8,0,1
2023-01-02,Laptop Pro 15,North,5,1190.93,5954.65,0,0
2023-01-02,Laptop Pro 15,West,9,1199.7,10797.3,0,0
2023-01-02,Laptop Pro 15,South,3,1177.51,3532.53,0,0
2023-01-02,Laptop Pro 15,East,5,1212.27,6061.35,0,0
2023-01-02,Smartphone Ultra,North,12,743.69,8924.28,0,0
2023-01-02,Smartphone Ultra,West,18,761.14,13700.52,0,0
2023-01-02,Smartphone Ultra,South,16,761.78,12188.48,0,0
2023-01-02,Smartphone Ultra,East,11,761.88,8380.68,0,0
2023-01-02,Wireless Noise-Canceling Headphones,North,24,178.04,4272.96,0,0
2023-01-02,Wireless Noise-Canceling Headphones,West,25,182.6,4565.0,0,0
2023-01-02,Wireless Noise-Canceling Headphones,South,21,177.26,3722.46,0,0
2023-01-02,Wireless Noise-Canceling Headphones,East,17,178.73,3038.41,0,0
2023-01-02,Smart Fitness Watch,North,20,218.8,4376.0,0,0
2023-01-02,Smart Fitness Watch,West,15,218.25,3273.75,0,0
2023-01-02,Smart Fitness Watch,South,13,220.96,2872.48,0,0
2023-01-02,Smart Fitness Watch,East,14,218.05,3052.7,0,0
2023-01-02,Ergonomic Office Chair,North,10,321.69,3216.9,0,0
2023-01-02,Ergonomic Office Chair,West,6,321.16,1926.96,0,0
2023-01-02,Ergonomic Office Chair,South,5,322.44,1612.2,0,0
2023-01-02,Ergonomic Office Chair,East,4,325.44,1301.76,0,0
2023-01-03,Laptop Pro 15,North,7,1219.07,8533.49,0,0
2023-01-03,Laptop Pro 15,West,9,1183.76,10653.84,0,0
2023-01-03,Laptop Pro 15,South,3,1207.85,3623.55,0,0
2023-01-03,Laptop Pro 15,East,1,1183.72,1183.72,0,0
2023-01-03,Smartphone Ultra,North,16,754.56,12072.96,0,0
2023-01-03,Smartphone Ultra,West,11,742.12,8163.32,0,0
2023-01-03,Smartphone Ultra,South,11,754.49,8299.39,0,0
2023-01-03,Smartphone Ultra,East,11,746.03,8206.33,0,0
2023-01-03,Wireless Noise-Canceling Headphones,North,23,183.41,4218.43,0,0
2023-01-03,Wireless Noise-Canceling Headphones,West,24,180.94,4342.56,0,0
2023-01-03,Wireless Noise-Canceling Headphones,South,27,180.55,4874.85,0,0
2023-01-03,Wireless Noise-Canceling Headphones,East,19,181.6,3450.4,0,0
2023-01-03,Smart Fitness Watch,North,17,221.28,3761.76,0,0
2023-01-03,Smart Fitness Watch,West,17,223.77,3804.09,0,0
2023-01-03,Smart Fitness Watch,South,14,223.09,3123.26,0,0
2023-01-03,Smart Fitness Watch,East,12,220.5,2646.0,0,0
2023-01-03,Ergonomic Office Chair,North,13,323.96,4211.48,0,0
2023-01-03,Ergonomic Office Chair,West,14,319.56,4473.84,0,0
2023-01-03,Ergonomic Office Chair,South,4,324.13,1296.52,0,0
2023-01-03,Ergonomic Office Chair,East,6,314.26,1885.56,0,0
2023-01-04,Laptop Pro 15,North,10,1177.22,11772.2,0,0
2023-01-04,Laptop Pro 15,West,6,1202.36,7214.16,0,0
2023-01-04,Laptop Pro 15,South,8,1193.09,9544.72,0,0
2023-01-04,Laptop Pro 15,East,2,1178.21,2356.42,0,0
2023-01-04,Smartphone Ultra,North,18,737.94,13282.92,0,0
2023-01-04,Smartphone Ultra,West,14,740.2,10362.8,0,0
2023-01-04,Smartphone Ultra,South,12,753.48,9041.76,0,0
2023-01-04,Smartphone Ultra,East,12,746.24,8954.88,0,0
2023-01-04,Wireless Noise-Canceling Headphones,North,29,182.57,5294.53,0,0
2023-01-04,Wireless Noise-Canceling Headphones,West,29,176.91,5130.39,0,0
2023-01-04,Wireless Noise-Canceling Headphones,South,25,180.62,4515.5,0,0
2023-01-04,Wireless Noise-Canceling Headphones,East,28,179.19,5017.32,0,0
2023-01-04,Smart Fitness Watch,North,22,220.4,4848.8,0,0
2023-01-04,Smart Fitness Watch,West,28,224.06,6273.68,0,0
2023-01-04,Smart Fitness Watch,South,23,216.21,4972.83,0,0
2023-01-04,Smart Fitness Watch,East,8,216.43,1731.44,0,0
2023-01-04,Ergonomic Office Chair,North,6,315.11,1890.66,0,0
2023-01-04,Ergonomic Office Chair,West,15,319.09,4786.35,0,0
2023-01-04,Ergonomic Office Chair,South,9,325.19,2926.71,0,0
2023-01-04,Ergonomic Office Chair,East,7,317.81,2224.67,0,0
2023-01-05,Laptop Pro 15,North,6,1202.38,7214.28,0,0
2023-01-05,Laptop Pro 15,West,5,1205.67,6028.35,0,0
2023-01-05,Laptop Pro 15,South,3,1215.45,3646.35,0,0
2023-01-05,Laptop Pro 15,East,2,1223.36,2446.72,0,0
2023-01-05,Smartphone Ultra,North,14,759.38,10631.32,0,0
2023-01-05,Smartphone Ultra,West,18,737.51,13275.18,0,0
2023-01-05,Smartphone Ultra,South,16,747.73,11963.68,0,0
2023-01-05,Smartphone Ultra,East,16,749.78,11996.48,0,0
2023-01-05,Wireless Noise-Canceling Headphones,North,16,177.25,2836.0,0,0
2023-01-05,Wireless Noise-Canceling Headphones,West,28,180.6,5056.8,0,0
2023-01-05,Wireless Noise-Canceling Headphones,South,35,178.46,6246.1,0,0
2023-01-05,Wireless Noise-Canceling Headphones,East,25,183.34,4583.5,0,0
2023-01-05,Smart Fitness Watch,North,12,224.13,2689.56,0,0
2023-01-05,Smart Fitness Watch,West,19,221.72,4212.68,0,0
2023-01-05,Smart Fitness Watch,South,16,220.74,3531.84,0,0
2023-01-05,Smart Fitness Watch,East,19,218.07,4143.33,0,0
2023-01-05,Ergonomic Office Chair,North,9,326.07,2934.63,0,0
2023-01-05,Ergonomic Office Chair,West,15,313.94,4709.1,0,0
2023-01-05,Ergonomic Office Chair,South,11,314.32,3457.52,0,0
2023-01-05,Ergonomic Office Chair,East,12,316.53,3798.36,0,0
2023-01-06,Laptop Pro 15,North,12,1182.43,14189.16,0,0
2023-01-06,Laptop Pro 15,West,5,1176.7,5883.5,0,0
2023-01-06,Laptop Pro 15,South,8,1205.86,9646.88,0,0
2023-01-06,Laptop Pro 15,East,8,1191.78,9534.24,0,0
2023-01-06,Smartphone Ultra,North,19,737.28,14008.32,0,0
2023-01-06,Smartphone Ultra,West,11,739.56,8135.16,0,0
2023-01-06,Smartphone Ultra,South,10,740.46,7404.6,0,0
2023-01-06,Smartphone Ultra,East,11,749.22,8241.42,0,0
2023-01-06,Wireless Noise-Canceling Headphones,North,34,177.78,6044.52,0,0
2023-01-06,Wireless Noise-Canceling Headphones,West,16,178.41,2854.56,0,0
2023-01-06,Wireless Noise-Canceling Headphones,South,21,177.27,3722.67,0,0
2023-01-06,Wireless Noise-Canceling Headphones,East,21,179.02,3759.42,0,0
2023-01-06,Smart Fitness Watch,North,23,215.95,4966.85,0,0
2023-01-06,Smart Fitness Watch,West,26,216.32,5624.32,0,0
2023-01-06,Smart Fitness Watch,South,10,222.69,2226.9,0,0
2023-01-06,Smart Fitness Watch,East,19,217.44,4131.36,0,0
2023-01-06,Ergonomic Office Chair,North,9,321.51,2893.59,0,0
2023-01-06,Ergonomic Office Chair,West,9,319.33,2873.97,0,0
2023-01-06,Ergonomic Office Chair,South,5,316.31,1581.55,0,0
2023-01-06,Ergonomic Office Chair,East,7,320.47,2243.29,0,0
2023-01-07,Laptop Pro 15,North,11,1180.89,12989.79,0,0
2023-01-07,Laptop Pro 15,West,5,1219.04,6095.2,0,0
2023-01-07,Laptop Pro 15,South,8,1188.38,9507.04,0,0
2023-01-07,Laptop Pro 15,East,7,1191.54,8340.78,0,0
2023-01-07,Smartphone Ultra,North,20,742.27,14845.4,0,0
2023-01-07,Smartphone Ultra,West,14,743.66,10411.24,0,0
2023-01-07,Smartphone Ultra,South,18,749.43,13489.74,0,0
2023-01-07,Smartphone Ultra,East,15,745.1,11176.5,0,0
2023-01-07,Wireless Noise-Canceling Headphones,North,29,183.53,5322.37,0,0
2023-01-07,Wireless Noise-Canceling Headphones,West,32,178.23,5703.36,0,0
2023-01-07,Wireless Noise-Canceling Headphones,South,34,180.69,6143.46,0,0
2023-01-07,Wireless Noise-Canceling Headphones,East,26,178.91,4651.66,0,0
2023-01-07,Smart Fitness Watch,North,36,224.09,8067.24,0,0
2023-01-07,Smart Fitness Watch,West,19,223.86,4253.34,0,0
2023-01-07,Smart Fitness Watch,South,17,222.12,3776.04,0,0
2023-01-07,Smart Fitness Watch,East,20,216.83,4336.6,0,0
2023-01-07,Ergonomic Office Chair,North,15,315.69,4735.35,0,0
2023-01-07,Ergonomic Office Chair,West,13,318.19,4136.47,0,0
2023-01-07,Ergonomic Office Chair,South,15,325.63,4884.45,0,0
2023-01-07,Ergonomic Office Chair,East,10,323.12,3231.2,0,0
2023-01-08,Laptop Pro 15,North,8,1195.07,9560.56,0,0
2023-01-08,Laptop Pro 15,West,10,1219.61,12196.1,0,0
2023-01-08,Laptop Pro 15,South,8,1217.86,9742.88,0,0
2023-01-08,Laptop Pro 15,East,12,1181.44,14177.28,0,0
2023-01-08,Smartphone Ultra,North,27,752.74,20323.98,0,0
2023-01-08,Smartphone Ultra,West,19,745.06,14156.14,0,0
2023-01-08,Smartphone Ultra,South,21,745.0,15645.0,0,0
2023-01-08,Smartphone Ultra,East,13,762.6,9913.8,0,0
2023-01-08,Wireless Noise-Canceling Headphones,North,35,181.71,6359.85,0,0
2023-01-08,Wireless Noise-Canceling Headphones,West,35,179.66,6288.1,0,0
2023-01-08,Wireless Noise-Canceling Headphones,South,24,179.99,4319.76,0,0
2023-01-08,Wireless Noise-Canceling Headphones,East,25,179.01,4475.25,0,0
2023-01-08,Smart Fitness Watch,North,28,215.72,6040.16,0,0
2023-01-08,Smart Fitness Watch,West,28,224.06,6273.68,0,0
2023-01-08,Smart Fitness Watch,South,16,216.35,3461.6,0,0
2023-01-08,Smart Fitness Watch,East,20,222.2,4444.0,0,0
2023-01-08,Ergonomic Office Chair,North,9,316.23,2846.07,0,0
2023-01-08,Ergonomic Office Chair,West,8,319.64,2557.12,0,0
2023-01-08,Ergonomic Office Chair,South,9,324.63,2921.67,0,0
2023-01-08,Ergonomic Office Chair,East,6,322.76,1936.56,0,0
2023-01-09,Laptop Pro 15,North,3,1208.25,3624.75,0,0
2023-01-09,Laptop Pro 15,West,2,1184.57,2369.14,0,0
2023-01-09,Laptop Pro 15,South,3,1210.67,3632.01,0,0
2023-01-09,Laptop Pro 15,East,6,1176.62,7059.72,0,0
2023-01-09,Smartphone Ultra,North,9,735.8,6622.2,0,0
2023-01-09,Smartphone Ultra,West,11,747.64,8224.04,0,0
2023-01-09,Smartphone Ultra,South,11,746.39,8210.29,0,0
2023-01-09,Smartphone Ultra,East,12,753.72,9044.64,0,0
2023-01-09,Wireless Noise-Canceling Headphones,North,26,179.54,4668.04,0,0
2023-01-09,Wireless Noise-Canceling Headphones,West,30,182.65,5479.5,0,0
2023-01-09,Wireless Noise-Canceling Headphones,South,22,182.16,4007.52,0,0
2023-01-09,Wireless Noise-Canceling Headphones,East,18,178.33,3209.94,0,0
2023-01-09,Smart Fitness Watch,North,20,217.87,4357.4,0,0
2023-01-09,Smart Fitness Watch,West,14,215.76,3020.64,0,0
2023-01-09,Smart Fitness Watch,South,23,220.67,5075.41,0,0
2023-01-09,Smart Fitness Watch,East,11,221.33,2434.63,0,0
2023-01-09,Ergonomic Office Chair,North,6,321.29,1927.74,0,0
2023-01-09,Ergonomic Office Chair,West,7,323.05,2261.35,0,0
2023-01-09,Ergonomic Office Chair,South,5,322.8,1614.0,0,0
2023-01-09,Ergonomic Office Chair,East,7,316.96,2218.72,0,0
2023-01-10,Laptop Pro 15,North,6,1179.61,7077.66,0,0
2023-01-10,Laptop Pro 15,West,10,1180.4,11804.0,0,0
2023-01-10,Laptop Pro 15,South,7,1214.71,8502.97,0,0
2023-01-10,Laptop Pro 15,East,7,1177.89,8245.23,0,0
2023-01-10,Smartphone Ultra,North,11,762.46,8387.06,0,0
2023-01-10,Smartphone Ultra,West,14,760.34,10644.76,0,0
2023-01-10,Smartphone Ultra,South,11,736.11,8097.21,0,0
2023-01-10,Smartphone Ultra,East,12,738.62,8863.44,0,0
2023-01-10,Wireless Noise-Canceling Headphones,North,18,178.85,3219.3,0,0
2023-01-10,Wireless Noise-Canceling Headphones,West,30,178.67,5360.1,0,0
2023-01-10,Wireless Noise-Canceling Headphones,South,23,178.7,4110.1,0,0
2023-01-10,Wireless Noise-Canceling Headphones,East,20,176.58,3531.6,0,0
2023-01-10,Smart Fitness Watch,North,26,223.3,5805.8,0,0
2023-01-10,Smart Fitness Watch,West,19,222.63,4229.97,0,0
2023-01-10,Smart Fitness Watch,South,20,219.82,4396.4,0,0
2023-01-10,Smart Fitness Watch,East,15,224.26,3363.9,0,0
2023-01-10,Ergonomic Office Chair,North,8,316.59,2532.72,0,0
2023-01-10,Ergonomic Office Chair,West,4,322.3,1289.2,0,0
2023-01-10,Ergonomic Office Chair,South,9,326.29,2936.61,0,0
2023-01-10,Ergonomic Office Chair,East,6,316.42,1898.52,0,0
2023-01-11,Laptop Pro 15,North,8,1195.02,9560.16,0,0
2023-01-11,Laptop Pro 15,West,6,1204.46,7226.76,0,0
2023-01-11,Laptop Pro 15,South,4,1218.66,4874.64,0,0
2023-01-11,Laptop Pro 15,East,6,1193.89,7163.34,0,0
2023-01-11,Smartphone Ultra,North,12,749.88,8998.56,0,0
2023-01-11,Smartphone Ultra,West,8,755.5,6044.0,0,0
2023-01-11,Smartphone Ultra,South,13,752.77,9786.01,0,0
2023-01-11,Smartphone Ultra,East,14,755.34,10574.76,0,0
2023-01-11,Wireless Noise-Canceling Headphones,North,28,182.73,5116.44,0,0
2023-01-11,Wireless Noise-Canceling Headphones,West,31,182.52,5658.12,0,0
2023-01-11,Wireless Noise-Canceling Headphones,South,29,182.43,5290.47,0,0
2023-01-11,Wireless Noise-Canceling Headphones,East,22,180.85,3978.7,0,0
2023-01-11,Smart Fitness Watch,North,23,223.35,5137.05,0,0
2023-01-11,Smart Fitness Watch,West,25,222.87,5571.75,0,0
2023-01-11,Smart Fitness Watch,South,11,222.14,2443.54,0,0
2023-01-11,Smart Fitness Watch,East,18,215.66,3881.88,0,0
2023-01-11,Ergonomic Office Chair,North,12,321.7,3860.4,0,0
2023-01-11,Ergonomic Office Chair,West,7,321.05,2247.35,0,0
2023-01-11,Ergonomic Office Chair,South,8,313.91,2511.28,0,0
2023-01-11,Ergonomic Office Chair,East,4,319.31,1277.24,0,0
2023-01-12,Laptop Pro 15,North,7,1179.95,8259.65,0,0
2023-01-12,Laptop Pro 15,West,9,1189.16,10702.44,0,0
2023-01-12,Laptop Pro 15,South,5,1207.28,6036.4,0,0
2023-01-12,Laptop Pro 15,East,9,1206.06,10854.54,0,0
2023-01-12,Smartphone Ultra,North,10,762.63,7626.3,0,0
2023-01-12,Smartphone Ultra,West,16,749.45,11991.2,0,0
2023-01-12,Smartphone Ultra,South,8,755.57,6044.56,0,0
2023-01-12,Smartphone Ultra,East,10,749.75,7497.5,0,0
2023-01-12,Wireless Noise-Canceling Headphones,North,17,178.34,3031.78,0,0
2023-01-12,Wireless Noise-Canceling Headphones,West,31,179.68,5570.08,0,0
2023-01-12,Wireless Noise-Canceling Headphones,South,21,180.72,3795.12,0,0
2023-01-12,Wireless Noise-Canceling Headphones,East,16,182.59,2921.44,0,0
2023-01-12,Smart Fitness Watch,North,24,219.83,5275.92,0,0
2023-01-12,Smart Fitness Watch,West,12,224.28,2691.36,0,0
2023-01-12,Smart Fitness Watch,South,11,221.04,2431.44,0,0
2023-01-12,Smart Fitness Watch,East,16,215.69,3451.04,0,0
2023-01-12,Ergonomic Office Chair,North,5,318.68,1593.4,0,0
2023-01-12,Ergonomic Office Chair,West,6,321.75,1930.5,0,0
2023-01-12,Ergonomic Office Chair,South,4,322.68,1290.72,0,0
2023-01-12,Ergonomic Office Chair,East,9,321.84,2896.56,0,0
2023-01-13,Laptop Pro 15,North,4,1183.66,4734.64,0,0
2023-01-13,Laptop Pro 15,West,10,1223.82,12238.2,0,0
2023-01-13,Laptop Pro 15,South,5,1188.37,5941.85,0,0
2023-01-13,Laptop Pro 15,East,8,1217.62,9740.96,0,0
2023-01-13,Smartphone Ultra,North,19,756.76,14378.44,0,0
2023-01-13,Smartphone Ultra,West,17,762.02,12954.34,0,0
2023-01-13,Smartphone Ultra,South,14,752.77,10538.78,0,0
2023-01-13,Smartphone Ultra,East,18,753.69,13566.42,0,0
2023-01-13,Wireless Noise-Canceling Headphones,North,34,177.35,6029.9,0,0
2023-01-13,Wireless Noise-Canceling Headphones,West,24,183.39,4401.36,0,0
2023-01-13,Wireless Noise-Canceling Headphones,South,21,179.94,3778.74,0,0
2023-01-13,Wireless Noise-Canceling Headphones,East,21,178.99,3758.79,0,0
2023-01-13,Smart Fitness Watch,North,24,219.04,5256.96,0,0
2023-01-13,Smart Fitness Watch,West,36,221.38,7969.68,0,0
2023-01-13,Smart Fitness Watch,South,16,216.75,3468.0,0,0
2023-01-13,Smart Fitness Watch,East,12,217.09,2605.08,0,0
2023-01-13,Ergonomic Office Chair,North,10,324.21,3242.1,0,0
2023-01-13,Ergonomic Office Chair,West,6,323.03,1938.18,0,0
2023-01-13,Ergonomic Office Chair,South,9,320.4,2883.6,0,0
2023-01-13,Ergonomic Office Chair,East,5,320.09,1600.45,0,0
2023-01-14,Laptop Pro 15,North,4,1102.88,4411.52,1,0
2023-01-14,Laptop Pro 15,West,22,1099.95,24198.9,1,0
2023-01-14,Laptop Pro 15,South,10,1061.06,10610.6,1,0
2023-01-14,Laptop Pro 15,East,6,1101.47,6608.82,1,0
2023-01-14,Smartphone Ultra,North,22,660.8,14537.6,1,0
2023-01-14,Smartphone Ultra,West,36,673.86,24258.96,1,0
2023-01-14,Smartphone Ultra,South,28,669.94,18758.32,1,0
2023-01-14,Smartphone Ultra,East,27,639.1,17255.7,1,0
2023-01-14,Wireless Noise-Canceling Headphones,North,68,161.52,10983.36,1,0
2023-01-14,Wireless Noise-Canceling Headphones,West,45,157.96,7108.2,1,0
2023-01-14,Wireless Noise-Canceling Headphones,South,48,161.29,7741.92,1,0
2023-01-14,Wireless Noise-Canceling Headphones,East,46,160.14,7366.44,1,0
2023-01-14,Smart Fitness Watch,North,37,197.28,7299.36,1,0
2023-01-14,Smart Fitness Watch,West,43,199.59,8582.37,1,0
2023-01-14,Smart Fitness Watch,South,24,187.09,4490.16,1,0
2023-01-14,Smart Fitness Watch,East,24,193.1,4634.4,1,0
2023-01-14,Ergonomic Office Chair,North,20,282.05,5641.0,1,0
2023-01-14,Ergonomic Office Chair,West,13,277.09,3602.17,1,0
2023-01-14,Ergonomic Office Chair,South,16,282.38,4518.08,1,0
2023-01-14,Ergonomic Office Chair,East,11,283.63,3119.93,1,0
2023-01-15,Laptop Pro 15,North,13,1048.66,13632.58,1,0
2023-01-15,Laptop Pro 15,West,11,1068.73,11756.03,1,0
2023-01-15,Laptop Pro 15,South,11,1084.25,11926.75,1,0
2023-01-15,Laptop Pro 15,East,5,1074.39,5371.95,1,0
2023-01-15,Smartphone Ultra,North,39,686.17,26760.63,1,0
2023-01-15,Smartphone Ultra,West,27,663.01,17901.27,1,0
2023-01-15,Smartphone Ultra,South,21,653.63,13726.23,1,0
2023-01-15,Smartphone Ultra,East,26,653.84,16999.84,1,0
2023-01-15,Wireless Noise-Canceling Headphones,North,57,156.44,8917.08,1,0
2023-01-15,Wireless Noise-Canceling Headphones,West,50,155.28,7764.0,1,0
2023-01-15,Wireless Noise-Canceling Headphones,South,49,159.62,7821.38,1,0
2023-01-15,Wireless Noise-Canceling Headphones,East,42,160.15,6726.3,1,0
2023-01-15,Smart Fitness Watch,North,39,195.47,7623.33,1,0
2023-01-15,Smart Fitness Watch,West,51,199.62,10180.62,1,0
2023-01-15,Smart Fitness Watch,South,40,190.27,7610.8,1,0
2023-01-15,Smart Fitness Watch,East,29,199.93,5797.97,1,0
2023-01-15,Ergonomic Office Chair,North,24,277.31,6655.44,1,0
2023-01-15,Ergonomic Office Chair,West,20,290.43,5808.6,1,0
2023-01-15,Ergonomic Office Chair,South,13,274.14,3563.82,1,0
2023-01-15,Ergonomic Office Chair,East,13,285.14,3706.82,1,0
2023-01-16,Laptop Pro 15,North,5,1206.81,6034.05,0,0
2023-01-16,Laptop Pro 15,West,7,1209.37,8465.59,0,0
2023-01-16,Laptop Pro 15,South,6,1210.77,7264.62,0,0
2023-01-16,Laptop Pro 15,East,3,1218.92,3656.76,0,0
2023-01-16,Smartphone Ultra,North,11,741.8,8159.8,0,0
2023-01-16,Smartphone Ultra,West,13,750.57,9757.41,0,0
2023-01-16,Smartphone Ultra,South,10,761.4,7614.0,0,0
2023-01-16,Smartphone Ultra,East,12,744.73,8936.76,0,0
2023-01-16,Wireless Noise-Canceling Headphones,North,25,183.56,4589.0,0,0
2023-01-16,Wireless Noise-Canceling Headphones,West,29,181.66,5268.14,0,0
2023-01-16,Wireless Noise-Canceling Headphones,South,22,180.45,3969.9,0,0
2023-01-16,Wireless Noise-Canceling Headphones,East,30,181.37,5441.1,0,0
2023-01-16,Smart Fitness Watch,North,15,216.45,3246.75,0,0
2023-01-16,Smart Fitness Watch,West,18,218.66,3935.88,0,0
2023-01-16,Smart Fitness Watch,South,18,223.76,4027.68,0,0
2023-01-16,Smart Fitness Watch,East,10,216.94,2169.4,0,0
2023-01-16,Ergonomic Office Chair,North,12,317.48,3809.76,0,0
2023-01-16,Ergonomic Office Chair,West,8,320.2,2561.6,0,0
2023-01-16,Ergonomic Office Chair,South,13,314.64,4090.32,0,0
2023-01-16,Ergonomic Office Chair,East,7,324.63,2272.41,0,0
2023-01-17,Laptop Pro 15,North,7,1193.64,8355.48,0,0
2023-01-17,Laptop Pro 15,West,1,1182.49,1182.49,0,0
2023-01-17,Laptop Pro 15,South,7,1206.76,8447.32,0,0
2023-01-17,Laptop Pro 15,East,4,1213.48,4853.92,0,0
2023-01-17,Smartphone Ultra,North,15,764.85,11472.75,0,0
2023-01-17,Smartphone Ultra,West,10,744.1,7441.0,0,0
2023-01-17,Smartphone Ultra,South,7,736.87,5158.09,0,0
2023-01-17,Smartphone Ultra,East,14,744.19,10418.66,0,0
2023-01-17,Wireless Noise-Canceling Headphones,North,29,179.47,5204.63,0,0
2023-01-17,Wireless Noise-Canceling Headphones,West,25,179.05,4476.25,0,0
2023-01-17,Wireless Noise-Canceling Headphones,South,21,181.68,3815.28,0,0
2023-01-17,Wireless Noise-Canceling Headphones,East,23,179.4,4126.2,0,0
2023-01-17,Smart Fitness Watch,North,19,217.89,4139.91,0,0
2023-01-17,Smart Fitness Watch,West,22,220.31,4846.82,0,0
2023-01-17,Smart Fitness Watch,South,12,217.72,2612.64,0,0
2023-01-17,Smart Fitness Watch,East,23,216.57,4981.11,0,0
2023-01-17,Ergonomic Office Chair,North,9,318.65,2867.85,0,0
2023-01-17,Ergonomic Office Chair,West,10,325.14,3251.4,0,0
2023-01-17,Ergonomic Office Chair,South,8,323.04,2584.32,0,0
2023-01-17,Ergonomic Office Chair,East,3,322.77,968.31,0,0
2023-01-18,Laptop Pro 15,North,2,1221.91,2443.82,0,0
2023-01-18,Laptop Pro 15,West,7,1180.72,8265.04,0,0
2023-01-18,Laptop Pro 15,South,3,1179.94,3539.82,0,0
2023-01-18,Laptop Pro 15,East,6,1205.52,7233.12,0,0
2023-01-18,Smartphone Ultra,North,19,750.91,14267.29,0,0
2023-01-18,Smartphone Ultra,West,18,764.4,13759.2,0,0
2023-01-18,Smartphone Ultra,South,14,757.44,10604.16,0,0
2023-01-18,Smartphone Ultra,East,14,738.84,10343.76,0,0
2023-01-18,Wireless Noise-Canceling Headphones,North,25,178.02,4450.5,0,0
2023-01-18,Wireless Noise-Canceling Headphones,West,24,179.56,4309.44,0,0
2023-01-18,Wireless Noise-Canceling Headphones,South,19,177.82,3378.58,0,0
2023-01-18,Wireless Noise-Canceling Headphones,East,25,178.46,4461.5,0,0
2023-01-18,Smart Fitness Watch,North,16,219.65,3514.4,0,0
2023-01-18,Smart Fitness Watch,West,24,222.43,5338.32,0,0
2023-01-18,Smart Fitness Watch,South,18,220.4,3967.2,0,0
2023-01-18,Smart Fitness Watch,East,5,216.76,1083.8,0,0
2023-01-18,Ergonomic Office Chair,North,15,319.51,4792.65,0,0
2023-01-18,Ergonomic Office Chair,West,4,318.74,1274.96,0,0
2023-01-18,Ergonomic Office Chair,South,9,323.34,2910.06,0,0
2023-01-18,Ergonomic Office Chair,East,4,317.78,1271.12,0,0
2023-01-19,Laptop Pro 15,North,9,1195.81,10762.29,0,0
2023-01-19,Laptop Pro 15,West,2,1193.06,2386.12,0,0
2023-01-19,Laptop Pro 15,South,5,1203.84,6019.2,0,0
2023-01-19,Laptop Pro 15,East,8,1178.81,9430.48,0,0
2023-01-19,Smartphone Ultra,North,13,756.23,9830.99,0,0
2023-01-19,Smartphone Ultra,West,18,748.21,13467.78,0,0
2023-01-19,Smartphone Ultra,South,8,748.02,5984.16,0,0
2023-01-19,Smartphone Ultra,East,5,752.95,3764.75,0,0
2023-01-19,Wireless Noise-Canceling Headphones,North,37,179.43,6638.91,0,0
2023-01-19,Wireless Noise-Canceling Headphones,West,28,177.25,4963.0,0,0
2023-01-19,Wireless Noise-Canceling Headphones,South,21,179.16,3762.36,0,0
2023-01-19,Wireless Noise-Canceling Headphones,East,20,177.73,3554.6,0,0
2023-01-19,Smart Fitness Watch,North,18,215.83,3884.94,0,0
2023-01-19,Smart Fitness Watch,West,16,218.23,3491.68,0,0
2023-01-19,Smart Fitness Watch,South,24,219.38,5265.12,0,0
2023-01-19,Smart Fitness Watch,East,10,219.63,2196.3,0,0
2023-01-19,Ergonomic Office Chair,North,8,321.41,2571.28,0,0
2023-01-19,Ergonomic Office Chair,West,6,316.95,1901.7,0,0
2023-01-19,Ergonomic Office Chair,South,7,319.84,2238.88,0,0
2023-01-19,Ergonomic Office Chair,East,1,325.2,325.2,0,0
2023-01-20,Laptop Pro 15,North,5,1207.86,6039.3,0,0
2023-01-20,Laptop Pro 15,West,8,1207.4,9659.2,0,0
2023-01-20,Laptop Pro 15,South,6,1183.26,7099.56,0,0
2023-01-20,Laptop Pro 15,East,5,1217.29,6086.45,0,0
2023-01-20,Smartphone Ultra,North,21,756.24,15881.04,0,0
2023-01-20,Smartphone Ultra,West,18,748.75,13477.5,0,0
2023-01-20,Smartphone Ultra,South,14,763.37,10687.18,0,0
2023-01-20,Smartphone Ultra,East,12,754.53,9054.36,0,0
2023-01-20,Wireless Noise-Canceling Headphones,North,32,180.09,5762.88,0,0
2023-01-20,Wireless Noise-Canceling Headphones,West,36,176.77,6363.72,0,0
2023-01-20,Wireless Noise-Canceling Headphones,South,31,178.26,5526.06,0,0
2023-01-20,Wireless Noise-Canceling Headphones,East,17,181.85,3091.45,0,0
2023-01-20,Smart Fitness Watch,North,23,223.32,5136.36,0,0
2023-01-20,Smart Fitness Watch,West,18,224.27,4036.86,0,0
2023-01-20,Smart Fitness Watch,South,23,216.17,4971.91,0,0
2023-01-20,Smart Fitness Watch,East,15,220.34,3305.1,0,0
2023-01-20,Ergonomic Office Chair,North,10,322.01,3220.1,0,0
2023-01-20,Ergonomic Office Chair,West,14,322.51,4515.14,0,0
2023-01-20,Ergonomic Office Chair,South,10,315.55,3155.5,0,0
2023-01-20,Ergonomic Office Chair,East,11,324.89,3573.79,0,0
2023-01-21,Laptop Pro 15,North,7,1211.11,8477.77,0,0
2023-01-21,Laptop Pro 15,West,12,1184.34,14212.08,0,0
2023-01-21,Laptop Pro 15,South,6,1211.94,7271.64,0,0
2023-01-21,Laptop Pro 15,East,9,1208.94,10880.46,0,0
2023-01-21,Smartphone Ultra,North,13,760.67,9888.71,0,0
2023-01-21,Smartphone Ultra,West,16,743.38,11894.08,0,0
2023-01-21,Smartphone Ultra,South,19,750.38,14257.22,0,0
2023-01-21,Smartphone Ultra,East,12,736.0,8832.0,0,0
2023-01-21,Wireless Noise-Canceling Headphones,North,34,183.16,6227.44,0,0
2023-01-21,Wireless Noise-Canceling Headphones,West,44,182.08,8011.52,0,0
2023-01-21,Wireless Noise-Canceling Headphones,South,34,182.93,6219.62,0,0
2023-01-21,Wireless Noise-Canceling Headphones,East,29,177.2,5138.8,0,0
2023-01-21,Smart Fitness Watch,North,26,223.21,5803.46,0,0
2023-01-21,Smart Fitness Watch,West,27,224.2,6053.4,0,0
2023-01-21,Smart Fitness Watch,South,15,215.97,3239.55,0,0
2023-01-21,Smart Fitness Watch,East,16,218.17,3490.72,0,0
2023-01-21,Ergonomic Office Chair,North,15,325.92,4888.8,0,0
2023-01-21,Ergonomic Office Chair,West,14,324.22,4539.08,0,0
2023-01-21,Ergonomic Office Chair,South,7,319.6,2237.2,0,0
2023-01-21,Ergonomic Office Chair,East,9,325.02,2925.18,0,0
2023-01-22,Laptop Pro 15,North,4,1203.97,4815.88,0,0
2023-01-22,Laptop Pro 15,West,7,1219.66,8537.62,0,0
2023-01-22,Laptop Pro 15,South,14,1209.73,16936.22,0,0
2023-01-22,Laptop Pro 15,East,5,1221.63,6108.15,0,0
2023-01-22,Smartphone Ultra,North,22,750.19,16504.18,0,0
2023-01-22,Smartphone Ultra,West,22,742.63,16337.86,0,0
2023-01-22,Smartphone Ultra,South,16,736.37,11781.92,0,0
2023-01-22,Smartphone Ultra,East,10,764.15,7641.5,0,0
2023-01-22,Wireless Noise-Canceling Headphones,North,34,177.81,6045.54,0,0
2023-01-22,Wireless Noise-Canceling Headphones,West,38,177.89,6759.82,0,0
2023-01-22,Wireless Noise-Canceling Headphones,South,31,176.46,5470.26,0,0
2023-01-22,Wireless Noise-Canceling Headphones,East,21,177.18,3720.78,0,0
2023-01-22,Smart Fitness Watch,North,24,220.63,5295.12,0,0
2023-01-22,Smart Fitness Watch,West,26,223.8,5818.8,0,0
2023-01-22,Smart Fitness Watch,South,21,221.03,4641.63,0,0
2023-01-22,Smart Fitness Watch,East,13,220.07,2860.91,0,0
2023-01-22,Ergonomic Office Chair,North,17,322.59,5484.03,0,0
2023-01-22,Ergonomic Office Chair,West,9,319.0,2871.0,0,0
2023-01-22,Ergonomic Office Chair,South,9,314.25,2828.25,0,0
2023-01-22,Ergonomic Office Chair,East,6,318.32,1909.92,0,0
2023-01-23,Laptop Pro 15,North,4,1193.03,4772.12,0,0
2023-01-23,Laptop Pro 15,West,5,1206.53,6032.65,0,0
2023-01-23,Laptop Pro 15,South,6,1201.63,7209.78,0,0
2023-01-23,Laptop Pro 15,East,1,1196.26,1196.26,0,0
2023-01-23,Smartphone Ultra,North,13,752.32,9780.16,0,0
2023-01-23,Smartphone Ultra,West,6,751.76,4510.56,0,0
2023-01-23,Smartphone Ultra,South,11,754.57,8300.27,0,0
2023-01-23,Smartphone Ultra,East,10,743.26,7432.6,0,0
2023-01-23,Wireless Noise-Canceling Headphones,North,24,179.61,4310.64,0,0
2023-01-23,Wireless Noise-Canceling Headphones,West,25,180.59,4514.75,0,0
2023-01-23,Wireless Noise-Canceling Headphones,South,21,181.48,3811.08,0,0
2023-01-23,Wireless Noise-Canceling Headphones,East,22,177.6,3907.2,0,0
2023-01-23,Smart Fitness Watch,North,19,223.43,4245.17,0,0
2023-01-23,Smart Fitness Watch,West,17,215.82,3668.94,0,0
2023-01-23,Smart Fitness Watch,South,18,218.6,3934.8,0,0
2023-01-23,Smart Fitness Watch,East,7,218.34,1528.38,0,0
2023-01-23,Ergonomic Office Chair,North,9,320.07,2880.63,0,0
2023-01-23,Ergonomic Office Chair,West,4,315.65,1262.6,0,0
2023-01-23,Ergonomic Office Chair,South,5,325.84,1629.2,0,0
2023-01-23,Ergonomic Office Chair,East,9,320.53,2884.77,0,0
2023-01-24,Laptop Pro 15,North,7,1185.34,8297.38,0,0
2023-01-24,Laptop Pro 15,West,5,1203.86,6019.3,0,0
2023-01-24,Laptop Pro 15,South,7,1203.33,8423.31,0,0
2023-01-24,Laptop Pro 15,East,3,1198.83,3596.49,0,0
2023-01-24,Smartphone Ultra,North,16,763.92,12222.72,0,0
2023-01-24,Smartphone Ultra,West,21,751.0,15771.0,0,0
2023-01-24,Smartphone Ultra,South,17,758.72,12898.24,0,0
2023-01-24,Smartphone Ultra,East,17,748.88,12730.96,0,0
2023-01-24,Wireless Noise-Canceling Headphones,North,34,179.1,6089.4,0,0
2023-01-24,Wireless Noise-Canceling Headphones,West,23,181.88,4183.24,0,0
2023-01-24,Wireless Noise-Canceling Headphones,South,21,179.94,3778.74,0,0
2023-01-24,Wireless Noise-Canceling Headphones,East,20,183.46,3669.2,0,0
2023-01-24,Smart Fitness Watch,North,18,222.33,4001.94,0,0
2023-01-24,Smart Fitness Watch,West,15,223.11,3346.65,0,0
2023-01-24,Smart Fitness Watch,South,16,223.46,3575.36,0,0
2023-01-24,Smart Fitness Watch,East,13,221.11,2874.43,0,0
2023-01-24,Ergonomic Office Chair,North,7,318.19,2227.33,0,0
2023-01-24,Ergonomic Office Chair,West,7,317.37,2221.59,0,0
2023-01-24,Ergonomic Office Chair,South,5,323.44,1617.2,0,0
2023-01-24,Ergonomic Office Chair,East,6,318.82,1912.92,0,0
2023-01-25,Laptop Pro 15,North,3,1214.8,3644.4,0,0
2023-01-25,Laptop Pro 15,West,5,1200.03,6000.15,0,0
2023-01-25,Laptop Pro 15,South,3,1195.34,3586.02,0,0
2023-01-25,Laptop Pro 15,East,5,1219.49,6097.45,0,0
2023-01-25,Smartphone Ultra,North,13,741.78,9643.14,0,0
2023-01-25,Smartphone Ultra,West,16,754.43,12070.88,0,0
2023-01-25,Smartphone Ultra,South,13,752.58,9783.54,0,0
2023-01-25,Smartphone Ultra,East,12,755.48,9065.76,0,0
2023-01-25,Wireless Noise-Canceling Headphones,North,23,182.32,4193.36,0,0
2023-01-25,Wireless Noise-Canceling Headphones,West,31,180.15,5584.65,0,0
2023-01-25,Wireless Noise-Canceling Headphones,South,17,178.35,3031.95,0,0
2023-01-25,Wireless Noise-Canceling Headphones,East,19,177.36,3369.84,0,0
2023-01-25,Smart Fitness Watch,North,21,222.19,4665.99,0,0
2023-01-25,Smart Fitness Watch,West,16,220.1,3521.6,0,0
2023-01-25,Smart Fitness Watch,South,7,221.82,1552.74,0,0
2023-01-25,Smart Fitness Watch,East,17,216.5,3680.5,0,0
2023-01-25,Ergonomic Office Chair,North,12,318.56,3822.72,0,0
2023-01-25,Ergonomic Office Chair,West,5,325.97,1629.85,0,0
2023-01-25,Ergonomic Office Chair,South,7,318.21,2227.47,0,0
2023-01-25,Ergonomic Office Chair,East,7,323.42,2263.94,0,0
2023-01-26,Laptop Pro 15,North,10,1182.56,11825.6,0,0
2023-01-26,Laptop Pro 15,West,8,1193.65,9549.2,0,0
2023-01-26,Laptop Pro 15,South,2,1188.84,2377.68,0,0
2023-01-26,Laptop Pro 15,East,2,1192.19,2384.38,0,0
2023-01-26,Smartphone Ultra,North,14,747.13,10459.82,0,0
2023-01-26,Smartphone Ultra,West,15,735.3,11029.5,0,0
2023-01-26,Smartphone Ultra,South,13,744.36,9676.68,0,0
2023-01-26,Smartphone Ultra,East,6,758.1,4548.6,0,0
2023-01-26,Wireless Noise-Canceling Headphones,North,33,178.31,5884.23,0,0
2023-01-26,Wireless Noise-Canceling Headphones,West,31,178.91,5546.21,0,0
2023-01-26,Wireless Noise-Canceling Headphones,South,21,178.56,3749.76,0,0
2023-01-26,Wireless Noise-Canceling Headphones,East,24,182.87,4388.88,0,0
2023-01-26,Smart Fitness Watch,North,19,218.27,4147.13,0,0
2023-01-26,Smart Fitness Watch,West,11,217.77,2395.47,0,0
2023-01-26,Smart Fitness Watch,South,16,219.77,3516.32,0,0
2023-01-26,Smart Fitness Watch,East,21,224.32,4710.72,0,0
2023-01-26,Ergonomic Office Chair,North,6,321.57,1929.42,0,0
2023-01-26,Ergonomic Office Chair,West,10,319.62,3196.2,0,0
2023-01-26,Ergonomic Office Chair,South,4,321.68,1286.72,0,0
2023-01-26,Ergonomic Office Chair,East,7,317.12,2219.84,0,0
2023-01-27,Laptop Pro 15,North,6,1186.04,7116.24,0,0
2023-01-27,Laptop Pro 15,West,12,1188.46,14261.52,0,0
2023-01-27,Laptop Pro 15,South,6,1219.58,7317.48,0,0
2023-01-27,Laptop Pro 15,East,8,1206.75,9654.0,0,0
2023-01-27,Smartphone Ultra,North,20,751.95,15039.0,0,0
2023-01-27,Smartphone Ultra,West,21,735.36,15442.56,0,0
2023-01-27,Smartphone Ultra,South,22,754.03,16588.66,0,0
2023-01-27,Smartphone Ultra,East,9,760.44,6843.96,0,0
2023-01-27,Wireless Noise-Canceling Headphones,North,36,179.49,6461.64,0,0
2023-01-27,Wireless Noise-Canceling Headphones,West,33,178.48,5889.84,0,0
2023-01-27,Wireless Noise-Canceling Headphones,South,25,183.55,4588.75,0,0
2023-01-27,Wireless Noise-Canceling Headphones,East,20,181.83,3636.6,0,0
2023-01-27,Smart Fitness Watch,North,24,222.53,5340.72,0,0
2023-01-27,Smart Fitness Watch,West,18,218.76,3937.68,0,0
2023-01-27,Smart Fitness Watch,South,21,217.29,4563.09,0,0
2023-01-27,Smart Fitness Watch,East,23,220.05,5061.15,0,0
2023-01-27,Ergonomic Office Chair,North,7,314.06,2198.42,0,0
2023-01-27,Ergonomic Office Chair,West,15,319.7,4795.5,0,0
2023-01-27,Ergonomic Office Chair,South,7,314.48,2201.36,0,0
2023-01-27,Ergonomic Office Chair,East,12,319.04,3828.48,0,0
2023-01-28,Laptop Pro 15,North,3,1196.0,3588.0,0,0
2023-01-28,Laptop Pro 15,West,6,1176.07,7056.42,0,0
2023-01-28,Laptop Pro 15,South,11,1193.81,13131.91,0,0
2023-01-28,Laptop Pro 15,East,10,1213.47,12134.7,0,0
2023-01-28,Smartphone Ultra,North,10,753.05,7530.5,0,0
2023-01-28,Smartphone Ultra,West,17,757.77,12882.09,0,0
2023-01-28,Smartphone Ultra,South,11,750.27,8252.97,0,0
2023-01-28,Smartphone Ultra,East,13,759.83,9877.79,0,0
2023-01-28,Wireless Noise-Canceling Headphones,North,41,179.72,7368.52,0,0
2023-01-28,Wireless Noise-Canceling Headphones,West,46,181.65,8355.9,0,0
2023-01-28,Wireless Noise-Canceling Headphones,South,38,182.21,6923.98,0,0
2023-01-28,Wireless Noise-Canceling Headphones,East,21,178.82,3755.22,0,0
2023-01-28,Smart Fitness Watch,North,30,220.55,6616.5,0,0
2023-01-28,Smart Fitness Watch,West,37,218.95,8101.15,0,0
2023-01-28,Smart Fitness Watch,South,17,222.06,3775.02,0,0
2023-01-28,Smart Fitness Watch,East,17,222.98,3790.66,0,0
2023-01-28,Ergonomic Office Chair,North,22,316.61,6965.42,0,0
2023-01-28,Ergonomic Office Chair,West,8,320.67,2565.36,0,0
2023-01-28,Ergonomic Office Chair,South,10,320.92,3209.2,0,0
2023-01-28,Ergonomic Office Chair,East,5,317.28,1586.4,0,0
2023-01-29,Laptop Pro 15,North,8,1196.77,9574.16,0,0
2023-01-29,Laptop Pro 15,West,9,1212.05,10908.45,0,0
2023-01-29,Laptop Pro 15,South,5,1200.9,6004.5,0,0
2023-01-29,Laptop Pro 15,East,6,1192.63,7155.78,0,0
2023-01-29,Smartphone Ultra,North,20,741.16,14823.2,0,0
2023-01-29,Smartphone Ultra,West,20,743.62,14872.4,0,0
2023-01-29,Smartphone Ultra,South,19,737.27,14008.13,0,0
2023-01-29,Smartphone Ultra,East,23,737.76,16968.48,0,0
2023-01-29,Wireless Noise-Canceling Headphones,North,39,181.07,7061.73,0,0
2023-01-29,Wireless Noise-Canceling Headphones,West,32,183.35,5867.2,0,0
2023-01-29,Wireless Noise-Canceling Headphones,South,27,181.49,4900.23,0,0
2023-01-29,Wireless Noise-Canceling Headphones,East,28,178.35,4993.8,0,0
2023-01-29,Smart Fitness Watch,North,29,223.93,6493.97,0,0
2023-01-29,Smart Fitness Watch,West,18,223.91,4030.38,0,0
2023-01-29,Smart Fitness Watch,South,18,221.77,3991.86,0,0
2023-01-29,Smart Fitness Watch,East,21,215.74,4530.54,0,0
2023-01-29,Ergonomic Office Chair,North,13,319.36,4151.68,0,0
2023-01-29,Ergonomic Office Chair,West,20,324.35,6487.0,0,0
2023-01-29,Ergonomic Office Chair,South,5,314.79,1573.95,0,0
2023-01-29,Ergonomic Office Chair,East,6,321.15,1926.9,0,0
2023-01-30,Laptop Pro 15,North,5,1218.12,6090.6,0,0
2023-01-30,Laptop Pro 15,West,3,1189.0,3567.0,0,0
2023-01-30,Laptop Pro 15,South,4,1208.3,4833.2,0,0
2023-01-30,Laptop Pro 15,East,7,1205.61,8439.27,0,0
2023-01-30,Smartphone Ultra,North,18,750.64,13511.52,0,0
2023-01-30,Smartphone Ultra,West,8,762.62,6100.96,0,0
2023-01-30,Smartphone Ultra,South,14,743.07,10402.98,0,0
2023-01-30,Smartphone Ultra,East,9,754.99,6794.91,0,0
2023-01-30,Wireless Noise-Canceling Headphones,North,32,180.94,5790.08,0,0
2023-01-30,Wireless Noise-Canceling Headphones,West,22,179.48,3948.56,0,0
2023-01-30,Wireless Noise-Canceling Headphones,South,22,183.14,4029.08,0,0
2023-01-30,Wireless Noise-Canceling Headphones,East,11,178.51,1963.61,0,0
2023-01-30,Smart Fitness Watch,North,19,218.25,4146.75,0,0
2023-01-30,Smart Fitness Watch,West,19,219.92,4178.48,0,0
2023-01-30,Smart Fitness Watch,South,24,222.33,5335.92,0,0
2023-01-30,Smart Fitness Watch,East,13,217.89,2832.57,0,0
2023-01-30,Ergonomic Office Chair,North,7,315.01,2205.07,0,0
2023-01-30,Ergonomic Office Chair,West,9,325.3,2927.7,0,0
2023-01-30,Ergonomic Office Chair,South,9,316.08,2844.72,0,0
2023-01-30,Ergonomic Office Chair,East,9,322.48,2902.32,0,0
2023-01-31,Laptop Pro 15,North,3,1210.5,3631.5,0,0
2023-01-31,Laptop Pro 15,West,4,1183.96,4735.84,0,0
2023-01-31,Laptop Pro 15,South,4,1200.92,4803.68,0,0
2023-01-31,Laptop Pro 15,East,2,1194.77,2389.54,0,0
2023-01-31,Smartphone Ultra,North,12,763.8,9165.6,0,0
2023-01-31,Smartphone Ultra,West,16,747.47,11959.52,0,0
2023-01-31,Smartphone Ultra,South,12,755.89,9070.68,0,0
2023-01-31,Smartphone Ultra,East,13,750.0,9750.0,0,0
2023-01-31,Wireless Noise-Canceling Headphones,North,26,180.95,4704.7,0,0
2023-01-31,Wireless Noise-Canceling Headphones,West,27,180.76,4880.52,0,0
2023-01-31,Wireless Noise-Canceling Headphones,South,16,177.43,2838.88,0,0
2023-01-31,Wireless Noise-Canceling Headphones,East,22,179.22,3942.84,0,0
2023-01-31,Smart Fitness Watch,North,26,220.07,5721.82,0,0
2023-01-31,Smart Fitness Watch,West,18,222.58,4006.44,0,0
2023-01-31,Smart Fitness Watch,South,9,220.53,1984.77,0,0
2023-01-31,Smart Fitness Watch,East,15,217.83,3267.45,0,0
2023-01-31,Ergonomic Office Chair,North,9,315.95,2843.55,0,0
2023-01-31,Ergonomic Office Chair,West,8,324.83,2598.64,0,0
2023-01-31,Ergonomic Office Chair,South,5,318.41,1592.05,0,0
2023-01-31,Ergonomic Office Chair,East,7,314.48,2201.36,0,0
2023-02-01,Laptop Pro 15,North,5,1186.45,5932.25,0,0
2023-02-01,Laptop Pro 15,West,2,1214.62,2429.24,0,0
2023-02-01,Laptop Pro 15,South,8,1182.74,9461.92,0,0
2023-02-01,Laptop Pro 15,East,5,1212.0,6060.0,0,0
2023-02-01,Smartphone Ultra,North,17,761.67,12948.39,0,0
2023-02-01,Smartphone Ultra,West,16,739.69,11835.04,0,0
2023-02-01,Smartphone Ultra,South,12,743.13,8917.56,0,0
2023-02-01,Smartphone Ultra,East,7,742.25,5195.75,0,0
2023-02-01,Wireless Noise-Canceling Headphones,North,23,182.94,4207.62,0,0
2023-02-01,Wireless Noise-Canceling Headphones,West,26,176.95,4600.7,0,0
2023-02-01,Wireless Noise-Canceling Headphones,South,26,182.32,4740.32,0,0
2023-02-01,Wireless Noise-Canceling Headphones,East,21,178.36,3745.56,0,0
2023-02-01,Smart Fitness Watch,North,22,223.86,4924.92,0,0
2023-02-01,Smart Fitness Watch,West,21,217.97,4577.37,0,0
2023-02-01,Smart Fitness Watch,South,12,217.52,2610.24,0,0
2023-02-01,Smart Fitness Watch,East,15,221.43,3321.45,0,0
2023-02-01,Ergonomic Office Chair,North,8,316.92,2535.36,0,0
2023-02-01,Ergonomic Office Chair,West,4,322.14,1288.56,0,0
2023-02-01,Ergonomic Office Chair,South,10,314.81,3148.1,0,0
2023-02-01,Ergonomic Office Chair,East,7,318.86,2232.02,0,0
2023-02-02,Laptop Pro 15,North,2,1213.62,2427.24,0,0
2023-02-02,Laptop Pro 15,West,4,1212.69,4850.76,0,0
2023-02-02,Laptop Pro 15,South,6,1217.49,7304.94,0,0
2023-02-02,Laptop Pro 15,East,7,1204.65,8432.55,0,0
2023-02-02,Smartphone Ultra,North,14,741.35,10378.9,0,0
2023-02-02,Smartphone Ultra,West,17,736.6,12522.2,0,0
2023-02-02,Smartphone Ultra,South,12,755.33,9063.96,0,0
2023-02-02,Smartphone Ultra,East,7,755.73,5290.11,0,0
2023-02-02,Wireless Noise-Canceling Headphones,North,31,178.38,5529.78,0,0
2023-02-02,Wireless Noise-Canceling Headphones,West,20,180.71,3614.2,0,0
2023-02-02,Wireless Noise-Canceling Headphones,South,18,179.68,3234.24,0,0
2023-02-02,Wireless Noise-Canceling Headphones,East,21,177.62,3730.02,0,0
2023-02-02,Smart Fitness Watch,North,21,222.98,4682.58,0,0
2023-02-02,Smart Fitness Watch,West,19,219.14,4163.66,0,0
2023-02-02,Smart Fitness Watch,South,11,218.04,2398.44,0,0
2023-02-02,Smart Fitness Watch,East,20,220.82,4416.4,0,0
2023-02-02,Ergonomic Office Chair,North,4,321.37,1285.48,0,0
2023-02-02,Ergonomic Office Chair,West,11,325.09,3575.99,0,0
2023-02-02,Ergonomic Office Chair,South,6,326.08,1956.48,0,0
2023-02-02,Ergonomic Office Chair,East,5,316.3,1581.5,0,0
2023-02-03,Laptop Pro 15,North,5,1222.71,6113.55,0,0
2023-02-03,Laptop Pro 15,West,8,1188.31,9506.48,0,0
2023-02-03,Laptop Pro 15,South,5,1192.45,5962.25,0,0
2023-02-03,Laptop Pro 15,East,4,1203.04,4812.16,0,0
2023-02-03,Smartphone Ultra,North,22,752.42,16553.24,0,0
2023-02-03,Smartphone Ultra,West,17,753.72,12813.24,0,0
2023-02-03,Smartphone Ultra,South,12,737.47,8849.64,0,0
2023-02-03,Smartphone Ultra,East,12,759.67,9116.04,0,0
2023-02-03,Wireless Noise-Canceling Headphones,North,20,179.7,3594.0,0,0
2023-02-03,Wireless Noise-Canceling Headphones,West,34,181.2,6160.8,0,0
2023-02-03,Wireless Noise-Canceling Headphones,South,23,182.45,4196.35,0,0
2023-02-03,Wireless Noise-Canceling Headphones,East,20,179.92,3598.4,0,0
2023-02-03,Smart Fitness Watch,North,27,219.85,5935.95,0,0
2023-02-03,Smart Fitness Watch,West,27,223.17,6025.59,0,0
2023-02-03,Smart Fitness Watch,South,18,219.6,3952.8,0,0
2023-02-03,Smart Fitness Watch,East,19,217.33,4129.27,0,0
2023-02-03,Ergonomic Office Chair,North,17,320.87,5454.79,0,0
2023-02-03,Ergonomic Office Chair,West,10,316.4,3164.0,0,0
2023-02-03,Ergonomic Office Chair,South,10,320.73,3207.3,0,0
2023-02-03,Ergonomic Office Chair,East,7,316.97,2218.79,0,0
2023-02-04,Laptop Pro 15,North,5,1198.0,5990.0,0,0
2023-02-04,Laptop Pro 15,West,6,1187.43,7124.58,0,0
2023-02-04,Laptop Pro 15,South,12,1177.46,14129.52,0,0
2023-02-04,Laptop Pro 15,East,7,1177.68,8243.76,0,0
2023-02-04,Smartphone Ultra,North,22,760.18,16723.96,0,0
2023-02-04,Smartphone Ultra,West,15,748.47,11227.05,0,0
2023-02-04,Smartphone Ultra,South,14,756.74,10594.36,0,0
2023-02-04,Smartphone Ultra,East,9,743.43,6690.87,0,0
2023-02-04,Wireless Noise-Canceling Headphones,North,31,182.17,5647.27,0,0
2023-02-04,Wireless Noise-Canceling Headphones,West,34,177.3,6028.2,0,0
2023-02-04,Wireless Noise-Canceling Headphones,South,36,181.28,6526.08,0,0
2023-02-04,Wireless Noise-Canceling Headphones,East,27,179.19,4838.13,0,0
2023-02-04,Smart Fitness Watch,North,17,222.88,3788.96,0,0
2023-02-04,Smart Fitness Watch,West,26,217.66,5659.16,0,0
2023-02-04,Smart Fitness Watch,South,20,224.06,4481.2,0,0
2023-02-04,Smart Fitness Watch,East,16,221.57,3545.12,0,0
2023-02-04,Ergonomic Office Chair,North,10,325.72,3257.2,0,0
2023-02-04,Ergonomic Office Chair,West,16,317.15,5074.4,0,0
2023-02-04,Ergonomic Office Chair,South,9,319.27,2873.43,0,0
2023-02-04,Ergonomic Office Chair,East,8,315.68,2525.44,0,0
2023-02-05,Laptop Pro 15,North,14,1176.33,16468.62,0,0
2023-02-05,Laptop Pro 15,West,11,1192.42,13116.62,0,0
2023-02-05,Laptop Pro 15,South,8,1196.82,9574.56,0,0
2023-02-05,Laptop Pro 15,East,6,1220.71,7324.26,0,0
2023-02-05,Smartphone Ultra,North,26,754.71,19622.46,0,0
2023-02-05,Smartphone Ultra,West,27,744.8,20109.6,0,0
2023-02-05,Smartphone Ultra,South,22,752.31,16550.82,0,0
2023-02-05,Smartphone Ultra,East,14,764.42,10701.88,0,0
2023-02-05,Wireless Noise-Canceling Headphones,North,32,180.68,5781.76,0,0
2023-02-05,Wireless Noise-Canceling Headphones,West,40,181.14,7245.6,0,0
2023-02-05,Wireless Noise-Canceling Headphones,South,32,177.64,5684.48,0,0
2023-02-05,Wireless Noise-Canceling Headphones,East,27,183.16,4945.32,0,0
2023-02-05,Smart Fitness Watch,North,26,216.04,5617.04,0,0
2023-02-05,Smart Fitness Watch,West,25,221.0,5525.0,0,0
2023-02-05,Smart Fitness Watch,South,19,218.76,4156.44,0,0
2023-02-05,Smart Fitness Watch,East,19,218.79,4157.01,0,0
2023-02-05,Ergonomic Office Chair,North,15,316.28,4744.2,0,0
2023-02-05,Ergonomic Office Chair,West,6,319.77,1918.62,0,0
2023-02-05,Ergonomic Office Chair,South,13,319.69,4155.97,0,0
2023-02-05,Ergonomic Office Chair,East,8,321.44,2571.52,0,0
2023-02-06,Laptop Pro 15,North,9,1188.26,10694.34,0,0
2023-02-06,Laptop Pro 15,West,5,1194.97,5974.85,0,0
2023-02-06,Laptop Pro 15,South,3,1196.12,3588.36,0,0
2023-02-06,Laptop Pro 15,East,4,1211.11,4844.44,0,0
2023-02-06,Smartphone Ultra,North,25,761.59,19039.75,0,0
2023-02-06,Smartphone Ultra,West,16,747.1,11953.6,0,0
2023-02-06,Smartphone Ultra,South,16,755.32,12085.12,0,0
2023-02-06,Smartphone Ultra,East,10,759.73,7597.3,0,0
2023-02-06,Wireless Noise-Canceling Headphones,North,21,180.29,3786.09,0,0
2023-02-06,Wireless Noise-Canceling Headphones,West,32,179.13,5732.16,0,0
2023-02-06,Wireless Noise-Canceling Headphones,South,31,182.48,5656.88,0,0
2023-02-06,Wireless Noise-Canceling Headphones,East,19,178.62,3393.78,0,0
2023-02-06,Smart Fitness Watch,North,21,215.95,4534.95,0,0
2023-02-06,Smart Fitness Watch,West,16,224.21,3587.36,0,0
2023-02-06,Smart Fitness Watch,South,27,222.01,5994.27,0,0
2023-02-06,Smart Fitness Watch,East,12,222.69,2672.28,0,0
2023-02-06,Ergonomic Office Chair,North,9,325.61,2930.49,0,0
2023-02-06,Ergonomic Office Chair,West,7,318.95,2232.65,0,0
2023-02-06,Ergonomic Office Chair,South,5,322.07,1610.35,0,0
2023-02-06,Ergonomic Office Chair,East,3,324.29,972.87,0,0
2023-02-07,Laptop Pro 15,North,6,1177.89,7067.34,0,0
2023-02-07,Laptop Pro 15,West,4,1213.79,4855.16,0,0
2023-02-07,Laptop Pro 15,South,3,1222.74,3668.22,0,0
2023-02-07,Laptop Pro 15,East,5,1202.39,6011.95,0,0
2023-02-07,Smartphone Ultra,North,7,759.97,5319.79,0,0
2023-02-07,Smartphone Ultra,West,19,741.78,14093.82,0,0
2023-02-07,Smartphone Ultra,South,7,745.12,5215.84,0,0
2023-02-07,Smartphone Ultra,East,15,741.33,11119.95,0,0
2023-02-07,Wireless Noise-Canceling Headphones,North,32,179.95,5758.4,0,0
2023-02-07,Wireless Noise-Canceling Headphones,West,25,179.24,4481.0,0,0
2023-02-07,Wireless Noise-Canceling Headphones,South,23,180.52,4151.96,0,0
2023-02-07,Wireless Noise-Canceling Headphones,East,23,177.51,4082.73,0,0
2023-02-07,Smart Fitness Watch,North,14,218.78,3062.92,0,0
2023-02-07,Smart Fitness Watch,West,18,216.1,3889.8,0,0
2023-02-07,Smart Fitness Watch,South,19,221.25,4203.75,0,0
2023-02-07,Smart Fitness Watch,East,11,223.48,2458.28,0,0
2023-02-07,Ergonomic Office Chair,North,9,323.05,2907.45,0,0
2023-02-07,Ergonomic Office Chair,West,11,317.3,3490.3,0,0
2023-02-07,Ergonomic Office Chair,South,11,323.58,3559.38,0,0
2023-02-07,Ergonomic Office Chair,East,2,324.99,649.98,0,0
2023-02-08,Laptop Pro 15,North,6,1182.05,7092.3,0,0
2023-02-08,Laptop Pro 15,West,11,1186.86,13055.46,0,0
2023-02-08,Laptop Pro 15,South,5,1182.29,5911.45,0,0
2023-02-08,Laptop Pro 15,East,4,1198.97,4795.88,0,0
2023-02-08,Smartphone Ultra,North,23,748.96,17226.08,0,0
2023-02-08,Smartphone Ultra,West,12,753.94,9047.28,0,0
2023-02-08,Smartphone Ultra,South,12,740.24,8882.88,0,0
2023-02-08,Smartphone Ultra,East,9,763.96,6875.64,0,0
2023-02-08,Wireless Noise-Canceling Headphones,North,29,180.0,5220.0,0,0
2023-02-08,Wireless Noise-Canceling Headphones,West,17,180.73,3072.41,0,0
2023-02-08,Wireless Noise-Canceling Headphones,South,20,179.33,3586.6,0,0
2023-02-08,Wireless Noise-Canceling Headphones,East,14,178.51,2499.14,0,0
2023-02-08,Smart Fitness Watch,North,20,223.52,4470.4,0,0
2023-02-08,Smart Fitness Watch,West,23,221.58,5096.34,0,0
2023-02-08,Smart Fitness Watch,South,25,215.61,5390.25,0,0
2023-02-08,Smart Fitness Watch,East,11,221.42,2435.62,0,0
2023-02-08,Ergonomic Office Chair,North,8,314.81,2518.48,0,0
2023-02-08,Ergonomic Office Chair,West,8,322.72,2581.76,0,0
2023-02-08,Ergonomic Office Chair,South,3,324.49,973.47,0,0
2023-02-08,Ergonomic Office Chair,East,7,316.68,2216.76,0,0
2023-02-09,Laptop Pro 15,North,3,1223.39,3670.17,0,0
2023-02-09,Laptop Pro 15,West,11,1182.39,13006.29,0,0
2023-02-09,Laptop Pro 15,South,9,1184.96,10664.64,0,0
2023-02-09,Laptop Pro 15,East,1,1197.27,1197.27,0,0
2023-02-09,Smartphone Ultra,North,17,740.89,12595.13,0,0
2023-02-09,Smartphone Ultra,West,9,752.57,6773.13,0,0
2023-02-09,Smartphone Ultra,South,13,736.71,9577.23,0,0
2023-02-09,Smartphone Ultra,East,6,751.33,4507.98,0,0
2023-02-09,Wireless Noise-Canceling Headphones,North,23,182.3,4192.9,0,0
2023-02-09,Wireless Noise-Canceling Headphones,West,29,178.62,5179.98,0,0
2023-02-09,Wireless Noise-Canceling Headphones,South,24,182.23,4373.52,0,0
2023-02-09,Wireless Noise-Canceling Headphones,East,20,179.03,3580.6,0,0
2023-02-09,Smart Fitness Watch,North,22,217.27,4779.94,0,0
2023-02-09,Smart Fitness Watch,West,22,218.76,4812.72,0,0
2023-02-09,Smart Fitness Watch,South,23,218.38,5022.74,0,0
2023-02-09,Smart Fitness Watch,East,16,221.55,3544.8,0,0
2023-02-09,Ergonomic Office Chair,North,10,317.94,3179.4,0,0
2023-02-09,Ergonomic Office Chair,West,9,318.56,2867.04,0,0
2023-02-09,Ergonomic Office Chair,South,9,321.3,2891.7,0,0
2023-02-09,Ergonomic Office Chair,East,5,323.0,1615.0,0,0
2023-02-10,Laptop Pro 15,North,8,1179.81,9438.48,0,0
2023-02-10,Laptop Pro 15,West,6,1204.59,7227.54,0,0
2023-02-10,Laptop Pro 15,South,6,1206.24,7237.44,0,0
2023-02-10,Laptop Pro 15,East,7,1210.66,8474.62,0,0
2023-02-10,Smartphone Ultra,North,18,763.08,13735.44,0,0
2023-02-10,Smartphone Ultra,West,19,759.29,14426.51,0,0
2023-02-10,Smartphone Ultra,South,23,764.48,17583.04,0,0
2023-02-10,Smartphone Ultra,East,7,743.41,5203.87,0,0
2023-02-10,Wireless Noise-Canceling Headphones,North,24,181.04,4344.96,0,0
2023-02-10,Wireless Noise-Canceling Headphones,West,28,180.72,5060.16,0,0
2023-02-10,Wireless Noise-Canceling Headphones,South,34,177.96,6050.64,0,0
2023-02-10,Wireless Noise-Canceling Headphones,East,21,182.31,3828.51,0,0
2023-02-10,Smart Fitness Watch,North,28,218.71,6123.88,0,0
2023-02-10,Smart Fitness Watch,West,27,222.87,6017.49,0,0
2023-02-10,Smart Fitness Watch,South,21,220.87,4638.27,0,0
2023-02-10,Smart Fitness Watch,East,15,220.36,3305.4,0,0
2023-02-10,Ergonomic Office Chair,North,11,321.61,3537.71,0,0
2023-02-10,Ergonomic Office Chair,West,8,319.26,2554.08,0,0
2023-02-10,Ergonomic Office Chair,South,4,318.69,1274.76,0,0
2023-02-10,Ergonomic Office Chair,East,6,314.51,1887.06,0,0
2023-02-11,Laptop Pro 15,North,7,1184.89,8294.23,0,0
2023-02-11,Laptop Pro 15,West,7,1182.09,8274.63,0,0
2023-02-11,Laptop Pro 15,South,7,1194.34,8360.38,0,0
2023-02-11,Laptop Pro 15,East,2,1208.18,2416.36,0,0
2023-02-11,Smartphone Ultra,North,23,749.69,17242.87,0,0
2023-02-11,Smartphone Ultra,West,19,745.06,14156.14,0,0
2023-02-11,Smartphone Ultra,South,13,763.7,9928.1,0,0
2023-02-11,Smartphone Ultra,East,16,744.46,11911.36,0,0
2023-02-11,Wireless Noise-Canceling Headphones,North,36,177.1,6375.6,0,0
2023-02-11,Wireless Noise-Canceling Headphones,West,30,181.28,5438.4,0,0
2023-02-11,Wireless Noise-Canceling Headphones,South,32,183.04,5857.28,0,0
2023-02-11,Wireless Noise-Canceling Headphones,East,17,178.92,3041.64,0,0
2023-02-11,Smart Fitness Watch,North,23,222.91,5126.93,0,0
2023-02-11,Smart Fitness Watch,West,21,219.21,4603.41,0,0
2023-02-11,Smart Fitness Watch,South,27,222.03,5994.81,0,0
2023-02-11,Smart Fitness Watch,East,18,222.93,4012.74,0,0
2023-02-11,Ergonomic Office Chair,North,8,320.62,2564.96,0,0
2023-02-11,Ergonomic Office Chair,West,10,326.36,3263.6,0,0
2023-02-11,Ergonomic Office Chair,South,10,322.17,3221.7,0,0
2023-02-11,Ergonomic Office Chair,East,9,323.1,2907.9,0,0
2023-02-12,Laptop Pro 15,North,10,1182.39,11823.9,0,0
2023-02-12,Laptop Pro 15,West,5,1199.82,5999.1,0,0
2023-02-12,Laptop Pro 15,South,5,1198.64,5993.2,0,0
2023-02-12,Laptop Pro 15,East,6,1177.08,7062.48,0,0
2023-02-12,Smartphone Ultra,North,27,761.72,20566.44,0,0
2023-02-12,Smartphone Ultra,West,22,747.89,16453.58,0,0
2023-02-12,Smartphone Ultra,South,18,743.06,13375.08,0,0
2023-02-12,Smartphone Ultra,East,11,744.19,8186.09,0,0
2023-02-12,Wireless Noise-Canceling Headphones,North,39,179.47,6999.33,0,0
2023-02-12,Wireless Noise-Canceling Headphones,West,38,177.03,6727.14,0,0
2023-02-12,Wireless Noise-Canceling Headphones,South,25,177.94,4448.5,0,0
2023-02-12,Wireless Noise-Canceling Headphones,East,23,182.25,4191.75,0,0
2023-02-12,Smart Fitness Watch,North,30,223.81,6714.3,0,0
2023-02-12,Smart Fitness Watch,West,33,220.57,7278.81,0,0
2023-02-12,Smart Fitness Watch,South,25,223.8,5595.0,0,0
2023-02-12,Smart Fitness Watch,East,16,216.03,3456.48,0,0
2023-02-12,Ergonomic Office Chair,North,9,315.37,2838.33,0,0
2023-02-12,Ergonomic Office Chair,West,16,322.24,5155.84,0,0
2023-02-12,Ergonomic Office Chair,South,15,322.2,4833.0,0,0
2023-02-12,Ergonomic Office Chair,East,10,316.14,3161.4,0,0
2023-02-13,Laptop Pro 15,North,10,1199.34,11993.4,0,0
2023-02-13,Laptop Pro 15,West,6,1217.15,7302.9,0,0
2023-02-13,Laptop Pro 15,South,8,1181.76,9454.08,0,0
2023-02-13,Laptop Pro 15,East,5,1207.79,6038.95,0,0
2023-02-13,Smartphone Ultra,North,24,760.76,18258.24,0,0
2023-02-13,Smartphone Ultra,West,10,757.26,7572.6,0,0
2023-02-13,Smartphone Ultra,South,15,761.19,11417.85,0,0
2023-02-13,Smartphone Ultra,East,7,756.52,5295.64,0,0
2023-02-13,Wireless Noise-Canceling Headphones,North,27,179.16,4837.32,0,0
2023-02-13,Wireless Noise-Canceling Headphones,West,21,180.35,3787.35,0,0
2023-02-13,Wireless Noise-Canceling Headphones,South,18,180.08,3241.44,0,0
2023-02-13,Wireless Noise-Canceling Headphones,East,20,182.37,3647.4,0,0
2023-02-13,Smart Fitness Watch,North,25,216.53,5413.25,0,0
2023-02-13,Smart Fitness Watch,West,24,221.73,5321.52,0,0
2023-02-13,Smart Fitness Watch,South,15,221.98,3329.7,0,0
2023-02-13,Smart Fitness Watch,East,8,223.4,1787.2,0,0
2023-02-13,Ergonomic Office Chair,North,9,315.38,2838.42,0,0
2023-02-13,Ergonomic Office Chair,West,6,319.24,1915.44,0,0
2023-02-13,Ergonomic Office Chair,South,6,322.09,1932.54,0,0
2023-02-13,Ergonomic Office Chair,East,8,316.89,2535.12,0,0
2023-02-14,Laptop Pro 15,North,8,1185.8,9486.4,0,0
2023-02-14,Laptop Pro 15,West,2,1219.92,2439.84,0,0
2023-02-14,Laptop Pro 15,South,4,1210.75,4843.0,0,0
2023-02-14,Laptop Pro 15,East,4,1193.99,4775.96,0,0
2023-02-14,Smartphone Ultra,North,17,738.32,12551.44,0,0
2023-02-14,Smartphone Ultra,West,11,740.7,8147.7,0,0
2023-02-14,Smartphone Ultra,South,16,748.33,11973.28,0,0
2023-02-14,Smartphone Ultra,East,13,760.84,9890.92,0,0
2023-02-14,Wireless Noise-Canceling Headphones,North,34,182.0,6188.0,0,0
2023-02-14,Wireless Noise-Canceling Headphones,West,30,180.28,5408.4,0,0
2023-02-14,Wireless Noise-Canceling Headphones,South,15,178.89,2683.35,0,0
2023-02-14,Wireless Noise-Canceling Headphones,East,17,176.4,2998.8,0,0
2023-02-14,Smart Fitness Watch,North,17,217.66,3700.22,0,0
2023-02-14,Smart Fitness Watch,West,11,220.49,2425.39,0,0
2023-02-14,Smart Fitness Watch,South,14,218.92,3064.88,0,0
2023-02-14,Smart Fitness Watch,East,14,216.54,3031.56,0,0
2023-02-14,Ergonomic Office Chair,North,7,321.73,2252.11,0,0
2023-02-14,Ergonomic Office Chair,West,6,325.83,1954.98,0,0
2023-02-14,Ergonomic Office Chair,South,4,320.15,1280.6,0,0
2023-02-14,Ergonomic Office Chair,East,9,320.57,2885.13,0,0
2023-02-15,Laptop Pro 15,North,7,1183.48,8284.36,0,0
2023-02-15,Laptop Pro 15,West,4,1189.15,4756.6,0,0
2023-02-15,Laptop Pro 15,South,4,1194.83,4779.32,0,0
2023-02-15,Laptop Pro 15,East,5,1213.21,6066.05,0,0
2023-02-15,Smartphone Ultra,North,14,740.76,10370.64,0,0
2023-02-15,Smartphone Ultra,West,21,753.76,15828.96,0,0
2023-02-15,Smartphone Ultra,South,16,745.04,11920.64,0,0
2023-02-15,Smartphone Ultra,East,9,745.68,6711.12,0,0
2023-02-15,Wireless Noise-Canceling Headphones,North,21,182.26,3827.46,0,0
2023-02-15,Wireless Noise-Canceling Headphones,West,24,177.82,4267.68,0,0
2023-02-15,Wireless Noise-Canceling Headphones,South,19,181.03,3439.57,0,0
2023-02-15,Wireless Noise-Canceling Headphones,East,20,179.01,3580.2,0,0
2023-02-15,Smart Fitness Watch,North,25,219.73,5493.25,0,0
2023-02-15,Smart Fitness Watch,West,23,216.57,4981.11,0,0
2023-02-15,Smart Fitness Watch,South,22,221.62,4875.64,0,0
2023-02-15,Smart Fitness Watch,East,12,220.97,2651.64,0,0
2023-02-15,Ergonomic Office Chair,North,5,325.26,1626.3,0,0
2023-02-15,Ergonomic Office Chair,West,3,325.45,976.35,0,0
2023-02-15,Ergonomic Office Chair,South,8,315.73,2525.84,0,0
2023-02-15,Ergonomic Office Chair,East,9,316.89,2852.01,0,0
2023-02-16,Laptop Pro 15,North,9,1219.66,10976.94,0,0
2023-02-16,Laptop Pro 15,West,13,1178.46,15319.98,0,0
2023-02-16,Laptop Pro 15,South,6,1211.97,7271.82,0,0
2023-02-16,Laptop Pro 15,East,5,1222.43,6112.15,0,0
2023-02-16,Smartphone Ultra,North,15,761.94,11429.1,0,0
2023-02-16,Smartphone Ultra,West,15,742.57,11138.55,0,0
2023-02-16,Smartphone Ultra,South,12,741.18,8894.16,0,0
2023-02-16,Smartphone Ultra,East,22,754.9,16607.8,0,0
2023-02-16,Wireless Noise-Canceling Headphones,North,34,177.5,6035.0,0,0
2023-02-16,Wireless Noise-Canceling Headphones,West,30,181.67,5450.1,0,0
2023-02-16,Wireless Noise-Canceling Headphones,South,24,181.07,4345.68,0,0
2023-02-16,Wireless Noise-Canceling Headphones,East,13,182.27,2369.51,0,0
2023-02-16,Smart Fitness Watch,North,21,219.77,4615.17,0,0
2023-02-16,Smart Fitness Watch,West,24,223.25,5358.0,0,0
2023-02-16,Smart Fitness Watch,South,10,223.06,2230.6,0,0
2023-02-16,Smart Fitness Watch,East,10,217.06,2170.6,0,0
2023-02-16,Ergonomic Office Chair,North,6,320.76,1924.56,0,0
2023-02-16,Ergonomic Office Chair,West,10,317.48,3174.8,0,0
2023-02-16,Ergonomic Office Chair,South,11,322.13,3543.43,0,0
2023-02-16,Ergonomic Office Chair,East,8,314.69,2517.52,0,0
2023-02-17,Laptop Pro 15,North,11,1198.79,13186.69,0,0
2023-02-17,Laptop Pro 15,West,6,1222.68,7336.08,0,0
2023-02-17,Laptop Pro 15,South,5,1181.1,5905.5,0,0
2023-02-17,Laptop Pro 15,East,5,1203.69,6018.45,0,0
2023-02-17,Smartphone Ultra,North,12,736.58,8838.96,0,0
2023-02-17,Smartphone Ultra,West,22,736.35,16199.7,0,0
2023-02-17,Smartphone Ultra,South,14,742.87,10400.18,0,0
2023-02-17,Smartphone Ultra,East,12,748.47,8981.64,0,0
2023-02-17,Wireless Noise-Canceling Headphones,North,33,178.79,5900.07,0,0
2023-02-17,Wireless Noise-Canceling Headphones,West,27,179.04,4834.08,0,0
2023-02-17,Wireless Noise-Canceling Headphones,South,33,181.45,5987.85,0,0
2023-02-17,Wireless Noise-Canceling Headphones,East,19,179.68,3413.92,0,0
2023-02-17,Smart Fitness Watch,North,23,218.08,5015.84,0,0
2023-02-17,Smart Fitness Watch,West,12,223.63,2683.56,0,0
2023-02-17,Smart Fitness Watch,South,20,217.8,4356.0,0,0
2023-02-17,Smart Fitness Watch,East,14,220.52,3087.28,0,0
2023-02-17,Ergonomic Office Chair,North,10,313.81,3138.1,0,0
2023-02-17,Ergonomic Office Chair,West,14,315.28,4413.92,0,0
2023-02-17,Ergonomic Office Chair,South,9,321.49,2893.41,0,0
2023-02-17,Ergonomic Office Chair,East,5,315.27,1576.35,0,0
2023-02-18,Laptop Pro 15,North,5,1197.4,5987.0,0,0
2023-02-18,Laptop Pro 15,West,14,1191.94,16687.16,0,0
2023-02-18,Laptop Pro 15,South,8,1190.62,9524.96,0,0
2023-02-18,Laptop Pro 15,East,11,1212.3,13335.3,0,0
2023-02-18,Smartphone Ultra,North,20,748.34,14966.8,0,0
2023-02-18,Smartphone Ultra,West,24,736.75,17682.0,0,0
2023-02-18,Smartphone Ultra,South,15,740.04,11100.6,0,0
2023-02-18,Smartphone Ultra,East,13,736.72,9577.36,0,0
2023-02-18,Wireless Noise-Canceling Headphones,North,39,177.49,6922.11,0,0
2023-02-18,Wireless Noise-Canceling Headphones,West,38,179.42,6817.96,0,0
2023-02-18,Wireless Noise-Canceling Headphones,South,35,180.03,6301.05,0,0
2023-02-18,Wireless Noise-Canceling Headphones,East,29,179.05,5192.45,0,0
2023-02-18,Smart Fitness Watch,North,27,221.91,5991.57,0,0
2023-02-18,Smart Fitness Watch,West,27,223.21,6026.67,0,0
2023-02-18,Smart Fitness Watch,South,22,219.0,4818.0,0,0
2023-02-18,Smart Fitness Watch,East,12,219.83,2637.96,0,0
2023-02-18,Ergonomic Office Chair,North,6,318.94,1913.64,0,0
2023-02-18,Ergonomic Office Chair,West,16,324.18,5186.88,0,0
2023-02-18,Ergonomic Office Chair,South,9,317.41,2856.69,0,0
2023-02-18,Ergonomic Office Chair,East,9,325.01,2925.09,0,0
2023-02-19,Laptop Pro 15,North,7,1177.89,8245.23,0,0
2023-02-19,Laptop Pro 15,West,6,1213.61,7281.66,0,0
2023-02-19,Laptop Pro 15,South,6,1218.6,7311.6,0,0
2023-02-19,Laptop Pro 15,East,9,1203.83,10834.47,0,0
2023-02-19,Smartphone Ultra,North,18,747.15,13448.7,0,0
2023-02-19,Smartphone Ultra,West,21,739.64,15532.44,0,0
2023-02-19,Smartphone Ultra,South,17,742.76,12626.92,0,0
2023-02-19,Smartphone Ultra,East,13,744.1,9673.3,0,0
2023-02-19,Wireless Noise-Canceling Headphones,North,35,182.95,6403.25,0,0
2023-02-19,Wireless Noise-Canceling Headphones,West,49,177.56,8700.44,0,0
2023-02-19,Wireless Noise-Canceling Headphones,South,45,176.5,7942.5,0,0
2023-02-19,Wireless Noise-Canceling Headphones,East,22,181.39,3990.58,0,0
2023-02-19,Smart Fitness Watch,North,24,220.29,5286.96,0,0
2023-02-19,Smart Fitness Watch,West,25,224.2,5605.0,0,0
2023-02-19,Smart Fitness Watch,South,28,220.91,6185.48,0,0
2023-02-19,Smart Fitness Watch,East,15,221.72,3325.8,0,0
2023-02-19,Ergonomic Office Chair,North,13,323.48,4205.24,0,0
2023-02-19,Ergonomic Office Chair,West,8,318.04,2544.32,0,0
2023-02-19,Ergonomic Office Chair,South,11,321.9,3540.9,0,0
2023-02-19,Ergonomic Office Chair,East,11,319.46,3514.06,0,0
2023-02-20,Laptop Pro 15,North,10,1201.25,12012.5,0,0
2023-02-20,Laptop Pro 15,West,4,1194.54,4778.16,0,0
2023-02-20,Laptop Pro 15,South,4,1190.85,4763.4,0,0
2023-02-20,Laptop Pro 15,East,8,1180.25,9442.0,0,0
2023-02-20,Smartphone Ultra,North,18,752.88,13551.84,0,0
2023-02-20,Smartphone Ultra,West,18,760.25,13684.5,0,0
2023-02-20,Smartphone Ultra,South,12,739.01,8868.12,0,0
2023-02-20,Smartphone Ultra,East,18,740.97,13337.46,0,0
2023-02-20,Wireless Noise-Canceling Headphones,North,25,180.32,4508.0,0,0
2023-02-20,Wireless Noise-Canceling Headphones,West,19,178.12,3384.28,0,0
2023-02-20,Wireless Noise-Canceling Headphones,South,18,181.47,3266.46,0,0
2023-02-20,Wireless Noise-Canceling Headphones,East,15,179.21,2688.15,0,0
2023-02-20,Smart Fitness Watch,North,24,216.2,5188.8,0,0
2023-02-20,Smart Fitness Watch,West,17,220.05,3740.85,0,0
2023-02-20,Smart Fitness Watch,South,21,221.65,4654.65,0,0
2023-02-20,Smart Fitness Watch,East,12,221.77,2661.24,0,0
2023-02-20,Ergonomic Office Chair,North,7,319.31,2235.17,0,0
2023-02-20,Ergonomic Office Chair,West,12,321.02,3852.24,0,0
2023-02-20,Ergonomic Office Chair,South,7,315.93,2211.51,0,0
2023-02-20,Ergonomic Office Chair,East,6,322.66,1935.96,0,0
2023-02-21,Laptop Pro 15,North,8,1198.0,9584.0,0,0
2023-02-21,Laptop Pro 15,West,3,1196.88,3590.64,0,0
2023-02-21,Laptop Pro 15,South,5,1181.01,5905.05,0,0
2023-02-21,Laptop Pro 15,East,4,1207.18,4828.72,0,0
2023-02-21,Smartphone Ultra,North,17,738.37,12552.29,0,0
2023-02-21,Smartphone Ultra,West,6,739.07,4434.42,0,0
2023-02-21,Smartphone Ultra,South,10,763.29,7632.9,0,0
2023-02-21,Smartphone Ultra,East,12,756.31,9075.72,0,0
2023-02-21,Wireless Noise-Canceling Headphones,North,20,178.38,3567.6,0,0
2023-02-21,Wireless Noise-Canceling Headphones,West,28,183.58,5140.24,0,0
2023-02-21,Wireless Noise-Canceling Headphones,South,19,183.1,3478.9,0,0
2023-02-21,Wireless Noise-Canceling Headphones,East,22,183.42,4035.24,0,0
2023-02-21,Smart Fitness Watch,North,35,222.83,7799.05,0,0
2023-02-21,Smart Fitness Watch,West,21,216.73,4551.33,0,0
2023-02-21,Smart Fitness Watch,South,23,215.95,4966.85,0,0
2023-02-21,Smart Fitness Watch,East,12,221.77,2661.24,0,0
2023-02-21,Ergonomic Office Chair,North,8,326.05,2608.4,0,0
2023-02-21,Ergonomic Office Chair,West,8,321.99,2575.92,0,0
2023-02-21,Ergonomic Office Chair,South,6,322.19,1933.14,0,0
2023-02-21,Ergonomic Office Chair,East,7,314.9,2204.3,0,0
2023-02-22,Laptop Pro 15,North,8,1212.32,9698.56,0,0
2023-02-22,Laptop Pro 15,West,4,1204.21,4816.84,0,0
2023-02-22,Laptop Pro 15,South,2,1203.49,2406.98,0,0
2023-02-22,Laptop Pro 15,East,5,1211.29,6056.45,0,0
2023-02-22,Smartphone Ultra,North,17,757.25,12873.25,0,0
2023-02-22,Smartphone Ultra,West,17,745.57,12674.69,0,0
2023-02-22,Smartphone Ultra,South,8,755.29,6042.32,0,0
2023-02-22,Smartphone Ultra,East,12,738.17,8858.04,0,0
2023-02-22,Wireless Noise-Canceling Headphones,North,33,180.85,5968.05,0,0
2023-02-22,Wireless Noise-Canceling Headphones,West,31,182.41,5654.71,0,0
2023-02-22,Wireless Noise-Canceling Headphones,South,29,181.01,5249.29,0,0
2023-02-22,Wireless Noise-Canceling Headphones,East,17,176.64,3002.88,0,0
2023-02-22,Smart Fitness Watch,North,21,221.87,4659.27,0,0
2023-02-22,Smart Fitness Watch,West,14,219.95,3079.3,0,0
2023-02-22,Smart Fitness Watch,South,23,216.87,4988.01,0,0
2023-02-22,Smart Fitness Watch,East,17,223.62,3801.54,0,0
2023-02-22,Ergonomic Office Chair,North,8,318.79,2550.32,0,0
2023-02-22,Ergonomic Office Chair,West,9,322.0,2898.0,0,0
2023-02-22,Ergonomic Office Chair,South,9,315.44,2838.96,0,0
2023-02-22,Ergonomic Office Chair,East,4,321.84,1287.36,0,0
2023-02-23,Laptop Pro 15,North,5,1207.48,6037.4,0,0
2023-02-23,Laptop Pro 15,West,5,1197.87,5989.35,0,0
2023-02-23,Laptop Pro 15,South,12,1213.47,14561.64,0,0
2023-02-23,Laptop Pro 15,East,7,1221.16,8548.12,0,0
2023-02-23,Smartphone Ultra,North,19,737.02,14003.38,0,0
2023-02-23,Smartphone Ultra,West,16,742.71,11883.36,0,0
2023-02-23,Smartphone Ultra,South,15,746.26,11193.9,0,0
2023-02-23,Smartphone Ultra,East,12,759.69,9116.28,0,0
2023-02-23,Wireless Noise-Canceling Headphones,North,23,179.32,4124.36,0,0
2023-02-23,Wireless Noise-Canceling Headphones,West,28,176.52,4942.56,0,0
2023-02-23,Wireless Noise-Canceling Headphones,South,30,182.3,5469.0,0,0
2023-02-23,Wireless Noise-Canceling Headphones,East,16,183.35,2933.6,0,0
2023-02-23,Smart Fitness Watch,North,27,222.6,6010.2,0,0
2023-02-23,Smart Fitness Watch,West,31,218.23,6765.13,0,0
2023-02-23,Smart Fitness Watch,South,10,222.78,2227.8,0,0
2023-02-23,Smart Fitness Watch,East,12,218.61,2623.32,0,0
2023-02-23,Ergonomic Office Chair,North,8,315.14,2521.12,0,0
2023-02-23,Ergonomic Office Chair,West,10,318.23,3182.3,0,0
2023-02-23,Ergonomic Office Chair,South,12,314.8,3777.6,0,0
2023-02-23,Ergonomic Office Chair,East,3,323.02,969.06,0,0
2023-02-24,Laptop Pro 15,North,9,1176.96,10592.64,0,0
2023-02-24,Laptop Pro 15,West,4,1210.47,4841.88,0,0
2023-02-24,Laptop Pro 15,South,7,1215.84,8510.88,0,0
2023-02-24,Laptop Pro 15,East,6,1206.09,7236.54,0,0
2023-02-24,Smartphone Ultra,North,18,751.98,13535.64,0,0
2023-02-24,Smartphone Ultra,West,24,748.53,17964.72,0,0
2023-02-24,Smartphone Ultra,South,18,749.77,13495.86,0,0
2023-02-24,Smartphone Ultra,East,9,742.37,6681.33,0,0
2023-02-24,Wireless Noise-Canceling Headphones,North,41,183.26,7513.66,0,0
2023-02-24,Wireless Noise-Canceling Headphones,West,31,180.31,5589.61,0,0
2023-02-24,Wireless Noise-Canceling Headphones,South,20,177.11,3542.2,0,0
2023-02-24,Wireless Noise-Canceling Headphones,East,24,182.0,4368.0,0,0
2023-02-24,Smart Fitness Watch,North,19,219.18,4164.42,0,0
2023-02-24,Smart Fitness Watch,West,30,219.29,6578.7,0,0
2023-02-24,Smart Fitness Watch,South,19,224.26,4260.94,0,0
2023-02-24,Smart Fitness Watch,East,18,220.76,3973.68,0,0
2023-02-24,Ergonomic Office Chair,North,7,316.74,2217.18,0,0
2023-02-24,Ergonomic Office Chair,West,12,316.66,3799.92,0,0
2023-02-24,Ergonomic Office Chair,South,6,317.93,1907.58,0,0
2023-02-24,Ergonomic Office Chair,East,3,315.64,946.92,0,0
2023-02-25,Laptop Pro 15,North,12,1219.08,14628.96,0,0
2023-02-25,Laptop Pro 15,West,10,1183.2,11832.0,0,0
2023-02-25,Laptop Pro 15,South,5,1182.87,5914.35,0,0
2023-02-25,Laptop Pro 15,East,5,1202.02,6010.1,0,0
2023-02-25,Smartphone Ultra,North,21,737.17,15480.57,0,0
2023-02-25,Smartphone Ultra,West,23,757.95,17432.85,0,0
2023-02-25,Smartphone Ultra,South,17,754.45,12825.65,0,0
2023-02-25,Smartphone Ultra,East,11,753.39,8287.29,0,0
2023-02-25,Wireless Noise-Canceling Headphones,North,38,180.91,6874.58,0,0
2023-02-25,Wireless Noise-Canceling Headphones,West,31,182.29,5650.99,0,0
2023-02-25,Wireless Noise-Canceling Headphones,South,30,177.35,5320.5,0,0
2023-02-25,Wireless Noise-Canceling Headphones,East,27,177.04,4780.08,0,0
2023-02-25,Smart Fitness Watch,North,26,223.13,5801.38,0,0
2023-02-25,Smart Fitness Watch,West,18,217.91,3922.38,0,0
2023-02-25,Smart Fitness Watch,South,29,221.94,6436.26,0,0
2023-02-25,Smart Fitness Watch,East,12,218.73,2624.76,0,0
2023-02-25,Ergonomic Office Chair,North,15,321.78,4826.7,0,0
2023-02-25,Ergonomic Office Chair,West,9,324.78,2923.02,0,0
2023-02-25,Ergonomic Office Chair,South,8,320.08,2560.64,0,0
2023-02-25,Ergonomic Office Chair,East,15,316.65,4749.75,0,0
2023-02-26,Laptop Pro 15,North,8,1190.74,9525.92,0,0
2023-02-26,Laptop Pro 15,West,8,1187.69,9501.52,0,0
2023-02-26,Laptop Pro 15,South,5,1213.24,6066.2,0,0
2023-02-26,Laptop Pro 15,East,4,1216.92,4867.68,0,0
2023-02-26,Smartphone Ultra,North,17,745.58,12674.86,0,0
2023-02-26,Smartphone Ultra,West,24,762.18,18292.32,0,0
2023-02-26,Smartphone Ultra,South,12,749.79,8997.48,0,0
2023-02-26,Smartphone Ultra,East,8,763.31,6106.48,0,0
2023-02-26,Wireless Noise-Canceling Headphones,North,49,178.34,8738.66,0,0
2023-02-26,Wireless Noise-Canceling Headphones,West,40,183.52,7340.8,0,0
2023-02-26,Wireless Noise-Canceling Headphones,South,27,176.77,4772.79,0,0
2023-02-26,Wireless Noise-Canceling Headphones,East,19,183.6,3488.4,0,0
2023-02-26,Smart Fitness Watch,North,32,220.09,7042.88,0,0
2023-02-26,Smart Fitness Watch,West,23,218.11,5016.53,0,0
2023-02-26,Smart Fitness Watch,South,21,220.35,4627.35,0,0
2023-02-26,Smart Fitness Watch,East,11,216.5,2381.5,0,0
2023-02-26,Ergonomic Office Chair,North,11,321.76,3539.36,0,0
2023-02-26,Ergonomic Office Chair,West,15,318.23,4773.45,0,0
2023-02-26,Ergonomic Office Chair,South,10,314.41,3144.1,0,0
2023-02-26,Ergonomic Office Chair,East,6,317.46,1904.76,0,0
2023-02-27,Laptop Pro 15,North,6,1182.82,7096.92,0,0
2023-02-27,Laptop Pro 15,West,3,1200.57,3601.71,0,0
2023-02-27,Laptop Pro 15,South,4,1204.49,4817.96,0,0
2023-02-27,Laptop Pro 15,East,3,1214.53,3643.59,0,0
2023-02-27,Smartphone Ultra,North,19,739.07,14042.33,0,0
2023-02-27,Smartphone Ultra,West,10,754.28,7542.8,0,0
2023-02-27,Smartphone Ultra,South,15,742.3,11134.5,0,0
2023-02-27,Smartphone Ultra,East,15,737.18,11057.7,0,0
2023-02-27,Wireless Noise-Canceling Headphones,North,31,183.02,5673.62,0,0
2023-02-27,Wireless Noise-Canceling Headphones,West,29,183.22,5313.38,0,0
2023-02-27,Wireless Noise-Canceling Headphones,South,19,179.3,3406.7,0,0
2023-02-27,Wireless Noise-Canceling Headphones,East,10,177.29,1772.9,0,0
2023-02-27,Smart Fitness Watch,North,19,222.4,4225.6,0,0
2023-02-27,Smart Fitness Watch,West,23,218.83,5033.09,0,0
2023-02-27,Smart Fitness Watch,South,15,222.63,3339.45,0,0
2023-02-27,Smart Fitness Watch,East,16,218.83,3501.28,0,0
2023-02-27,Ergonomic Office Chair,North,9,318.45,2866.05,0,0
2023-02-27,Ergonomic Office Chair,West,14,319.54,4473.56,0,0
2023-02-27,Ergonomic Office Chair,South,3,320.64,961.92,0,0
2023-02-27,Ergonomic Office Chair,East,6,326.08,1956.48,0,0
2023-02-28,Laptop Pro 15,North,8,1202.37,9618.96,0,0
2023-02-28,Laptop Pro 15,West,9,1185.96,10673.64,0,0
2023-02-28,Laptop Pro 15,South,8,1217.67,9741.36,0,0
2023-02-28,Laptop Pro 15,East,4,1213.58,4854.32,0,0
2023-02-28,Smartphone Ultra,North,15,758.34,11375.1,0,0
2023-02-28,Smartphone Ultra,West,14,746.29,10448.06,0,0
2023-02-28,Smartphone Ultra,South,11,759.26,8351.86,0,0
2023-02-28,Smartphone Ultra,East,9,755.12,6796.08,0,0
2023-02-28,Wireless Noise-Canceling Headphones,North,24,183.12,4394.88,0,0
2023-02-28,Wireless Noise-Canceling Headphones,West,30,181.06,5431.8,0,0
2023-02-28,Wireless Noise-Canceling Headphones,South,23,178.99,4116.77,0,0
2023-02-28,Wireless Noise-Canceling Headphones,East,12,183.25,2199.0,0,0
2023-02-28,Smart Fitness Watch,North,19,216.06,4105.14,0,0
2023-02-28,Smart Fitness Watch,West,20,217.74,4354.8,0,0
2023-02-28,Smart Fitness Watch,South,20,217.27,4345.4,0,0
2023-02-28,Smart Fitness Watch,East,13,217.78,2831.14,0,0
2023-02-28,Ergonomic Office Chair,North,9,320.23,2882.07,0,0
2023-02-28,Ergonomic Office Chair,West,8,319.56,2556.48,0,0
2023-02-28,Ergonomic Office Chair,South,8,317.93,2543.44,0,0
2023-02-28,Ergonomic Office Chair,East,9,313.96,2825.64,0,0
2023-03-01,Laptop Pro 15,North,7,1195.86,8371.02,0,0
2023-03-01,Laptop Pro 15,West,10,1217.92,12179.2,0,0
2023-03-01,Laptop Pro 15,South,4,1221.15,4884.6,0,0
2023-03-01,Laptop Pro 15,East,3,1185.56,3556.68,0,0
2023-03-01,Smartphone Ultra,North,15,762.46,11436.9,0,0
2023-03-01,Smartphone Ultra,West,18,764.65,13763.7,0,0
2023-03-01,Smartphone Ultra,South,12,742.87,8914.44,0,0
2023-03-01,Smartphone Ultra,East,10,763.43,7634.3,0,0
2023-03-01,Wireless Noise-Canceling Headphones,North,32,180.65,5780.8,0,0
2023-03-01,Wireless Noise-Canceling Headphones,West,34,181.98,6187.32,0,0
2023-03-01,Wireless Noise-Canceling Headphones,South,24,177.23,4253.52,0,0
2023-03-01,Wireless Noise-Canceling Headphones,East,13,178.34,2318.42,0,0
2023-03-01,Smart Fitness Watch,North,20,220.45,4409.0,0,0
2023-03-01,Smart Fitness Watch,West,18,223.58,4024.44,0,0
2023-03-01,Smart Fitness Watch,South,12,219.17,2630.04,0,0
2023-03-01,Smart Fitness Watch,East,5,217.93,1089.65,0,0
2023-03-01,Ergonomic Office Chair,North,9,324.15,2917.35,0,0
2023-03-01,Ergonomic Office Chair,West,11,316.09,3476.99,0,0
2023-03-01,Ergonomic Office Chair,South,10,318.36,3183.6,0,0
2023-03-01,Ergonomic Office Chair,East,3,314.62,943.86,0,0
2023-03-02,Laptop Pro 15,North,2,1214.77,2429.54,0,0
2023-03-02,Laptop Pro 15,West,9,1216.58,10949.22,0,0
2023-03-02,Laptop Pro 15,South,6,1179.2,7075.2,0,0
2023-03-02,Laptop Pro 15,East,3,1216.4,3649.2,0,0
2023-03-02,Smartphone Ultra,North,16,762.79,12204.64,0,0
2023-03-02,Smartphone Ultra,West,12,761.65,9139.8,0,0
2023-03-02,Smartphone Ultra,South,12,740.65,8887.8,0,0
2023-03-02,Smartphone Ultra,East,8,737.58,5900.64,0,0
2023-03-02,Wireless Noise-Canceling Headphones,North,28,177.44,4968.32,0,0
2023-03-02,Wireless Noise-Canceling Headphones,West,25,180.16,4504.0,0,0
2023-03-02,Wireless Noise-Canceling Headphones,South,24,181.88,4365.12,0,0
2023-03-02,Wireless Noise-Canceling Headphones,East,22,176.78,3889.16,0,0
2023-03-02,Smart Fitness Watch,North,16,217.22,3475.52,0,0
2023-03-02,Smart Fitness Watch,West,20,218.73,4374.6,0,0
2023-03-02,Smart Fitness Watch,South,19,219.0,4161.0,0,0
2023-03-02,Smart Fitness Watch,East,13,215.65,2803.45,0,0
2023-03-02,Ergonomic Office Chair,North,10,314.71,3147.1,0,0
2023-03-02,Ergonomic Office Chair,West,7,318.52,2229.64,0,0
2023-03-02,Ergonomic Office Chair,South,9,323.93,2915.37,0,0
2023-03-02,Ergonomic Office Chair,East,5,324.73,1623.65,0,0
2023-03-03,Laptop Pro 15,North,5,1193.82,5969.1,0,0
2023-03-03,Laptop Pro 15,West,8,1209.26,9674.08,0,0
2023-03-03,Laptop Pro 15,South,7,1219.53,8536.71,0,0
2023-03-03,Laptop Pro 15,East,7,1195.71,8369.97,0,0
2023-03-03,Smartphone Ultra,North,16,742.18,11874.88,0,0
2023-03-03,Smartphone Ultra,West,16,744.62,11913.92,0,0
2023-03-03,Smartphone Ultra,South,10,752.17,7521.7,0,0
2023-03-03,Smartphone Ultra,East,12,757.39,9088.68,0,0
2023-03-03,Wireless Noise-Canceling Headphones,North,40,178.79,7151.6,0,0
2023-03-03,Wireless Noise-Canceling Headphones,West,35,177.34,6206.9,0,0
2023-03-03,Wireless Noise-Canceling Headphones,South,24,178.17,4276.08,0,0
2023-03-03,Wireless Noise-Canceling Headphones,East,13,182.58,2373.54,0,0
2023-03-03,Smart Fitness Watch,North,25,220.49,5512.25,0,0
2023-03-03,Smart Fitness Watch,West,22,217.65,4788.3,0,0
2023-03-03,Smart Fitness Watch,South,25,221.71,5542.75,0,0
2023-03-03,Smart Fitness Watch,East,14,216.24,3027.36,0,0
2023-03-03,Ergonomic Office Chair,North,13,322.27,4189.51,0,0
2023-03-03,Ergonomic Office Chair,West,17,316.57,5381.69,0,0
2023-03-03,Ergonomic Office Chair,South,9,324.19,2917.71,0,0
2023-03-03,Ergonomic Office Chair,East,4,325.91,1303.64,0,0
2023-03-04,Laptop Pro 15,North,8,1187.43,9499.44,0,0
2023-03-04,Laptop Pro 15,West,10,1189.8,11898.0,0,0
2023-03-04,Laptop Pro 15,South,3,1197.58,3592.74,0,0
2023-03-04,Laptop Pro 15,East,6,1189.69,7138.14,0,0
2023-03-04,Smartphone Ultra,North,28,738.39,20674.92,0,0
2023-03-04,Smartphone Ultra,West,26,739.94,19238.44,0,0
2023-03-04,Smartphone Ultra,South,17,757.1,12870.7,0,0
2023-03-04,Smartphone Ultra,East,7,749.46,5246.22,0,0
2023-03-04,Wireless Noise-Canceling Headphones,North,38,181.65,6902.7,0,0
2023-03-04,Wireless Noise-Canceling Headphones,West,37,178.59,6607.83,0,0
2023-03-04,Wireless Noise-Canceling Headphones,South,29,179.77,5213.33,0,0
2023-03-04,Wireless Noise-Canceling Headphones,East,23,180.19,4144.37,0,0
2023-03-04,Smart Fitness Watch,North,16,217.53,3480.48,0,0
2023-03-04,Smart Fitness Watch,West,26,222.64,5788.64,0,0
2023-03-04,Smart Fitness Watch,South,26,218.54,5682.04,0,0
2023-03-04,Smart Fitness Watch,East,16,216.06,3456.96,0,0
2023-03-04,Ergonomic Office Chair,North,12,316.62,3799.44,0,0
2023-03-04,Ergonomic Office Chair,West,14,320.26,4483.64,0,0
2023-03-04,Ergonomic Office Chair,South,13,318.29,4137.77,0,0
2023-03-04,Ergonomic Office Chair,East,6,325.24,1951.44,0,0
2023-03-05,Laptop Pro 15,North,9,1191.7,10725.3,0,0
2023-03-05,Laptop Pro 15,West,9,1194.86,10753.74,0,0
2023-03-05,Laptop Pro 15,South,8,1185.26,9482.08,0,0
2023-03-05,Laptop Pro 15,East,6,1221.27,7327.62,0,0
2023-03-05,Smartphone Ultra,North,30,745.75,22372.5,0,0
2023-03-05,Smartphone Ultra,West,15,748.82,11232.3,0,0
2023-03-05,Smartphone Ultra,South,16,761.89,12190.24,0,0
2023-03-05,Smartphone Ultra,East,19,744.6,14147.4,0,0
2023-03-05,Wireless Noise-Canceling Headphones,North,36,177.84,6402.24,0,0
2023-03-05,Wireless Noise-Canceling Headphones,West,32,178.06,5697.92,0,0
2023-03-05,Wireless Noise-Canceling Headphones,South,31,183.44,5686.64,0,0
2023-03-05,Wireless Noise-Canceling Headphones,East,21,178.5,3748.5,0,0
2023-03-05,Smart Fitness Watch,North,22,223.62,4919.64,0,0
2023-03-05,Smart Fitness Watch,West,28,223.82,6266.96,0,0
2023-03-05,Smart Fitness Watch,South,12,220.58,2646.96,0,0
2023-03-05,Smart Fitness Watch,East,20,219.15,4383.0,0,0
2023-03-05,Ergonomic Office Chair,North,14,321.77,4504.78,0,0
2023-03-05,Ergonomic Office Chair,West,10,319.07,3190.7,0,0
2023-03-05,Ergonomic Office Chair,South,11,323.37,3557.07,0,0
2023-03-05,Ergonomic Office Chair,East,5,319.32,1596.6,0,0
2023-03-06,Laptop Pro 15,North,3,1208.51,3625.53,0,0
2023-03-06,Laptop Pro 15,West,9,1207.7,10869.3,0,0
2023-03-06,Laptop Pro 15,South,3,1195.84,3587.52,0,0
2023-03-06,Laptop Pro 15,East,5,1185.32,5926.6,0,0
2023-03-06,Smartphone Ultra,North,13,749.12,9738.56,0,0
2023-03-06,Smartphone Ultra,West,10,763.41,7634.1,0,0
2023-03-06,Smartphone Ultra,South,10,737.5,7375.0,0,0
2023-03-06,Smartphone Ultra,East,17,755.01,12835.17,0,0
2023-03-06,Wireless Noise-Canceling Headphones,North,36,180.87,6511.32,0,0
2023-03-06,Wireless Noise-Canceling Headphones,West,13,182.38,2370.94,0,0
2023-03-06,Wireless Noise-Canceling Headphones,South,27,179.11,4835.97,0,0
2023-03-06,Wireless Noise-Canceling Headphones,East,20,178.14,3562.8,0,0
2023-03-06,Smart Fitness Watch,North,16,222.69,3563.04,0,0
2023-03-06,Smart Fitness Watch,West,16,220.04,3520.64,0,0
2023-03-06,Smart Fitness Watch,South,22,216.29,4758.38,0,0
2023-03-06,Smart Fitness Watch,East,12,220.45,2645.4,0,0
2023-03-06,Ergonomic Office Chair,North,10,321.1,3211.0,0,0
2023-03-06,Ergonomic Office Chair,West,12,322.94,3875.28,0,0
2023-03-06,Ergonomic Office Chair,South,6,319.88,1919.28,0,0
2023-03-06,Ergonomic Office Chair,East,9,321.29,2891.61,0,0
2023-03-07,Laptop Pro 15,North,3,1193.52,3580.56,0,0
2023-03-07,Laptop Pro 15,West,5,1206.6,6033.0,0,0
2023-03-07,Laptop Pro 15,South,7,1207.39,8451.73,0,0
2023-03-07,Laptop Pro 15,East,3,1220.31,3660.93,0,0
2023-03-07,Smartphone Ultra,North,18,745.7,13422.6,0,0
2023-03-07,Smartphone Ultra,West,16,736.31,11780.96,0,0
2023-03-07,Smartphone Ultra,South,10,735.27,7352.7,0,0
2023-03-07,Smartphone Ultra,East,12,737.01,8844.12,0,0
2023-03-07,Wireless Noise-Canceling Headphones,North,35,181.59,6355.65,0,0
2023-03-07,Wireless Noise-Canceling Headphones,West,35,177.78,6222.3,0,0
2023-03-07,Wireless Noise-Canceling Headphones,South,23,182.19,4190.37,0,0
2023-03-07,Wireless Noise-Canceling Headphones,East,11,180.52,1985.72,0,0
2023-03-07,Smart Fitness Watch,North,27,220.3,5948.1,0,0
2023-03-07,Smart Fitness Watch,West,25,219.84,5496.0,0,0
2023-03-07,Smart Fitness Watch,South,9,218.46,1966.14,0,0
2023-03-07,Smart Fitness Watch,East,22,219.66,4832.52,0,0
2023-03-07,Ergonomic Office Chair,North,11,325.55,3581.05,0,0
2023-03-07,Ergonomic Office Chair,West,12,317.62,3811.44,0,0
2023-03-07,Ergonomic Office Chair,South,9,316.69,2850.21,0,0
2023-03-07,Ergonomic Office Chair,East,8,320.02,2560.16,0,0
2023-03-08,Laptop Pro 15,North,9,1202.87,10825.83,0,0
2023-03-08,Laptop Pro 15,West,9,1182.5,10642.5,0,0
2023-03-08,Laptop Pro 15,South,4,1195.52,4782.08,0,0
2023-03-08,Laptop Pro 15,East,4,1200.44,4801.76,0,0
2023-03-08,Smartphone Ultra,North,11,751.97,8271.67,0,0
2023-03-08,Smartphone Ultra,West,12,744.07,8928.84,0,0
2023-03-08,Smartphone Ultra,South,17,763.42,12978.14,0,0
2023-03-08,Smartphone Ultra,East,10,748.27,7482.7,0,0
2023-03-08,Wireless Noise-Canceling Headphones,North,25,180.81,4520.25,0,0
2023-03-08,Wireless Noise-Canceling Headphones,West,33,179.53,5924.49,0,0
2023-03-08,Wireless Noise-Canceling Headphones,South,16,178.45,2855.2,0,0
2023-03-08,Wireless Noise-Canceling Headphones,East,25,182.25,4556.25,0,0
2023-03-08,Smart Fitness Watch,North,17,218.42,3713.14,0,0
2023-03-08,Smart Fitness Watch,West,20,215.99,4319.8,0,0
2023-03-08,Smart Fitness Watch,South,19,217.86,4139.34,0,0
2023-03-08,Smart Fitness Watch,East,10,215.6,2156.0,0,0
2023-03-08,Ergonomic Office Chair,North,9,319.11,2871.99,0,0
2023-03-08,Ergonomic Office Chair,West,7,321.57,2250.99,0,0
2023-03-08,Ergonomic Office Chair,South,8,319.91,2559.28,0,0
2023-03-08,Ergonomic Office Chair,East,6,319.11,1914.66,0,0
2023-03-09,Laptop Pro 15,North,7,1222.41,8556.87,0,0
2023-03-09,Laptop Pro 15,West,5,1207.44,6037.2,0,0
2023-03-09,Laptop Pro 15,South,6,1185.3,7111.8,0,0
2023-03-09,Laptop Pro 15,East,4,1217.36,4869.44,0,0
2023-03-09,Smartphone Ultra,North,24,745.57,17893.68,0,0
2023-03-09,Smartphone Ultra,West,12,743.06,8916.72,0,0
2023-03-09,Smartphone Ultra,South,15,763.32,11449.8,0,0
2023-03-09,Smartphone Ultra,East,10,749.68,7496.8,0,0
2023-03-09,Wireless Noise-Canceling Headphones,North,28,179.68,5031.04,0,0
2023-03-09,Wireless Noise-Canceling Headphones,West,26,183.17,4762.42,0,0
2023-03-09,Wireless Noise-Canceling Headphones,South,20,179.97,3599.4,0,0
2023-03-09,Wireless Noise-Canceling Headphones,East,20,181.88,3637.6,0,0
2023-03-09,Smart Fitness Watch,North,23,220.36,5068.28,0,0
2023-03-09,Smart Fitness Watch,West,24,218.88,5253.12,0,0
2023-03-09,Smart Fitness Watch,South,16,217.26,3476.16,0,0
2023-03-09,Smart Fitness Watch,East,15,220.92,3313.8,0,0
2023-03-09,Ergonomic Office Chair,North,5,319.12,1595.6,0,0
2023-03-09,Ergonomic Office Chair,West,9,313.92,2825.28,0,0
2023-03-09,Ergonomic Office Chair,South,7,314.44,2201.08,0,0
2023-03-09,Ergonomic Office Chair,East,7,321.24,2248.68,0,0
2023-03-10,Laptop Pro 15,North,8,1210.28,9682.24,0,0
2023-03-10,Laptop Pro 15,West,6,1190.86,7145.16,0,0
2023-03-10,Laptop Pro 15,South,6,1219.04,7314.24,0,0
2023-03-10,Laptop Pro 15,East,3,1206.68,3620.04,0,0
2023-03-10,Smartphone Ultra,North,11,754.34,8297.74,0,0
2023-03-10,Smartphone Ultra,West,15,751.72,11275.8,0,0
2023-03-10,Smartphone Ultra,South,12,738.49,8861.88,0,0
2023-03-10,Smartphone Ultra,East,13,743.04,9659.52,0,0
2023-03-10,Wireless Noise-Canceling Headphones,North,34,183.59,6242.06,0,0
2023-03-10,Wireless Noise-Canceling Headphones,West,32,178.02,5696.64,0,0
2023-03-10,Wireless Noise-Canceling Headphones,South,22,179.04,3938.88,0,0
2023-03-10,Wireless Noise-Canceling Headphones,East,30,179.09,5372.7,0,0
2023-03-10,Smart Fitness Watch,North,21,221.33,4647.93,0,0
2023-03-10,Smart Fitness Watch,West,24,222.8,5347.2,0,0
2023-03-10,Smart Fitness Watch,South,19,219.98,4179.62,0,0
2023-03-10,Smart Fitness Watch,East,18,223.27,4018.86,0,0
2023-03-10,Ergonomic Office Chair,North,10,315.37,3153.7,0,0
2023-03-10,Ergonomic Office Chair,West,13,314.53,4088.89,0,0
2023-03-10,Ergonomic Office Chair,South,9,317.78,2860.02,0,0
2023-03-10,Ergonomic Office Chair,East,6,324.1,1944.6,0,0
2023-03-11,Laptop Pro 15,North,8,1205.41,9643.28,0,0
2023-03-11,Laptop Pro 15,West,6,1200.01,7200.06,0,0
2023-03-11,Laptop Pro 15,South,7,1204.36,8430.52,0,0
2023-03-11,Laptop Pro 15,East,4,1215.82,4863.28,0,0
2023-03-11,Smartphone Ultra,North,20,748.95,14979.0,0,0
2023-03-11,Smartphone Ultra,West,22,740.66,16294.52,0,0
2023-03-11,Smartphone Ultra,South,18,759.32,13667.76,0,0
2023-03-11,Smartphone Ultra,East,18,738.4,13291.2,0,0
2023-03-11,Wireless Noise-Canceling Headphones,North,42,182.84,7679.28,0,0
2023-03-11,Wireless Noise-Canceling Headphones,West,47,182.31,8568.57,0,0
2023-03-11,Wireless Noise-Canceling Headphones,South,17,180.3,3065.1,0,0
2023-03-11,Wireless Noise-Canceling Headphones,East,20,176.46,3529.2,0,0
2023-03-11,Smart Fitness Watch,North,21,221.89,4659.69,0,0
2023-03-11,Smart Fitness Watch,West,35,221.51,7752.85,0,0
2023-03-11,Smart Fitness Watch,South,21,216.66,4549.86,0,0
2023-03-11,Smart Fitness Watch,East,19,219.27,4166.13,0,0
2023-03-11,Ergonomic Office Chair,North,15,314.55,4718.25,0,0
2023-03-11,Ergonomic Office Chair,West,8,326.37,2610.96,0,0
2023-03-11,Ergonomic Office Chair,South,10,317.61,3176.1,0,0
2023-03-11,Ergonomic Office Chair,East,11,322.44,3546.84,0,0
2023-03-12,Laptop Pro 15,North,12,1205.92,14471.04,0,0
2023-03-12,Laptop Pro 15,West,4,1188.61,4754.44,0,0
2023-03-12,Laptop Pro 15,South,6,1183.08,7098.48,0,0
2023-03-12,Laptop Pro 15,East,8,1205.83,9646.64,0,0
2023-03-12,Smartphone Ultra,North,26,745.73,19388.98,0,0
2023-03-12,Smartphone Ultra,West,17,755.78,12848.26,0,0
2023-03-12,Smartphone Ultra,South,23,758.09,17436.07,0,0
2023-03-12,Smartphone Ultra,East,16,750.83,12013.28,0,0
2023-03-12,Wireless Noise-Canceling Headphones,North,38,181.8,6908.4,0,0
2023-03-12,Wireless Noise-Canceling Headphones,West,53,176.78,9369.34,0,0
2023-03-12,Wireless Noise-Canceling Headphones,South,42,180.83,7594.86,0,0
2023-03-12,Wireless Noise-Canceling Headphones,East,26,181.93,4730.18,0,0
2023-03-12,Smart Fitness Watch,North,31,218.29,6766.99,0,0
2023-03-12,Smart Fitness Watch,West,32,223.35,7147.2,0,0
2023-03-12,Smart Fitness Watch,South,19,223.84,4252.96,0,0
2023-03-12,Smart Fitness Watch,East,21,221.67,4655.07,0,0
2023-03-12,Ergonomic Office Chair,North,10,326.36,3263.6,0,0
2023-03-12,Ergonomic Office Chair,West,14,318.15,4454.1,0,0
2023-03-12,Ergonomic Office Chair,South,6,318.29,1909.74,0,0
2023-03-12,Ergonomic Office Chair,East,10,323.18,3231.8,0,0
2023-03-13,Laptop Pro 15,North,7,1176.04,8232.28,0,0
2023-03-13,Laptop Pro 15,West,6,1204.98,7229.88,0,0
2023-03-13,Laptop Pro 15,South,5,1211.6,6058.0,0,0
2023-03-13,Laptop Pro 15,East,4,1196.42,4785.68,0,0
2023-03-13,Smartphone Ultra,North,12,742.86,8914.32,0,0
2023-03-13,Smartphone Ultra,West,11,737.63,8113.93,0,0
2023-03-13,Smartphone Ultra,South,12,754.78,9057.36,0,0
2023-03-13,Smartphone Ultra,East,12,746.34,8956.08,0,0
2023-03-13,Wireless Noise-Canceling Headphones,North,20,180.03,3600.6,0,0
2023-03-13,Wireless Noise-Canceling Headphones,West,30,178.74,5362.2,0,0
2023-03-13,Wireless Noise-Canceling Headphones,South,20,178.86,3577.2,0,0
2023-03-13,Wireless Noise-Canceling Headphones,East,19,176.62,3355.78,0,0
2023-03-13,Smart Fitness Watch,North,26,223.91,5821.66,0,0
2023-03-13,Smart Fitness Watch,West,19,223.73,4250.87,0,0
2023-03-13,Smart Fitness Watch,South,17,219.37,3729.29,0,0
2023-03-13,Smart Fitness Watch,East,16,215.61,3449.76,0,0
2023-03-13,Ergonomic Office Chair,North,5,326.23,1631.15,0,0
2023-03-13,Ergonomic Office Chair,West,6,316.46,1898.76,0,0
2023-03-13,Ergonomic Office Chair,South,3,320.2,960.6,0,0
2023-03-13,Ergonomic Office Chair,East,9,325.68,2931.12,0,0
2023-03-14,Laptop Pro 15,North,5,1218.07,6090.35,0,0
2023-03-14,Laptop Pro 15,West,8,1198.31,9586.48,0,0
2023-03-14,Laptop Pro 15,South,5,1190.55,5952.75,0,0
2023-03-14,Laptop Pro 15,East,6,1182.55,7095.3,0,0
2023-03-14,Smartphone Ultra,North,12,740.94,8891.28,0,0
2023-03-14,Smartphone Ultra,West,11,745.74,8203.14,0,0
2023-03-14,Smartphone Ultra,South,18,751.31,13523.58,0,0
2023-03-14,Smartphone Ultra,East,12,754.42,9053.04,0,0
2023-03-14,Wireless Noise-Canceling Headphones,North,15,179.69,2695.35,0,0
2023-03-14,Wireless Noise-Canceling Headphones,West,27,177.15,4783.05,0,0
2023-03-14,Wireless Noise-Canceling Headphones,South,28,179.24,5018.72,0,0
2023-03-14,Wireless Noise-Canceling Headphones,East,17,177.48,3017.16,0,0
2023-03-14,Smart Fitness Watch,North,20,219.49,4389.8,0,0
2023-03-14,Smart Fitness Watch,West,19,221.81,4214.39,0,0
2023-03-14,Smart Fitness Watch,South,16,223.39,3574.24,0,0
2023-03-14,Smart Fitness Watch,East,15,217.97,3269.55,0,0
2023-03-14,Ergonomic Office Chair,North,9,314.23,2828.07,0,0
2023-03-14,Ergonomic Office Chair,West,3,315.06,945.18,0,0
2023-03-14,Ergonomic Office Chair,South,6,324.52,1947.12,0,0
2023-03-14,Ergonomic Office Chair,East,8,320.12,2560.96,0,0
2023-03-15,Laptop Pro 15,North,8,1206.0,9648.0,0,0
2023-03-15,Laptop Pro 15,West,6,1218.9,7313.4,0,0
2023-03-15,Laptop Pro 15,South,4,1218.19,4872.76,0,0
2023-03-15,Laptop Pro 15,East,4,1189.19,4756.76,0,0
2023-03-15,Smartphone Ultra,North,17,762.18,12957.06,0,0
2023-03-15,Smartphone Ultra,West,15,762.65,11439.75,0,0
2023-03-15,Smartphone Ultra,South,16,756.28,12100.48,0,0
2023-03-15,Smartphone Ultra,East,8,755.65,6045.2,0,0
2023-03-15,Wireless Noise-Canceling Headphones,North,23,182.03,4186.69,0,0
2023-03-15,Wireless Noise-Canceling Headphones,West,31,182.1,5645.1,0,0
2023-03-15,Wireless Noise-Canceling Headphones,South,28,178.04,4985.12,0,0
2023-03-15,Wireless Noise-Canceling Headphones,East,16,177.24,2835.84,0,0
2023-03-15,Smart Fitness Watch,North,17,219.61,3733.37,0,0
2023-03-15,Smart Fitness Watch,West,26,221.94,5770.44,0,0
2023-03-15,Smart Fitness Watch,South,19,223.72,4250.68,0,0
2023-03-15,Smart Fitness Watch,East,15,222.26,3333.9,0,0
2023-03-15,Ergonomic Office Chair,North,9,321.51,2893.59,0,0
2023-03-15,Ergonomic Office Chair,West,12,321.82,3861.84,0,0
2023-03-15,Ergonomic Office Chair,South,4,324.55,1298.2,0,0
2023-03-15,Ergonomic Office Chair,East,6,314.89,1889.34,0,0
2023-03-16,Laptop Pro 15,North,4,1184.43,4737.72,0,0
2023-03-16,Laptop Pro 15,West,9,1221.54,10993.86,0,0
2023-03-16,Laptop Pro 15,South,2,1199.09,2398.18,0,0
2023-03-16,Laptop Pro 15,East,6,1216.0,7296.0,0,0
2023-03-16,Smartphone Ultra,North,13,752.56,9783.28,0,0
2023-03-16,Smartphone Ultra,West,13,744.41,9677.33,0,0
2023-03-16,Smartphone Ultra,South,8,738.17,5905.36,0,0
2023-03-16,Smartphone Ultra,East,13,763.52,9925.76,0,0
2023-03-16,Wireless Noise-Canceling Headphones,North,31,182.77,5665.87,0,0
2023-03-16,Wireless Noise-Canceling Headphones,West,33,180.62,5960.46,0,0
2023-03-16,Wireless Noise-Canceling Headphones,South,30,177.78,5333.4,0,0
2023-03-16,Wireless Noise-Canceling Headphones,East,18,182.28,3281.04,0,0
2023-03-16,Smart Fitness Watch,North,21,219.95,4618.95,0,0
2023-03-16,Smart Fitness Watch,West,22,220.0,4840.0,0,0
2023-03-16,Smart Fitness Watch,South,19,218.07,4143.33,0,0
2023-03-16,Smart Fitness Watch,East,17,217.11,3690.87,0,0
2023-03-16,Ergonomic Office Chair,North,6,315.22,1891.32,0,0
2023-03-16,Ergonomic Office Chair,West,12,315.14,3781.68,0,0
2023-03-16,Ergonomic Office Chair,South,7,316.83,2217.81,0,0
2023-03-16,Ergonomic Office Chair,East,7,318.75,2231.25,0,0
2023-03-17,Laptop Pro 15,North,7,1208.91,8462.37,0,0
2023-03-17,Laptop Pro 15,West,8,1211.06,9688.48,0,0
2023-03-17,Laptop Pro 15,South,2,1183.34,2366.68,0,0
2023-03-17,Laptop Pro 15,East,3,1187.57,3562.71,0,0
2023-03-17,Smartphone Ultra,North,26,745.94,19394.44,0,0
2023-03-17,Smartphone Ultra,West,23,745.05,17136.15,0,0
2023-03-17,Smartphone Ultra,South,11,744.5,8189.5,0,0
2023-03-17,Smartphone Ultra,East,15,752.32,11284.8,0,0
2023-03-17,Wireless Noise-Canceling Headphones,North,21,179.33,3765.93,0,0
2023-03-17,Wireless Noise-Canceling Headphones,West,41,181.18,7428.38,0,0
2023-03-17,Wireless Noise-Canceling Headphones,South,22,176.82,3890.04,0,0
2023-03-17,Wireless Noise-Canceling Headphones,East,19,177.65,3375.35,0,0
2023-03-17,Smart Fitness Watch,North,27,220.51,5953.77,0,0
2023-03-17,Smart Fitness Watch,West,20,220.55,4411.0,0,0
2023-03-17,Smart Fitness Watch,South,17,222.05,3774.85,0,0
2023-03-17,Smart Fitness Watch,East,21,216.46,4545.66,0,0
2023-03-17,Ergonomic Office Chair,North,15,320.66,4809.9,0,0
2023-03-17,Ergonomic Office Chair,West,9,322.6,2903.4,0,0
2023-03-17,Ergonomic Office Chair,South,7,322.17,2255.19,0,0
2023-03-17,Ergonomic Office Chair,East,7,318.88,2232.16,0,0
2023-03-18,Laptop Pro 15,North,8,1215.21,9721.68,0,0
2023-03-18,Laptop Pro 15,West,6,1179.34,7076.04,0,0
2023-03-18,Laptop Pro 15,South,7,1222.85,8559.95,0,0
2023-03-18,Laptop Pro 15,East,5,1179.58,5897.9,0,0
2023-03-18,Smartphone Ultra,North,24,740.68,17776.32,0,0
2023-03-18,Smartphone Ultra,West,22,735.85,16188.7,0,0
2023-03-18,Smartphone Ultra,South,22,742.77,16340.94,0,0
2023-03-18,Smartphone Ultra,East,17,736.21,12515.57,0,0
2023-03-18,Wireless Noise-Canceling Headphones,North,32,178.83,5722.56,0,0
2023-03-18,Wireless Noise-Canceling Headphones,West,35,179.83,6294.05,0,0
2023-03-18,Wireless Noise-Canceling Headphones,South,27,180.76,4880.52,0,0
2023-03-18,Wireless Noise-Canceling Headphones,East,25,182.64,4566.0,0,0
2023-03-18,Smart Fitness Watch,North,31,219.96,6818.76,0,0
2023-03-18,Smart Fitness Watch,West,19,217.41,4130.79,0,0
2023-03-18,Smart Fitness Watch,South,22,222.86,4902.92,0,0
2023-03-18,Smart Fitness Watch,East,25,222.15,5553.75,0,0
2023-03-18,Ergonomic Office Chair,North,13,319.13,4148.69,0,0
2023-03-18,Ergonomic Office Chair,West,15,325.64,4884.6,0,0
2023-03-18,Ergonomic Office Chair,South,12,324.22,3890.64,0,0
2023-03-18,Ergonomic Office Chair,East,6,314.26,1885.56,0,0
2023-03-19,Laptop Pro 15,North,10,1183.5,11835.0,0,0
2023-03-19,Laptop Pro 15,West,9,1184.19,10657.71,0,0
2023-03-19,Laptop Pro 15,South,9,1222.04,10998.36,0,0
2023-03-19,Laptop Pro 15,East,12,1176.18,14114.16,0,0
2023-03-19,Smartphone Ultra,North,18,746.4,13435.2,0,0
2023-03-19,Smartphone Ultra,West,18,739.01,13302.18,0,0
2023-03-19,Smartphone Ultra,South,19,739.5,14050.5,0,0
2023-03-19,Smartphone Ultra,East,16,741.84,11869.44,0,0
2023-03-19,Wireless Noise-Canceling Headphones,North,34,183.5,6239.0,0,0
2023-03-19,Wireless Noise-Canceling Headphones,West,33,177.83,5868.39,0,0
2023-03-19,Wireless Noise-Canceling Headphones,South,33,182.61,6026.13,0,0
2023-03-19,Wireless Noise-Canceling Headphones,East,40,179.64,7185.6,0,0
2023-03-19,Smart Fitness Watch,North,26,217.42,5652.92,0,0
2023-03-19,Smart Fitness Watch,West,29,217.18,6298.22,0,0
2023-03-19,Smart Fitness Watch,South,25,223.16,5579.0,0,0
2023-03-19,Smart Fitness Watch,East,13,221.53,2879.89,0,0
2023-03-19,Ergonomic Office Chair,North,7,319.25,2234.75,0,0
2023-03-19,Ergonomic Office Chair,West,19,321.83,6114.77,0,0
2023-03-19,Ergonomic Office Chair,South,12,316.42,3797.04,0,0
2023-03-19,Ergonomic Office Chair,East,9,316.77,2850.93,0,0
2023-03-20,Laptop Pro 15,North,7,1214.89,8504.23,0,0
2023-03-20,Laptop Pro 15,West,7,1191.17,8338.19,0,0
2023-03-20,Laptop Pro 15,South,6,1204.62,7227.72,0,0
2023-03-20,Laptop Pro 15,East,6,1188.11,7128.66,0,0
2023-03-20,Smartphone Ultra,North,15,748.57,11228.55,0,0
2023-03-20,Smartphone Ultra,West,14,747.79,10469.06,0,0
2023-03-20,Smartphone Ultra,South,13,748.32,9728.16,0,0
2023-03-20,Smartphone Ultra,East,14,754.05,10556.7,0,0
2023-03-20,Wireless Noise-Canceling Headphones,North,36,180.41,6494.76,0,0
2023-03-20,Wireless Noise-Canceling Headphones,West,31,178.73,5540.63,0,0
2023-03-20,Wireless Noise-Canceling Headphones,South,17,179.79,3056.43,0,0
2023-03-20,Wireless Noise-Canceling Headphones,East,25,181.25,4531.25,0,0
2023-03-20,Smart Fitness Watch,North,24,219.1,5258.4,0,0
2023-03-20,Smart Fitness Watch,West,19,218.89,4158.91,0,0
2023-03-20,Smart Fitness Watch,South,15,223.65,3354.75,0,0
2023-03-20,Smart Fitness Watch,East,8,219.24,1753.92,0,0
2023-03-20,Ergonomic Office Chair,North,13,319.34,4151.42,0,0
2023-03-20,Ergonomic Office Chair,West,6,322.27,1933.62,0,0
2023-03-20,Ergonomic Office Chair,South,6,319.53,1917.18,0,0
2023-03-20,Ergonomic Office Chair,East,6,318.76,1912.56,0,0
2023-03-21,Laptop Pro 15,North,10,1197.67,11976.7,0,0
2023-03-21,Laptop Pro 15,West,8,1187.19,9497.52,0,0
2023-03-21,Laptop Pro 15,South,3,1183.73,3551.19,0,0
2023-03-21,Laptop Pro 15,East,4,1205.02,4820.08,0,0
2023-03-21,Smartphone Ultra,North,13,743.5,9665.5,0,0
2023-03-21,Smartphone Ultra,West,17,741.64,12607.88,0,0
2023-03-21,Smartphone Ultra,South,11,759.01,8349.11,0,0
2023-03-21,Smartphone Ultra,East,10,753.13,7531.3,0,0
2023-03-21,Wireless Noise-Canceling Headphones,North,33,178.38,5886.54,0,0
2023-03-21,Wireless Noise-Canceling Headphones,West,23,179.63,4131.49,0,0
2023-03-21,Wireless Noise-Canceling Headphones,South,22,181.57,3994.54,0,0
2023-03-21,Wireless Noise-Canceling Headphones,East,15,179.37,2690.55,0,0
2023-03-21,Smart Fitness Watch,North,16,218.87,3501.92,0,0
2023-03-21,Smart Fitness Watch,West,18,217.39,3913.02,0,0
2023-03-21,Smart Fitness Watch,South,12,219.42,2633.04,0,0
2023-03-21,Smart Fitness Watch,East,13,219.98,2859.74,0,0
2023-03-21,Ergonomic Office Chair,North,9,314.37,2829.33,0,0
2023-03-21,Ergonomic Office Chair,West,5,323.94,1619.7,0,0
2023-03-21,Ergonomic Office Chair,South,5,316.45,1582.25,0,0
2023-03-21,Ergonomic Office Chair,East,4,320.24,1280.96,0,0
2023-03-22,Laptop Pro 15,North,10,1211.71,12117.1,0,0
2023-03-22,Laptop Pro 15,West,7,1216.57,8515.99,0,0
2023-03-22,Laptop Pro 15,South,7,1217.55,8522.85,0,0
2023-03-22,Laptop Pro 15,East,4,1184.45,4737.8,0,0
2023-03-22,Smartphone Ultra,North,19,748.63,14223.97,0,0
2023-03-22,Smartphone Ultra,West,14,737.69,10327.66,0,0
2023-03-22,Smartphone Ultra,South,14,747.56,10465.84,0,0
2023-03-22,Smartphone Ultra,East,10,750.5,7505.0,0,0
2023-03-22,Wireless Noise-Canceling Headphones,North,28,177.15,4960.2,0,0
2023-03-22,Wireless Noise-Canceling Headphones,West,19,180.79,3435.01,0,0
2023-03-22,Wireless Noise-Canceling Headphones,South,18,177.65,3197.7,0,0
2023-03-22,Wireless Noise-Canceling Headphones,East,15,177.91,2668.65,0,0
2023-03-22,Smart Fitness Watch,North,20,221.51,4430.2,0,0
2023-03-22,Smart Fitness Watch,West,19,217.05,4123.95,0,0
2023-03-22,Smart Fitness Watch,South,11,217.1,2388.1,0,0
2023-03-22,Smart Fitness Watch,East,11,220.49,2425.39,0,0
2023-03-22,Ergonomic Office Chair,North,9,322.03,2898.27,0,0
2023-03-22,Ergonomic Office Chair,West,8,322.77,2582.16,0,0
2023-03-22,Ergonomic Office Chair,South,6,316.91,1901.46,0,0
2023-03-22,Ergonomic Office Chair,East,7,316.2,2213.4,0,0
2023-03-23,Laptop Pro 15,North,9,1223.65,11012.85,0,0
2023-03-23,Laptop Pro 15,West,4,1191.79,4767.16,0,0
2023-03-23,Laptop Pro 15,South,7,1200.15,8401.05,0,0
2023-03-23,Laptop Pro 15,East,5,1218.06,6090.3,0,0
2023-03-23,Smartphone Ultra,North,23,748.17,17207.91,0,0
2023-03-23,Smartphone Ultra,West,15,755.69,11335.35,0,0
2023-03-23,Smartphone Ultra,South,13,741.43,9638.59,0,0
2023-03-23,Smartphone Ultra,East,5,753.66,3768.3,0,0
2023-03-23,Wireless Noise-Canceling Headphones,North,28,182.6,5112.8,0,0
2023-03-23,Wireless Noise-Canceling Headphones,West,28,181.41,5079.48,0,0
2023-03-23,Wireless Noise-Canceling Headphones,South,22,181.07,3983.54,0,0
2023-03-23,Wireless Noise-Canceling Headphones,East,17,177.36,3015.12,0,0
2023-03-23,Smart Fitness Watch,North,22,223.74,4922.28,0,0
2023-03-23,Smart Fitness Watch,West,13,218.53,2840.89,0,0
2023-03-23,Smart Fitness Watch,South,15,220.75,3311.25,0,0
2023-03-23,Smart Fitness Watch,East,13,218.41,2839.33,0,0
2023-03-23,Ergonomic Office Chair,North,10,315.39,3153.9,0,0
2023-03-23,Ergonomic Office Chair,West,14,323.54,4529.56,0,0
2023-03-23,Ergonomic Office Chair,South,8,314.09,2512.72,0,0
2023-03-23,Ergonomic Office Chair,East,6,326.14,1956.84,0,0
2023-03-24,Laptop Pro 15,North,6,1218.89,7313.34,0,0
2023-03-24,Laptop Pro 15,West,11,1189.18,13080.98,0,0
2023-03-24,Laptop Pro 15,South,3,1191.49,3574.47,0,0
2023-03-24,Laptop Pro 15,East,7,1202.73,8419.11,0,0
2023-03-24,Smartphone Ultra,North,20,757.09,15141.8,0,0
2023-03-24,Smartphone Ultra,West,18,738.49,13292.82,0,0
2023-03-24,Smartphone Ultra,South,16,737.39,11798.24,0,0
2023-03-24,Smartphone Ultra,East,12,744.86,8938.32,0,0
2023-03-24,Wireless Noise-Canceling Headphones,North,36,178.8,6436.8,0,0
2023-03-24,Wireless Noise-Canceling Headphones,West,35,180.99,6334.65,0,0
2023-03-24,Wireless Noise-Canceling Headphones,South,27,181.41,4898.07,0,0
2023-03-24,Wireless Noise-Canceling Headphones,East,21,182.29,3828.09,0,0
2023-03-24,Smart Fitness Watch,North,24,217.39,5217.36,0,0
2023-03-24,Smart Fitness Watch,West,20,218.21,4364.2,0,0
2023-03-24,Smart Fitness Watch,South,19,224.2,4259.8,0,0
2023-03-24,Smart Fitness Watch,East,23,221.98,5105.54,0,0
2023-03-24,Ergonomic Office Chair,North,10,317.96,3179.6,0,0
2023-03-24,Ergonomic Office Chair,West,7,316.84,2217.88,0,0
2023-03-24,Ergonomic Office Chair,South,4,317.09,1268.36,0,0
2023-03-24,Ergonomic Office Chair,East,8,318.06,2544.48,0,0
2023-03-25,Laptop Pro 15,North,10,1222.85,12228.5,0,0
2023-03-25,Laptop Pro 15,West,9,1191.12,10720.08,0,0
2023-03-25,Laptop Pro 15,South,11,1188.16,13069.76,0,0
2023-03-25,Laptop Pro 15,East,4,1196.3,4785.2,0,0
2023-03-25,Smartphone Ultra,North,22,757.22,16658.84,0,0
2023-03-25,Smartphone Ultra,West,24,745.14,17883.36,0,0
2023-03-25,Smartphone Ultra,South,17,757.65,12880.05,0,0
2023-03-25,Smartphone Ultra,East,13,746.97,9710.61,0,0
2023-03-25,Wireless Noise-Canceling Headphones,North,40,176.91,7076.4,0,0
2023-03-25,Wireless Noise-Canceling Headphones,West,36,180.1,6483.6,0,0
2023-03-25,Wireless Noise-Canceling Headphones,South,39,177.02,6903.78,0,0
2023-03-25,Wireless Noise-Canceling Headphones,East,36,180.55,6499.8,0,0
2023-03-25,Smart Fitness Watch,North,32,221.9,7100.8,0,0
2023-03-25,Smart Fitness Watch,West,20,216.87,4337.4,0,0
2023-03-25,Smart Fitness Watch,South,28,221.91,6213.48,0,0
2023-03-25,Smart Fitness Watch,East,28,220.35,6169.8,0,0
2023-03-25,Ergonomic Office Chair,North,12,319.69,3836.28,0,0
2023-03-25,Ergonomic Office Chair,West,18,324.98,5849.64,0,0
2023-03-25,Ergonomic Office Chair,South,10,325.06,3250.6,0,0
2023-03-25,Ergonomic Office Chair,East,13,319.76,4156.88,0,0
2023-03-26,Laptop Pro 15,North,12,1182.47,14189.64,0,0
2023-03-26,Laptop Pro 15,West,14,1189.01,16646.14,0,0
2023-03-26,Laptop Pro 15,South,4,1189.15,4756.6,0,0
2023-03-26,Laptop Pro 15,East,4,1196.61,4786.44,0,0
2023-03-26,Smartphone Ultra,North,20,755.28,15105.6,0,0
2023-03-26,Smartphone Ultra,West,23,756.85,17407.55,0,0
2023-03-26,Smartphone Ultra,South,11,763.8,8401.8,0,0
2023-03-26,Smartphone Ultra,East,17,763.37,12977.29,0,0
2023-03-26,Wireless Noise-Canceling Headphones,North,37,179.83,6653.71,0,0
2023-03-26,Wireless Noise-Canceling Headphones,West,48,180.01,8640.48,0,0
2023-03-26,Wireless Noise-Canceling Headphones,South,35,180.6,6321.0,0,0
2023-03-26,Wireless Noise-Canceling Headphones,East,16,176.57,2825.12,0,0
2023-03-26,Smart Fitness Watch,North,25,223.61,5590.25,0,0
2023-03-26,Smart Fitness Watch,West,32,216.42,6925.44,0,0
2023-03-26,Smart Fitness Watch,South,24,217.94,5230.56,0,0
2023-03-26,Smart Fitness Watch,East,18,218.98,3941.64,0,0
2023-03-26,Ergonomic Office Chair,North,15,315.17,4727.55,0,0
2023-03-26,Ergonomic Office Chair,West,18,323.0,5814.0,0,0
2023-03-26,Ergonomic Office Chair,South,9,314.89,2834.01,0,0
2023-03-26,Ergonomic Office Chair,East,12,321.71,3860.52,0,0
2023-03-27,Laptop Pro 15,North,5,1213.19,6065.95,0,0
2023-03-27,Laptop Pro 15,West,6,1190.23,7141.38,0,0
2023-03-27,Laptop Pro 15,South,3,1201.05,3603.15,0,0
2023-03-27,Laptop Pro 15,East,6,1179.83,7078.98,0,0
2023-03-27,Smartphone Ultra,North,15,756.65,11349.75,0,0
2023-03-27,Smartphone Ultra,West,9,756.97,6812.73,0,0
2023-03-27,Smartphone Ultra,South,14,747.12,10459.68,0,0
2023-03-27,Smartphone Ultra,East,8,751.47,6011.76,0,0
2023-03-27,Wireless Noise-Canceling Headphones,North,28,183.23,5130.44,0,0
2023-03-27,Wireless Noise-Canceling Headphones,West,34,182.17,6193.78,0,0
2023-03-27,Wireless Noise-Canceling Headphones,South,33,178.31,5884.23,0,0
2023-03-27,Wireless Noise-Canceling Headphones,East,19,180.04,3420.76,0,0
2023-03-27,Smart Fitness Watch,North,24,217.82,5227.68,0,0
2023-03-27,Smart Fitness Watch,West,22,218.69,4811.18,0,0
2023-03-27,Smart Fitness Watch,South,13,221.83,2883.79,0,0
2023-03-27,Smart Fitness Watch,East,12,216.48,2597.76,0,0
2023-03-27,Ergonomic Office Chair,North,12,323.96,3887.52,0,0
2023-03-27,Ergonomic Office Chair,West,14,326.38,4569.32,0,0
2023-03-27,Ergonomic Office Chair,South,8,323.69,2589.52,0,0
2023-03-27,Ergonomic Office Chair,East,8,320.07,2560.56,0,0
2023-03-28,Laptop Pro 15,North,8,1187.84,9502.72,0,0
2023-03-28,Laptop Pro 15,West,4,1190.43,4761.72,0,0
2023-03-28,Laptop Pro 15,South,10,1210.9,12109.0,0,0
2023-03-28,Laptop Pro 15,East,1,1176.44,1176.44,0,0
2023-03-28,Smartphone Ultra,North,15,735.68,11035.2,0,0
2023-03-28,Smartphone Ultra,West,17,751.8,12780.6,0,0
2023-03-28,Smartphone Ultra,South,11,747.22,8219.42,0,0
2023-03-28,Smartphone Ultra,East,8,740.96,5927.68,0,0
2023-03-28,Wireless Noise-Canceling Headphones,North,28,181.23,5074.44,0,0
2023-03-28,Wireless Noise-Canceling Headphones,West,31,179.77,5572.87,0,0
2023-03-28,Wireless Noise-Canceling Headphones,South,14,178.3,2496.2,0,0
2023-03-28,Wireless Noise-Canceling Headphones,East,20,183.06,3661.2,0,0
2023-03-28,Smart Fitness Watch,North,21,219.13,4601.73,0,0
2023-03-28,Smart Fitness Watch,West,16,219.41,3510.56,0,0
2023-03-28,Smart Fitness Watch,South,12,218.16,2617.92,0,0
2023-03-28,Smart Fitness Watch,East,12,221.99,2663.88,0,0
2023-03-28,Ergonomic Office Chair,North,3,314.94,944.82,0,0
2023-03-28,Ergonomic Office Chair,West,7,319.34,2235.38,0,0
2023-03-28,Ergonomic Office Chair,South,8,322.35,2578.8,0,0
2023-03-28,Ergonomic Office Chair,East,8,319.55,2556.4,0,0
2023-03-29,Laptop Pro 15,North,9,1189.98,10709.82,0,0
2023-03-29,Laptop Pro 15,West,4,1184.94,4739.76,0,0
2023-03-29,Laptop Pro 15,South,3,1192.73,3578.19,0,0
2023-03-29,Laptop Pro 15,East,6,1200.8,7204.8,0,0
2023-03-29,Smartphone Ultra,North,19,762.87,14494.53,0,0
2023-03-29,Smartphone Ultra,West,14,737.66,10327.24,0,0
2023-03-29,Smartphone Ultra,South,14,739.81,10357.34,0,0
2023-03-29,Smartphone Ultra,East,11,737.28,8110.08,0,0
2023-03-29,Wireless Noise-Canceling Headphones,North,31,177.76,5510.56,0,0
2023-03-29,Wireless Noise-Canceling Headphones,West,26,180.21,4685.46,0,0
2023-03-29,Wireless Noise-Canceling Headphones,South,21,180.79,3796.59,0,0
2023-03-29,Wireless Noise-Canceling Headphones,East,28,176.94,4954.32,0,0
2023-03-29,Smart Fitness Watch,North,19,216.43,4112.17,0,0
2023-03-29,Smart Fitness Watch,West,17,219.28,3727.76,0,0
2023-03-29,Smart Fitness Watch,South,16,222.42,3558.72,0,0
2023-03-29,Smart Fitness Watch,East,10,218.66,2186.6,0,0
2023-03-29,Ergonomic Office Chair,North,4,319.62,1278.48,0,0
2023-03-29,Ergonomic Office Chair,West,12,322.44,3869.28,0,0
2023-03-29,Ergonomic Office Chair,South,8,314.39,2515.12,0,0
2023-03-29,Ergonomic Office Chair,East,5,316.43,1582.15,0,0
2023-03-30,Laptop Pro 15,North,6,1195.52,7173.12,0,0
2023-03-30,Laptop Pro 15,West,6,1194.02,7164.12,0,0
2023-03-30,Laptop Pro 15,South,4,1213.08,4852.32,0,0
2023-03-30,Laptop Pro 15,East,1,1207.38,1207.38,0,0
2023-03-30,Smartphone Ultra,North,16,757.12,12113.92,0,0
2023-03-30,Smartphone Ultra,West,18,762.1,13717.8,0,0
2023-03-30,Smartphone Ultra,South,20,740.71,14814.2,0,0
2023-03-30,Smartphone Ultra,East,10,746.69,7466.9,0,0
2023-03-30,Wireless Noise-Canceling Headphones,North,32,178.78,5720.96,0,0
2023-03-30,Wireless Noise-Canceling Headphones,West,28,176.74,4948.72,0,0
2023-03-30,Wireless Noise-Canceling Headphones,South,21,181.41,3809.61,0,0
2023-03-30,Wireless Noise-Canceling Headphones,East,13,178.46,2319.98,0,0
2023-03-30,Smart Fitness Watch,North,20,216.76,4335.2,0,0
2023-03-30,Smart Fitness Watch,West,18,222.49,4004.82,0,0
2023-03-30,Smart Fitness Watch,South,17,217.37,3695.29,0,0
2023-03-30,Smart Fitness Watch,East,11,217.79,2395.69,0,0
2023-03-30,Ergonomic Office Chair,North,10,317.51,3175.1,0,0
2023-03-30,Ergonomic Office Chair,West,8,318.7,2549.6,0,0
2023-03-30,Ergonomic Office Chair,South,6,317.61,1905.66,0,0
2023-03-30,Ergonomic Office Chair,East,9,324.44,2919.96,0,0
2023-03-31,Laptop Pro 15,North,11,1176.13,12937.43,0,0
2023-03-31,Laptop Pro 15,West,7,1199.94,8399.58,0,0
2023-03-31,Laptop Pro 15,South,7,1182.64,8278.48,0,0
2023-03-31,Laptop Pro 15,East,4,1182.64,4730.56,0,0
2023-03-31,Smartphone Ultra,North,22,758.49,16686.78,0,0
2023-03-31,Smartphone Ultra,West,21,755.59,15867.39,0,0
2023-03-31,Smartphone Ultra,South,17,735.99,12511.83,0,0
2023-03-31,Smartphone Ultra,East,17,742.96,12630.32,0,0
2023-03-31,Wireless Noise-Canceling Headphones,North,35,178.61,6251.35,0,0
2023-03-31,Wireless Noise-Canceling Headphones,West,28,179.94,5038.32,0,0
2023-03-31,Wireless Noise-Canceling Headphones,South,31,178.34,5528.54,0,0
2023-03-31,Wireless Noise-Canceling Headphones,East,18,183.06,3295.08,0,0
2023-03-31,Smart Fitness Watch,North,19,222.3,4223.7,0,0
2023-03-31,Smart Fitness Watch,West,26,217.15,5645.9,0,0
2023-03-31,Smart Fitness Watch,South,18,219.69,3954.42,0,0
2023-03-31,Smart Fitness Watch,East,15,218.81,3282.15,0,0
2023-03-31,Ergonomic Office Chair,North,9,325.6,2930.4,0,0
2023-03-31,Ergonomic Office Chair,West,6,320.22,1921.32,0,0
2023-03-31,Ergonomic Office Chair,South,9,315.27,2837.43,0,0
2023-03-31,Ergonomic Office Chair,East,13,319.49,4153.37,0,0
2023-04-01,Laptop Pro 15,North,14,1223.78,17132.92,0,0
2023-04-01,Laptop Pro 15,West,8,1210.09,9680.72,0,0
2023-04-01,Laptop Pro 15,South,8,1203.55,9628.4,0,0
2023-04-01,Laptop Pro 15,East,5,1216.75,6083.75,0,0
2023-04-01,Smartphone Ultra,North,22,759.18,16701.96,0,0
2023-04-01,Smartphone Ultra,West,23,747.83,17200.09,0,0
2023-04-01,Smartphone Ultra,South,14,740.24,10363.36,0,0
2023-04-01,Smartphone Ultra,East,12,742.9,8914.8,0,0
2023-04-01,Wireless Noise-Canceling Headphones,North,32,177.04,5665.28,0,0
2023-04-01,Wireless Noise-Canceling Headphones,West,24,181.59,4358.16,0,0
2023-04-01,Wireless Noise-Canceling Headphones,South,32,180.47,5775.04,0,0
2023-04-01,Wireless Noise-Canceling Headphones,East,24,176.8,4243.2,0,0
2023-04-01,Smart Fitness Watch,North,30,222.67,6680.1,0,0
2023-04-01,Smart Fitness Watch,West,21,221.91,4660.11,0,0
2023-04-01,Smart Fitness Watch,South,15,221.93,3328.95,0,0
2023-04-01,Smart Fitness Watch,East,22,221.92,4882.24,0,0
2023-04-01,Ergonomic Office Chair,North,4,318.37,1273.48,0,0
2023-04-01,Ergonomic Office Chair,West,7,325.34,2277.38,0,0
2023-04-01,Ergonomic Office Chair,South,9,313.6,2822.4,0,0
2023-04-01,Ergonomic Office Chair,East,4,321.36,1285.44,0,0
2023-04-02,Laptop Pro 15,North,6,1217.76,7306.56,0,0
2023-04-02,Laptop Pro 15,West,10,1176.15,11761.5,0,0
2023-04-02,Laptop Pro 15,South,7,1176.58,8236.06,0,0
2023-04-02,Laptop Pro 15,East,6,1200.6,7203.6,0,0
2023-04-02,Smartphone Ultra,North,24,742.54,17820.96,0,0
2023-04-02,Smartphone Ultra,West,16,757.25,12116.0,0,0
2023-04-02,Smartphone Ultra,South,21,742.02,15582.42,0,0
2023-04-02,Smartphone Ultra,East,16,749.53,11992.48,0,0
2023-04-02,Wireless Noise-Canceling Headphones,North,39,180.47,7038.33,0,0
2023-04-02,Wireless Noise-Canceling Headphones,West,40,181.8,7272.0,0,0
2023-04-02,Wireless Noise-Canceling Headphones,South,24,183.43,4402.32,0,0
2023-04-02,Wireless Noise-Canceling Headphones,East,39,179.59,7004.01,0,0
2023-04-02,Smart Fitness Watch,North,22,222.91,4904.02,0,0
2023-04-02,Smart Fitness Watch,West,38,218.71,8310.98,0,0
2023-04-02,Smart Fitness Watch,South,24,223.61,5366.64,0,0
2023-04-02,Smart Fitness Watch,East,25,218.46,5461.5,0,0
2023-04-02,Ergonomic Office Chair,North,10,324.04,3240.4,0,0
2023-04-02,Ergonomic Office Chair,West,11,319.63,3515.93,0,0
2023-04-02,Ergonomic Office Chair,South,13,324.58,4219.54,0,0
2023-04-02,Ergonomic Office Chair,East,10,321.84,3218.4,0,0
2023-04-03,Laptop Pro 15,North,7,1176.33,8234.31,0,0
2023-04-03,Laptop Pro 15,West,3,1177.37,3532.11,0,0
2023-04-03,Laptop Pro 15,South,3,1219.79,3659.37,0,0
2023-04-03,Laptop Pro 15,East,3,1223.27,3669.81,0,0
2023-04-03,Smartphone Ultra,North,18,761.81,13712.58,0,0
2023-04-03,Smartphone Ultra,West,13,737.99,9593.87,0,0
2023-04-03,Smartphone Ultra,South,19,741.75,14093.25,0,0
2023-04-03,Smartphone Ultra,East,12,753.58,9042.96,0,0
2023-04-03,Wireless Noise-Canceling Headphones,North,23,181.85,4182.55,0,0
2023-04-03,Wireless Noise-Canceling Headphones,West,26,179.35,4663.1,0,0
2023-04-03,Wireless Noise-Canceling Headphones,South,23,179.62,4131.26,0,0
2023-04-03,Wireless Noise-Canceling Headphones,East,23,178.68,4109.64,0,0
2023-04-03,Smart Fitness Watch,North,17,220.73,3752.41,0,0
2023-04-03,Smart Fitness Watch,West,15,221.35,3320.25,0,0
2023-04-03,Smart Fitness Watch,South,19,220.03,4180.57,0,0
2023-04-03,Smart Fitness Watch,East,18,218.27,3928.86,0,0
2023-04-03,Ergonomic Office Chair,North,10,321.44,3214.4,0,0
2023-04-03,Ergonomic Office Chair,West,9,321.14,2890.26,0,0
2023-04-03,Ergonomic Office Chair,South,9,320.15,2881.35,0,0
2023-04-03,Ergonomic Office Chair,East,3,322.62,967.86,0,0
2023-04-04,Laptop Pro 15,North,3,1205.4,3616.2,0,0
2023-04-04,Laptop Pro 15,West,2,1187.97,2375.94,0,0
2023-04-04,Laptop Pro 15,South,9,1205.95,10853.55,0,0
2023-04-04,Laptop Pro 15,East,2,1181.72,2363.44,0,0
2023-04-04,Smartphone Ultra,North,18,751.6,13528.8,0,0
2023-04-04,Smartphone Ultra,West,22,753.75,16582.5,0,0
2023-04-04,Smartphone Ultra,South,16,750.58,12009.28,0,0
2023-04-04,Smartphone Ultra,East,15,761.66,11424.9,0,0
2023-04-04,Wireless Noise-Canceling Headphones,North,23,176.78,4065.94,0,0
2023-04-04,Wireless Noise-Canceling Headphones,West,32,178.05,5697.6,0,0
2023-04-04,Wireless Noise-Canceling Headphones,South,19,182.4,3465.6,0,0
2023-04-04,Wireless Noise-Canceling Headphones,East,20,179.82,3596.4,0,0
2023-04-04,Smart Fitness Watch,North,19,216.71,4117.49,0,0
2023-04-04,Smart Fitness Watch,West,18,219.98,3959.64,0,0
2023-04-04,Smart Fitness Watch,South,16,216.83,3469.28,0,0
2023-04-04,Smart Fitness Watch,East,14,217.22,3041.08,0,0
2023-04-04,Ergonomic Office Chair,North,11,324.8,3572.8,0,0
2023-04-04,Ergonomic Office Chair,West,4,324.97,1299.88,0,0
2023-04-04,Ergonomic Office Chair,South,7,317.51,2222.57,0,0
2023-04-04,Ergonomic Office Chair,East,4,313.96,1255.84,0,0
2023-04-05,Laptop Pro 15,North,9,1180.38,10623.42,0,0
2023-04-05,Laptop Pro 15,West,5,1209.93,6049.65,0,0
2023-04-05,Laptop Pro 15,South,6,1214.38,7286.28,0,0
2023-04-05,Laptop Pro 15,East,6,1198.83,7192.98,0,0
2023-04-05,Smartphone Ultra,North,14,764.01,10696.14,0,0
2023-04-05,Smartphone Ultra,West,11,764.52,8409.72,0,0
2023-04-05,Smartphone Ultra,South,10,747.09,7470.9,0,0
2023-04-05,Smartphone Ultra,East,17,752.64,12794.88,0,0
2023-04-05,Wireless Noise-Canceling Headphones,North,28,177.0,4956.0,0,0
2023-04-05,Wireless Noise-Canceling Headphones,West,29,181.22,5255.38,0,0
2023-04-05,Wireless Noise-Canceling Headphones,South,21,179.65,3772.65,0,0
2023-04-05,Wireless Noise-Canceling Headphones,East,18,183.45,3302.1,0,0
2023-04-05,Smart Fitness Watch,North,20,222.91,4458.2,0,0
2023-04-05,Smart Fitness Watch,West,17,219.2,3726.4,0,0
2023-04-05,Smart Fitness Watch,South,15,222.89,3343.35,0,0
2023-04-05,Smart Fitness Watch,East,8,219.37,1754.96,0,0
2023-04-05,Ergonomic Office Chair,North,4,317.65,1270.6,0,0
2023-04-05,Ergonomic Office Chair,West,11,322.87,3551.57,0,0
2023-04-05,Ergonomic Office Chair,South,8,320.41,2563.28,0,0
2023-04-05,Ergonomic Office Chair,East,5,325.83,1629.15,0,0
2023-04-06,Laptop Pro 15,North,3,1187.17,3561.51,0,0
2023-04-06,Laptop Pro 15,West,7,1188.0,8316.0,0,0
2023-04-06,Laptop Pro 15,South,5,1209.83,6049.15,0,0
2023-04-06,Laptop Pro 15,East,8,1215.41,9723.28,0,0
2023-04-06,Smartphone Ultra,North,15,758.59,11378.85,0,0
2023-04-06,Smartphone Ultra,West,14,754.01,10556.14,0,0
2023-04-06,Smartphone Ultra,South,17,753.05,12801.85,0,0
2023-04-06,Smartphone Ultra,East,12,762.13,9145.56,0,0
2023-04-06,Wireless Noise-Canceling Headphones,North,28,183.58,5140.24,0,0
2023-04-06,Wireless Noise-Canceling Headphones,West,26,180.09,4682.34,0,0
2023-04-06,Wireless Noise-Canceling Headphones,South,27,178.23,4812.21,0,0
2023-04-06,Wireless Noise-Canceling Headphones,East,15,183.42,2751.3,0,0
2023-04-06,Smart Fitness Watch,North,26,221.29,5753.54,0,0
2023-04-06,Smart Fitness Watch,West,20,222.16,4443.2,0,0
2023-04-06,Smart Fitness Watch,South,17,220.02,3740.34,0,0
2023-04-06,Smart Fitness Watch,East,14,218.05,3052.7,0,0
2023-04-06,Ergonomic Office Chair,North,7,323.76,2266.32,0,0
2023-04-06,Ergonomic Office Chair,West,9,319.34,2874.06,0,0
2023-04-06,Ergonomic Office Chair,South,8,314.66,2517.28,0,0
2023-04-06,Ergonomic Office Chair,East,8,323.32,2586.56,0,0
2023-04-07,Laptop Pro 15,North,15,1176.97,17654.55,0,0
2023-04-07,Laptop Pro 15,West,10,1203.46,12034.6,0,0
2023-04-07,Laptop Pro 15,South,6,1199.39,7196.34,0,0
2023-04-07,Laptop Pro 15,East,5,1216.74,6083.7,0,0
2023-04-07,Smartphone Ultra,North,20,742.39,14847.8,0,0
2023-04-07,Smartphone Ultra,West,12,740.0,8880.0,0,0
2023-04-07,Smartphone Ultra,South,15,743.94,11159.1,0,0
2023-04-07,Smartphone Ultra,East,3,735.79,2207.37,0,0
2023-04-07,Wireless Noise-Canceling Headphones,North,36,182.13,6556.68,0,0
2023-04-07,Wireless Noise-Canceling Headphones,West,30,180.09,5402.7,0,0
2023-04-07,Wireless Noise-Canceling Headphones,South,30,177.28,5318.4,0,0
2023-04-07,Wireless Noise-Canceling Headphones,East,23,179.59,4130.57,0,0
2023-04-07,Smart Fitness Watch,North,25,221.06,5526.5,0,0
2023-04-07,Smart Fitness Watch,West,23,221.81,5101.63,0,0
2023-04-07,Smart Fitness Watch,South,20,223.29,4465.8,0,0
2023-04-07,Smart Fitness Watch,East,15,222.33,3334.95,0,0
2023-04-07,Ergonomic Office Chair,North,11,325.02,3575.22,0,0
2023-04-07,Ergonomic Office Chair,West,8,320.8,2566.4,0,0
2023-04-07,Ergonomic Office Chair,South,11,318.74,3506.14,0,0
2023-04-07,Ergonomic Office Chair,East,8,325.87,2606.96,0,0
2023-04-08,Laptop Pro 15,North,8,1216.58,9732.64,0,0
2023-04-08,Laptop Pro 15,West,13,1179.6,15334.8,0,0
2023-04-08,Laptop Pro 15,South,11,1198.75,13186.25,0,0
2023-04-08,Laptop Pro 15,East,6,1217.82,7306.92,0,0
2023-04-08,Smartphone Ultra,North,22,739.2,16262.4,0,0
2023-04-08,Smartphone Ultra,West,19,750.34,14256.46,0,0
2023-04-08,Smartphone Ultra,South,12,745.73,8948.76,0,0
2023-04-08,Smartphone Ultra,East,13,762.08,9907.04,0,0
2023-04-08,Wireless Noise-Canceling Headphones,North,45,177.9,8005.5,0,0
2023-04-08,Wireless Noise-Canceling Headphones,West,37,181.75,6724.75,0,0
2023-04-08,Wireless Noise-Canceling Headphones,South,26,179.02,4654.52,0,0
2023-04-08,Wireless Noise-Canceling Headphones,East,39,181.84,7091.76,0,0
2023-04-08,Smart Fitness Watch,North,32,220.63,7060.16,0,0
2023-04-08,Smart Fitness Watch,West,34,223.92,7613.28,0,0
2023-04-08,Smart Fitness Watch,South,18,223.44,4021.92,0,0
2023-04-08,Smart Fitness Watch,East,20,223.82,4476.4,0,0
2023-04-08,Ergonomic Office Chair,North,11,319.31,3512.41,0,0
2023-04-08,Ergonomic Office Chair,West,12,314.21,3770.52,0,0
2023-04-08,Ergonomic Office Chair,South,14,321.14,4495.96,0,0
2023-04-08,Ergonomic Office Chair,East,2,322.62,645.24,0,0
2023-04-09,Laptop Pro 15,North,5,1213.05,6065.25,0,0
2023-04-09,Laptop Pro 15,West,10,1179.42,11794.2,0,0
2023-04-09,Laptop Pro 15,South,10,1193.79,11937.9,0,0
2023-04-09,Laptop Pro 15,East,4,1204.28,4817.12,0,0
2023-04-09,Smartphone Ultra,North,23,754.87,17362.01,0,0
2023-04-09,Smartphone Ultra,West,14,743.62,10410.68,0,0
2023-04-09,Smartphone Ultra,South,26,764.18,19868.68,0,0
2023-04-09,Smartphone Ultra,East,11,742.27,8164.97,0,0
2023-04-09,Wireless Noise-Canceling Headphones,North,41,180.06,7382.46,0,0
2023-04-09,Wireless Noise-Canceling Headphones,West,45,179.24,8065.8,0,0
2023-04-09,Wireless Noise-Canceling Headphones,South,29,177.67,5152.43,0,0
2023-04-09,Wireless Noise-Canceling Headphones,East,29,182.54,5293.66,0,0
2023-04-09,Smart Fitness Watch,North,32,218.8,7001.6,0,0
2023-04-09,Smart Fitness Watch,West,21,219.88,4617.48,0,0
2023-04-09,Smart Fitness Watch,South,18,217.06,3907.08,0,0
2023-04-09,Smart Fitness Watch,East,23,220.23,5065.29,0,0
2023-04-09,Ergonomic Office Chair,North,12,324.83,3897.96,0,0
2023-04-09,Ergonomic Office Chair,West,16,313.8,5020.8,0,0
2023-04-09,Ergonomic Office Chair,South,9,320.74,2886.66,0,0
2023-04-09,Ergonomic Office Chair,East,7,318.82,2231.74,0,0
2023-04-10,Laptop Pro 15,North,10,1185.71,11857.1,0,0
2023-04-10,Laptop Pro 15,West,1,1190.45,1190.45,0,0
2023-04-10,Laptop Pro 15,South,8,1186.56,9492.48,0,0
2023-04-10,Laptop Pro 15,East,1,1210.37,1210.37,0,0
2023-04-10,Smartphone Ultra,North,14,745.17,10432.38,0,0
2023-04-10,Smartphone Ultra,West,19,740.2,14063.8,0,0
2023-04-10,Smartphone Ultra,South,11,745.46,8200.06,0,0
2023-04-10,Smartphone Ultra,East,14,745.54,10437.56,0,0
2023-04-10,Wireless Noise-Canceling Headphones,North,34,183.18,6228.12,0,0
2023-04-10,Wireless Noise-Canceling Headphones,West,23,181.99,4185.77,0,0
2023-04-10,Wireless Noise-Canceling Headphones,South,24,181.85,4364.4,0,0
2023-04-10,Wireless Noise-Canceling Headphones,East,22,182.81,4021.82,0,0
2023-04-10,Smart Fitness Watch,North,23,219.38,5045.74,0,0
2023-04-10,Smart Fitness Watch,West,19,224.0,4256.0,0,0
2023-04-10,Smart Fitness Watch,South,11,220.05,2420.55,0,0
2023-04-10,Smart Fitness Watch,East,19,217.61,4134.59,0,0
2023-04-10,Ergonomic Office Chair,North,12,315.25,3783.0,0,0
2023-04-10,Ergonomic Office Chair,West,12,324.02,3888.24,0,0
2023-04-10,Ergonomic Office Chair,South,7,323.24,2262.68,0,0
2023-04-10,Ergonomic Office Chair,East,5,325.25,1626.25,0,0
2023-04-11,Laptop Pro 15,North,6,1194.59,7167.54,0,0
2023-04-11,Laptop Pro 15,West,6,1217.06,7302.36,0,0
2023-04-11,Laptop Pro 15,South,4,1179.18,4716.72,0,0
2023-04-11,Laptop Pro 15,East,2,1200.69,2401.38,0,0
2023-04-11,Smartphone Ultra,North,17,754.69,12829.73,0,0
2023-04-11,Smartphone Ultra,West,16,749.21,11987.36,0,0
2023-04-11,Smartphone Ultra,South,12,741.9,8902.8,0,0
2023-04-11,Smartphone Ultra,East,8,760.77,6086.16,0,0
2023-04-11,Wireless Noise-Canceling Headphones,North,18,179.97,3239.46,0,0
2023-04-11,Wireless Noise-Canceling Headphones,West,28,181.56,5083.68,0,0
2023-04-11,Wireless Noise-Canceling Headphones,South,24,176.58,4237.92,0,0
2023-04-11,Wireless Noise-Canceling Headphones,East,23,182.41,4195.43,0,0
2023-04-11,Smart Fitness Watch,North,19,223.28,4242.32,0,0
2023-04-11,Smart Fitness Watch,West,25,217.44,5436.0,0,0
2023-04-11,Smart Fitness Watch,South,20,217.29,4345.8,0,0
2023-04-11,Smart Fitness Watch,East,20,215.83,4316.6,0,0
2023-04-11,Ergonomic Office Chair,North,7,325.49,2278.43,0,0
2023-04-11,Ergonomic Office Chair,West,8,322.59,2580.72,0,0
2023-04-11,Ergonomic Office Chair,South,8,320.98,2567.84,0,0
2023-04-11,Ergonomic Office Chair,East,9,319.46,2875.14,0,0
2023-04-12,Laptop Pro 15,North,7,1178.06,8246.42,0,0
2023-04-12,Laptop Pro 15,West,12,1182.62,14191.44,0,0
2023-04-12,Laptop Pro 15,South,6,1193.14,7158.84,0,0
2023-04-12,Laptop Pro 15,East,11,1219.53,13414.83,0,0
2023-04-12,Smartphone Ultra,North,16,751.99,12031.84,0,0
2023-04-12,Smartphone Ultra,West,10,759.93,7599.3,0,0
2023-04-12,Smartphone Ultra,South,21,742.64,15595.44,0,0
2023-04-12,Smartphone Ultra,East,12,762.73,9152.76,0,0
2023-04-12,Wireless Noise-Canceling Headphones,North,31,181.53,5627.43,0,0
2023-04-12,Wireless Noise-Canceling Headphones,West,14,179.33,2510.62,0,0
2023-04-12,Wireless Noise-Canceling Headphones,South,18,177.36,3192.48,0,0
2023-04-12,Wireless Noise-Canceling Headphones,East,21,183.52,3853.92,0,0
2023-04-12,Smart Fitness Watch,North,18,223.85,4029.3,0,0
2023-04-12,Smart Fitness Watch,West,14,222.24,3111.36,0,0
2023-04-12,Smart Fitness Watch,South,21,216.4,4544.4,0,0
2023-04-12,Smart Fitness Watch,East,6,220.08,1320.48,0,0
2023-04-12,Ergonomic Office Chair,North,8,315.28,2522.24,0,0
2023-04-12,Ergonomic Office Chair,West,13,317.85,4132.05,0,0
2023-04-12,Ergonomic Office Chair,South,11,323.7,3560.7,0,0
2023-04-12,Ergonomic Office Chair,East,5,319.15,1595.75,0,0
2023-04-13,Laptop Pro 15,North,10,1210.68,12106.8,0,0
2023-04-13,Laptop Pro 15,West,9,1190.88,10717.92,0,0
2023-04-13,Laptop Pro 15,South,7,1208.2,8457.4,0,0
2023-04-13,Laptop Pro 15,East,4,1205.26,4821.04,0,0
2023-04-13,Smartphone Ultra,North,14,759.96,10639.44,0,0
2023-04-13,Smartphone Ultra,West,11,755.16,8306.76,0,0
2023-04-13,Smartphone Ultra,South,10,760.04,7600.4,0,0
2023-04-13,Smartphone Ultra,East,14,751.02,10514.28,0,0
2023-04-13,Wireless Noise-Canceling Headphones,North,17,179.9,3058.3,0,0
2023-04-13,Wireless Noise-Canceling Headphones,West,27,183.43,4952.61,0,0
2023-04-13,Wireless Noise-Canceling Headphones,South,25,181.61,4540.25,0,0
2023-04-13,Wireless Noise-Canceling Headphones,East,26,180.6,4695.6,0,0
2023-04-13,Smart Fitness Watch,North,13,218.09,2835.17,0,0
2023-04-13,Smart Fitness Watch,West,21,216.95,4555.95,0,0
2023-04-13,Smart Fitness Watch,South,13,216.73,2817.49,0,0
2023-04-13,Smart Fitness Watch,East,11,218.48,2403.28,0,0
2023-04-13,Ergonomic Office Chair,North,10,318.51,3185.1,0,0
2023-04-13,Ergonomic Office Chair,West,7,319.1,2233.7,0,0
2023-04-13,Ergonomic Office Chair,South,9,319.23,2873.07,0,0
2023-04-13,Ergonomic Office Chair,East,6,324.82,1948.92,0,0
2023-04-14,Laptop Pro 15,North,11,1039.4,11433.4,1,0
2023-04-14,Laptop Pro 15,West,15,1055.77,15836.55,1,0
2023-04-14,Laptop Pro 15,South,12,1051.65,12619.8,1,0
2023-04-14,Laptop Pro 15,East,11,1032.59,11358.49,1,0
2023-04-14,Smartphone Ultra,North,18,643.47,11582.46,1,0
2023-04-14,Smartphone Ultra,West,19,652.29,12393.51,1,0
2023-04-14,Smartphone Ultra,South,23,677.47,15581.81,1,0
2023-04-14,Smartphone Ultra,East,15,688.2,10323.0,1,0
2023-04-14,Wireless Noise-Canceling Headphones,North,43,161.91,6962.13,1,0
2023-04-14,Wireless Noise-Canceling Headphones,West,46,159.98,7359.08,1,0
2023-04-14,Wireless Noise-Canceling Headphones,South,43,153.14,6585.02,1,0
2023-04-14,Wireless Noise-Canceling Headphones,East,32,161.37,5163.84,1,0
2023-04-14,Smart Fitness Watch,North,28,190.04,5321.12,1,0
2023-04-14,Smart Fitness Watch,West,33,187.36,6182.88,1,0
2023-04-14,Smart Fitness Watch,South,21,188.05,3949.05,1,0
2023-04-14,Smart Fitness Watch,East,16,194.16,3106.56,1,0
2023-04-14,Ergonomic Office Chair,North,18,282.19,5079.42,1,0
2023-04-14,Ergonomic Office Chair,West,13,285.51,3711.63,1,0
2023-04-14,Ergonomic Office Chair,South,13,273.05,3549.65,1,0
2023-04-14,Ergonomic Office Chair,East,17,281.91,4792.47,1,0
2023-04-15,Laptop Pro 15,North,9,1081.3,9731.7,1,0
2023-04-15,Laptop Pro 15,West,9,1046.26,9416.34,1,0
2023-04-15,Laptop Pro 15,South,10,1034.27,10342.7,1,0
2023-04-15,Laptop Pro 15,East,9,1043.01,9387.09,1,0
2023-04-15,Smartphone Ultra,North,33,644.5,21268.5,1,0
2023-04-15,Smartphone Ultra,West,35,677.88,23725.8,1,0
2023-04-15,Smartphone Ultra,South,25,657.02,16425.5,1,0
2023-04-15,Smartphone Ultra,East,18,659.53,11871.54,1,0
2023-04-15,Wireless Noise-Canceling Headphones,North,68,156.05,10611.4,1,0
2023-04-15,Wireless Noise-Canceling Headphones,West,60,164.56,9873.6,1,0
2023-04-15,Wireless Noise-Canceling Headphones,South,45,158.88,7149.6,1,0
2023-04-15,Wireless Noise-Canceling Headphones,East,33,158.36,5225.88,1,0
2023-04-15,Smart Fitness Watch,North,45,197.6,8892.0,1,0
2023-04-15,Smart Fitness Watch,West,34,187.68,6381.12,1,0
2023-04-15,Smart Fitness Watch,South,31,189.61,5877.91,1,0
2023-04-15,Smart Fitness Watch,East,30,199.13,5973.9,1,0
2023-04-15,Ergonomic Office Chair,North,14,287.41,4023.74,1,0
2023-04-15,Ergonomic Office Chair,West,15,275.3,4129.5,1,0
2023-04-15,Ergonomic Office Chair,South,14,281.43,3940.02,1,0
2023-04-15,Ergonomic Office Chair,East,16,276.3,4420.8,1,0
2023-04-16,Laptop Pro 15,North,14,1053.49,14748.86,1,0
2023-04-16,Laptop Pro 15,West,8,1026.11,8208.88,1,0
2023-04-16,Laptop Pro 15,South,6,1045.65,6273.9,1,0
2023-04-16,Laptop Pro 15,East,12,1059.92,12719.04,1,0
2023-04-16,Smartphone Ultra,North,26,688.92,17911.92,1,0
2023-04-16,Smartphone Ultra,West,30,664.16,19924.8,1,0
2023-04-16,Smartphone Ultra,South,26,684.22,17789.72,1,0
2023-04-16,Smartphone Ultra,East,26,666.11,17318.86,1,0
2023-04-16,Wireless Noise-Canceling Headphones,North,49,159.1,7795.9,1,0
2023-04-16,Wireless Noise-Canceling Headphones,West,51,163.86,8356.86,1,0
2023-04-16,Wireless Noise-Canceling Headphones,South,38,153.31,5825.78,1,0
2023-04-16,Wireless Noise-Canceling Headphones,East,37,154.27,5707.99,1,0
2023-04-16,Smart Fitness Watch,North,39,200.94,7836.66,1,0
2023-04-16,Smart Fitness Watch,West,46,188.25,8659.5,1,0
2023-04-16,Smart Fitness Watch,South,35,197.35,6907.25,1,0
2023-04-16,Smart Fitness Watch,East,31,200.21,6206.51,1,0
2023-04-16,Ergonomic Office Chair,North,9,294.37,2649.33,1,0
2023-04-16,Ergonomic Office Chair,West,16,276.09,4417.44,1,0
2023-04-16,Ergonomic Office Chair,South,16,279.04,4464.64,1,0
2023-04-16,Ergonomic Office Chair,East,16,280.72,4491.52,1,0
2023-04-17,Laptop Pro 15,North,7,1221.14,8547.98,0,0
2023-04-17,Laptop Pro 15,West,5,1195.13,5975.65,0,0
2023-04-17,Laptop Pro 15,South,9,1192.3,10730.7,0,0
2023-04-17,Laptop Pro 15,East,2,1217.03,2434.06,0,0
2023-04-17,Smartphone Ultra,North,14,753.83,10553.62,0,0
2023-04-17,Smartphone Ultra,West,14,756.28,10587.92,0,0
2023-04-17,Smartphone Ultra,South,16,760.15,12162.4,0,0
2023-04-17,Smartphone Ultra,East,12,764.14,9169.68,0,0
2023-04-17,Wireless Noise-Canceling Headphones,North,21,182.53,3833.13,0,0
2023-04-17,Wireless Noise-Canceling Headphones,West,35,180.68,6323.8,0,0
2023-04-17,Wireless Noise-Canceling Headphones,South,26,177.27,4609.02,0,0
2023-04-17,Wireless Noise-Canceling Headphones,East,24,179.64,4311.36,0,0
2023-04-17,Smart Fitness Watch,North,19,223.92,4254.48,0,0
2023-04-17,Smart Fitness Watch,West,15,222.75,3341.25,0,0
2023-04-17,Smart Fitness Watch,South,19,220.57,4190.83,0,0
2023-04-17,Smart Fitness Watch,East,9,219.24,1973.16,0,0
2023-04-17,Ergonomic Office Chair,North,5,319.94,1599.7,0,0
2023-04-17,Ergonomic Office Chair,West,6,315.54,1893.24,0,0
2023-04-17,Ergonomic Office Chair,South,11,323.64,3560.04,0,0
2023-04-17,Ergonomic Office Chair,East,8,316.35,2530.8,0,0
2023-04-18,Laptop Pro 15,North,9,1194.51,10750.59,0,0
2023-04-18,Laptop Pro 15,West,4,1213.72,4854.88,0,0
2023-04-18,Laptop Pro 15,South,3,1202.49,3607.47,0,0
2023-04-18,Laptop Pro 15,East,2,1181.55,2363.1,0,0
2023-04-18,Smartphone Ultra,North,9,749.57,6746.13,0,0
2023-04-18,Smartphone Ultra,West,13,762.87,9917.31,0,0
2023-04-18,Smartphone Ultra,South,19,761.54,14469.26,0,0
2023-04-18,Smartphone Ultra,East,9,753.41,6780.69,0,0
2023-04-18,Wireless Noise-Canceling Headphones,North,30,179.28,5378.4,0,0
2023-04-18,Wireless Noise-Canceling Headphones,West,26,178.34,4636.84,0,0
2023-04-18,Wireless Noise-Canceling Headphones,South,16,179.3,2868.8,0,0
2023-04-18,Wireless Noise-Canceling Headphones,East,17,176.93,3007.81,0,0
2023-04-18,Smart Fitness Watch,North,17,224.39,3814.63,0,0
2023-04-18,Smart Fitness Watch,West,21,222.48,4672.08,0,0
2023-04-18,Smart Fitness Watch,South,15,222.93,3343.95,0,0
2023-04-18,Smart Fitness Watch,East,16,218.56,3496.96,0,0
2023-04-18,Ergonomic Office Chair,North,5,321.5,1607.5,0,0
2023-04-18,Ergonomic Office Chair,West,8,322.93,2583.44,0,0
2023-04-18,Ergonomic Office Chair,South,11,315.29,3468.19,0,0
2023-04-18,Ergonomic Office Chair,East,4,325.75,1303.0,0,0
2023-04-19,Laptop Pro 15,North,8,1179.65,9437.2,0,0
2023-04-19,Laptop Pro 15,West,7,1195.7,8369.9,0,0
2023-04-19,Laptop Pro 15,South,3,1210.09,3630.27,0,0
2023-04-19,Laptop Pro 15,East,5,1206.93,6034.65,0,0
2023-04-19,Smartphone Ultra,North,19,744.67,14148.73,0,0
2023-04-19,Smartphone Ultra,West,14,764.55,10703.7,0,0
2023-04-19,Smartphone Ultra,South,17,735.17,12497.89,0,0
2023-04-19,Smartphone Ultra,East,3,738.43,2215.29,0,0
2023-04-19,Wireless Noise-Canceling Headphones,North,28,181.7,5087.6,0,0
2023-04-19,Wireless Noise-Canceling Headphones,West,22,180.06,3961.32,0,0
2023-04-19,Wireless Noise-Canceling Headphones,South,31,181.4,5623.4,0,0
2023-04-19,Wireless Noise-Canceling Headphones,East,13,178.19,2316.47,0,0
2023-04-19,Smart Fitness Watch,North,19,217.86,4139.34,0,0
2023-04-19,Smart Fitness Watch,West,10,215.8,2158.0,0,0
2023-04-19,Smart Fitness Watch,South,13,224.28,2915.64,0,0
2023-04-19,Smart Fitness Watch,East,12,220.4,2644.8,0,0
2023-04-19,Ergonomic Office Chair,North,13,326.3,4241.9,0,0
2023-04-19,Ergonomic Office Chair,West,7,318.25,2227.75,0,0
2023-04-19,Ergonomic Office Chair,South,6,314.95,1889.7,0,0
2023-04-19,Ergonomic Office Chair,East,6,316.44,1898.64,0,0
2023-04-20,Laptop Pro 15,North,10,1178.02,11780.2,0,0
2023-04-20,Laptop Pro 15,West,8,1184.29,9474.32,0,0
2023-04-20,Laptop Pro 15,South,5,1219.34,6096.7,0,0
2023-04-20,Laptop Pro 15,East,8,1201.53,9612.24,0,0
2023-04-20,Smartphone Ultra,North,14,757.74,10608.36,0,0
2023-04-20,Smartphone Ultra,West,22,759.27,16703.94,0,0
2023-04-20,Smartphone Ultra,South,20,738.91,14778.2,0,0
2023-04-20,Smartphone Ultra,East,5,753.86,3769.3,0,0
2023-04-20,Wireless Noise-Canceling Headphones,North,26,180.9,4703.4,0,0
2023-04-20,Wireless Noise-Canceling Headphones,West,32,180.97,5791.04,0,0
2023-04-20,Wireless Noise-Canceling Headphones,South,29,177.96,5160.84,0,0
2023-04-20,Wireless Noise-Canceling Headphones,East,14,181.57,2541.98,0,0
2023-04-20,Smart Fitness Watch,North,14,218.22,3055.08,0,0
2023-04-20,Smart Fitness Watch,West,20,221.54,4430.8,0,0
2023-04-20,Smart Fitness Watch,South,8,219.99,1759.92,0,0
2023-04-20,Smart Fitness Watch,East,12,216.19,2594.28,0,0
2023-04-20,Ergonomic Office Chair,North,11,313.74,3451.14,0,0
2023-04-20,Ergonomic Office Chair,West,14,324.75,4546.5,0,0
2023-04-20,Ergonomic Office Chair,South,1,319.56,319.56,0,0
2023-04-20,Ergonomic Office Chair,East,4,318.57,1274.28,0,0
2023-04-21,Laptop Pro 15,North,5,1182.19,5910.95,0,0
2023-04-21,Laptop Pro 15,West,10,1209.33,12093.3,0,0
2023-04-21,Laptop Pro 15,South,13,1188.37,15448.81,0,0
2023-04-21,Laptop Pro 15,East,5,1217.31,6086.55,0,0
2023-04-21,Smartphone Ultra,North,18,749.04,13482.72,0,0
2023-04-21,Smartphone Ultra,West,15,735.11,11026.65,0,0
2023-04-21,Smartphone Ultra,South,16,746.75,11948.0,0,0
2023-04-21,Smartphone Ultra,East,14,740.26,10363.64,0,0
2023-04-21,Wireless Noise-Canceling Headphones,North,24,183.31,4399.44,0,0
2023-04-21,Wireless Noise-Canceling Headphones,West,28,178.68,5003.04,0,0
2023-04-21,Wireless Noise-Canceling Headphones,South,29,178.14,5166.06,0,0
2023-04-21,Wireless Noise-Canceling Headphones,East,27,183.08,4943.16,0,0
2023-04-21,Smart Fitness Watch,North,22,219.55,4830.1,0,0
2023-04-21,Smart Fitness Watch,West,20,223.06,4461.2,0,0
2023-04-21,Smart Fitness Watch,South,15,216.24,3243.6,0,0
2023-04-21,Smart Fitness Watch,East,21,216.22,4540.62,0,0
2023-04-21,Ergonomic Office Chair,North,9,324.54,2920.86,0,0
2023-04-21,Ergonomic Office Chair,West,12,316.65,3799.8,0,0
2023-04-21,Ergonomic Office Chair,South,11,315.65,3472.15,0,0
2023-04-21,Ergonomic Office Chair,East,8,320.82,2566.56,0,0
2023-04-22,Laptop Pro 15,North,16,1202.3,19236.8,0,0
2023-04-22,Laptop Pro 15,West,5,1179.57,5897.85,0,0
2023-04-22,Laptop Pro 15,South,7,1216.76,8517.32,0,0
2023-04-22,Laptop Pro 15,East,7,1223.01,8561.07,0,0
2023-04-22,Smartphone Ultra,North,26,760.43,19771.18,0,0
2023-04-22,Smartphone Ultra,West,25,747.8,18695.0,0,0
2023-04-22,Smartphone Ultra,South,14,756.68,10593.52,0,0
2023-04-22,Smartphone Ultra,East,12,764.87,9178.44,0,0
2023-04-22,Wireless Noise-Canceling Headphones,North,27,182.17,4918.59,0,0
2023-04-22,Wireless Noise-Canceling Headphones,West,42,178.91,7514.22,0,0
2023-04-22,Wireless Noise-Canceling Headphones,South,31,183.41,5685.71,0,0
2023-04-22,Wireless Noise-Canceling Headphones,East,24,178.34,4280.16,0,0
2023-04-22,Smart Fitness Watch,North,27,218.0,5886.0,0,0
2023-04-22,Smart Fitness Watch,West,23,216.6,4981.8,0,0
2023-04-22,Smart Fitness Watch,South,21,220.95,4639.95,0,0
2023-04-22,Smart Fitness Watch,East,13,220.89,2871.57,0,0
2023-04-22,Ergonomic Office Chair,North,8,321.9,2575.2,0,0
2023-04-22,Ergonomic Office Chair,West,1,315.26,315.26,0,0
2023-04-22,Ergonomic Office Chair,South,7,319.84,2238.88,0,0
2023-04-22,Ergonomic Office Chair,East,5,318.61,1593.05,0,0
2023-04-23,Laptop Pro 15,North,11,1218.21,13400.31,0,0
2023-04-23,Laptop Pro 15,West,7,1189.34,8325.38,0,0
2023-04-23,Laptop Pro 15,South,10,1221.18,12211.8,0,0
2023-04-23,Laptop Pro 15,East,7,1214.04,8498.28,0,0
2023-04-23,Smartphone Ultra,North,16,737.05,11792.8,0,0
2023-04-23,Smartphone Ultra,West,22,741.98,16323.56,0,0
2023-04-23,Smartphone Ultra,South,20,764.75,15295.0,0,0
2023-04-23,Smartphone Ultra,East,14,755.47,10576.58,0,0
2023-04-23,Wireless Noise-Canceling Headphones,North,29,176.94,5131.26,0,0
2023-04-23,Wireless Noise-Canceling Headphones,West,26,179.89,4677.14,0,0
2023-04-23,Wireless Noise-Canceling Headphones,South,37,178.82,6616.34,0,0
2023-04-23,Wireless Noise-Canceling Headphones,East,18,178.35,3210.3,0,0
2023-04-23,Smart Fitness Watch,North,20,219.76,4395.2,0,0
2023-04-23,Smart Fitness Watch,West,34,224.33,7627.22,0,0
2023-04-23,Smart Fitness Watch,South,16,223.13,3570.08,0,0
2023-04-23,Smart Fitness Watch,East,27,216.6,5848.2,0,0
2023-04-23,Ergonomic Office Chair,North,14,323.53,4529.42,0,0
2023-04-23,Ergonomic Office Chair,West,12,321.23,3854.76,0,0
2023-04-23,Ergonomic Office Chair,South,8,320.43,2563.44,0,0
2023-04-23,Ergonomic Office Chair,East,8,321.42,2571.36,0,0
2023-04-24,Laptop Pro 15,North,6,1211.56,7269.36,0,0
2023-04-24,Laptop Pro 15,West,8,1212.67,9701.36,0,0
2023-04-24,Laptop Pro 15,South,2,1196.52,2393.04,0,0
2023-04-24,Laptop Pro 15,East,7,1194.38,8360.66,0,0
2023-04-24,Smartphone Ultra,North,24,745.34,17888.16,0,0
2023-04-24,Smartphone Ultra,West,12,763.76,9165.12,0,0
2023-04-24,Smartphone Ultra,South,9,753.43,6780.87,0,0
2023-04-24,Smartphone Ultra,East,13,744.42,9677.46,0,0
2023-04-24,Wireless Noise-Canceling Headphones,North,31,179.42,5562.02,0,0
2023-04-24,Wireless Noise-Canceling Headphones,West,21,183.38,3850.98,0,0
2023-04-24,Wireless Noise-Canceling Headphones,South,17,177.85,3023.45,0,0
2023-04-24,Wireless Noise-Canceling Headphones,East,15,183.5,2752.5,0,0
2023-04-24,Smart Fitness Watch,North,18,217.26,3910.68,0,0
2023-04-24,Smart Fitness Watch,West,19,216.92,4121.48,0,0
2023-04-24,Smart Fitness Watch,South,19,218.6,4153.4,0,0
2023-04-24,Smart Fitness Watch,East,16,222.75,3564.0,0,0
2023-04-24,Ergonomic Office Chair,North,7,320.48,2243.36,0,0
2023-04-24,Ergonomic Office Chair,West,8,321.39,2571.12,0,0
2023-04-24,Ergonomic Office Chair,South,5,318.68,1593.4,0,0
2023-04-24,Ergonomic Office Chair,East,6,325.13,1950.78,0,0
2023-04-25,Laptop Pro 15,North,9,1208.77,10878.93,0,0
2023-04-25,Laptop Pro 15,West,9,1201.35,10812.15,0,0
2023-04-25,Laptop Pro 15,South,4,1186.43,4745.72,0,0
2023-04-25,Laptop Pro 15,East,7,1181.39,8269.73,0,0
2023-04-25,Smartphone Ultra,North,17,746.0,12682.0,0,0
2023-04-25,Smartphone Ultra,West,10,755.37,7553.7,0,0
2023-04-25,Smartphone Ultra,South,17,752.81,12797.77,0,0
2023-04-25,Smartphone Ultra,East,9,764.58,6881.22,0,0
2023-04-25,Wireless Noise-Canceling Headphones,North,29,183.28,5315.12,0,0
2023-04-25,Wireless Noise-Canceling Headphones,West,26,177.71,4620.46,0,0
2023-04-25,Wireless Noise-Canceling Headphones,South,19,180.82,3435.58,0,0
2023-04-25,Wireless Noise-Canceling Headphones,East,27,177.27,4786.29,0,0
2023-04-25,Smart Fitness Watch,North,24,222.79,5346.96,0,0
2023-04-25,Smart Fitness Watch,West,17,217.59,3699.03,0,0
2023-04-25,Smart Fitness Watch,South,16,218.14,3490.24,0,0
2023-04-25,Smart Fitness Watch,East,10,224.31,2243.1,0,0
2023-04-25,Ergonomic Office Chair,North,9,317.83,2860.47,0,0
2023-04-25,Ergonomic Office Chair,West,8,314.43,2515.44,0,0
2023-04-25,Ergonomic Office Chair,South,6,316.25,1897.5,0,0
2023-04-25,Ergonomic Office Chair,East,5,323.4,1617.0,0,0
2023-04-26,Laptop Pro 15,North,5,1223.16,6115.8,0,0
2023-04-26,Laptop Pro 15,West,9,1198.47,10786.23,0,0
2023-04-26,Laptop Pro 15,South,6,1176.78,7060.68,0,0
2023-04-26,Laptop Pro 15,East,1,1176.06,1176.06,0,0
2023-04-26,Smartphone Ultra,North,17,740.76,12592.92,0,0
2023-04-26,Smartphone Ultra,West,17,744.4,12654.8,0,0
2023-04-26,Smartphone Ultra,South,9,754.85,6793.65,0,0
2023-04-26,Smartphone Ultra,East,13,737.68,9589.84,0,0
2023-04-26,Wireless Noise-Canceling Headphones,North,19,183.21,3480.99,0,0
2023-04-26,Wireless Noise-Canceling Headphones,West,22,177.13,3896.86,0,0
2023-04-26,Wireless Noise-Canceling Headphones,South,25,181.03,4525.75,0,0
2023-04-26,Wireless Noise-Canceling Headphones,East,25,177.37,4434.25,0,0
2023-04-26,Smart Fitness Watch,North,17,221.0,3757.0,0,0
2023-04-26,Smart Fitness Watch,West,20,221.21,4424.2,0,0
2023-04-26,Smart Fitness Watch,South,22,222.45,4893.9,0,0
2023-04-26,Smart Fitness Watch,East,11,223.54,2458.94,0,0
2023-04-26,Ergonomic Office Chair,North,8,315.16,2521.28,0,0
2023-04-26,Ergonomic Office Chair,West,5,323.86,1619.3,0,0
2023-04-26,Ergonomic Office Chair,South,12,314.56,3774.72,0,0
2023-04-26,Ergonomic Office Chair,East,5,319.69,1598.45,0,0
2023-04-27,Laptop Pro 15,North,9,1188.53,10696.77,0,0
2023-04-27,Laptop Pro 15,West,5,1206.26,6031.3,0,0
2023-04-27,Laptop Pro 15,South,6,1219.9,7319.4,0,0
2023-04-27,Laptop Pro 15,East,3,1179.08,3537.24,0,0
2023-04-27,Smartphone Ultra,North,16,741.46,11863.36,0,0
2023-04-27,Smartphone Ultra,West,14,747.12,10459.68,0,0
2023-04-27,Smartphone Ultra,South,15,764.76,11471.4,0,0
2023-04-27,Smartphone Ultra,East,9,739.97,6659.73,0,0
2023-04-27,Wireless Noise-Canceling Headphones,North,23,183.0,4209.0,0,0
2023-04-27,Wireless Noise-Canceling Headphones,West,25,178.45,4461.25,0,0
2023-04-27,Wireless Noise-Canceling Headphones,South,22,178.08,3917.76,0,0
2023-04-27,Wireless Noise-Canceling Headphones,East,23,180.28,4146.44,0,0
2023-04-27,Smart Fitness Watch,North,24,220.91,5301.84,0,0
2023-04-27,Smart Fitness Watch,West,22,219.52,4829.44,0,0
2023-04-27,Smart Fitness Watch,South,15,222.27,3334.05,0,0
2023-04-27,Smart Fitness Watch,East,12,216.23,2594.76,0,0
2023-04-27,Ergonomic Office Chair,North,7,316.75,2217.25,0,0
2023-04-27,Ergonomic Office Chair,West,12,324.02,3888.24,0,0
2023-04-27,Ergonomic Office Chair,South,9,315.4,2838.6,0,0
2023-04-27,Ergonomic Office Chair,East,6,322.07,1932.42,0,0
2023-04-28,Laptop Pro 15,North,5,1178.8,5894.0,0,0
2023-04-28,Laptop Pro 15,West,11,1206.17,13267.87,0,0
2023-04-28,Laptop Pro 15,South,7,1203.97,8427.79,0,0
2023-04-28,Laptop Pro 15,East,4,1212.0,4848.0,0,0
2023-04-28,Smartphone Ultra,North,14,735.85,10301.9,0,0
2023-04-28,Smartphone Ultra,West,12,736.63,8839.56,0,0
2023-04-28,Smartphone Ultra,South,17,746.2,12685.4,0,0
2023-04-28,Smartphone Ultra,East,18,744.76,13405.68,0,0
2023-04-28,Wireless Noise-Canceling Headphones,North,25,179.42,4485.5,0,0
2023-04-28,Wireless Noise-Canceling Headphones,West,33,180.33,5950.89,0,0
2023-04-28,Wireless Noise-Canceling Headphones,South,23,181.57,4176.11,0,0
2023-04-28,Wireless Noise-Canceling Headphones,East,24,179.11,4298.64,0,0
2023-04-28,Smart Fitness Watch,North,23,217.17,4994.91,0,0
2023-04-28,Smart Fitness Watch,West,31,219.84,6815.04,0,0
2023-04-28,Smart Fitness Watch,South,14,220.38,3085.32,0,0
2023-04-28,Smart Fitness Watch,East,20,224.26,4485.2,0,0
2023-04-28,Ergonomic Office Chair,North,10,317.35,3173.5,0,0
2023-04-28,Ergonomic Office Chair,West,12,324.06,3888.72,0,0
2023-04-28,Ergonomic Office Chair,South,8,313.63,2509.04,0,0
2023-04-28,Ergonomic Office Chair,East,7,321.42,2249.94,0,0
2023-04-29,Laptop Pro 15,North,6,1184.33,7105.98,0,0
2023-04-29,Laptop Pro 15,West,10,1183.18,11831.8,0,0
2023-04-29,Laptop Pro 15,South,7,1218.09,8526.63,0,0
2023-04-29,Laptop Pro 15,East,7,1222.07,8554.49,0,0
2023-04-29,Smartphone Ultra,North,22,750.64,16514.08,0,0
2023-04-29,Smartphone Ultra,West,25,740.36,18509.0,0,0
2023-04-29,Smartphone Ultra,South,19,756.38,14371.22,0,0
2023-04-29,Smartphone Ultra,East,21,737.26,15482.46,0,0
2023-04-29,Wireless Noise-Canceling Headphones,North,54,180.89,9768.06,0,0
2023-04-29,Wireless Noise-Canceling Headphones,West,40,177.88,7115.2,0,0
2023-04-29,Wireless Noise-Canceling Headphones,South,36,180.38,6493.68,0,0
2023-04-29,Wireless Noise-Canceling Headphones,East,26,177.0,4602.0,0,0
2023-04-29,Smart Fitness Watch,North,25,223.99,5599.75,0,0
2023-04-29,Smart Fitness Watch,West,31,220.16,6824.96,0,0
2023-04-29,Smart Fitness Watch,South,21,219.95,4618.95,0,0
2023-04-29,Smart Fitness Watch,East,16,223.06,3568.96,0,0
2023-04-29,Ergonomic Office Chair,North,17,320.95,5456.15,0,0
2023-04-29,Ergonomic Office Chair,West,17,325.99,5541.83,0,0
2023-04-29,Ergonomic Office Chair,South,14,318.56,4459.84,0,0
2023-04-29,Ergonomic Office Chair,East,8,319.24,2553.92,0,0
2023-04-30,Laptop Pro 15,North,11,1189.69,13086.59,0,0
2023-04-30,Laptop Pro 15,West,6,1186.36,7118.16,0,0
2023-04-30,Laptop Pro 15,South,10,1223.91,12239.1,0,0
2023-04-30,Laptop Pro 15,East,1,1215.54,1215.54,0,0
2023-04-30,Smartphone Ultra,North,17,742.11,12615.87,0,0
2023-04-30,Smartphone Ultra,West,20,753.73,15074.6,0,0
2023-04-30,Smartphone Ultra,South,14,762.79,10679.06,0,0
2023-04-30,Smartphone Ultra,East,19,764.47,14524.93,0,0
2023-04-30,Wireless Noise-Canceling Headphones,North,42,176.65,7419.3,0,0
2023-04-30,Wireless Noise-Canceling Headphones,West,30,177.72,5331.6,0,0
2023-04-30,Wireless Noise-Canceling Headphones,South,32,183.03,5856.96,0,0
2023-04-30,Wireless Noise-Canceling Headphones,East,24,183.2,4396.8,0,0
2023-04-30,Smart Fitness Watch,North,28,216.57,6063.96,0,0
2023-04-30,Smart Fitness Watch,West,25,221.7,5542.5,0,0
2023-04-30,Smart Fitness Watch,South,29,215.98,6263.42,0,0
2023-04-30,Smart Fitness Watch,East,34,223.94,7613.96,0,0
2023-04-30,Ergonomic Office Chair,North,11,322.42,3546.62,0,0
2023-04-30,Ergonomic Office Chair,West,8,320.84,2566.72,0,0
2023-04-30,Ergonomic Office Chair,South,11,315.92,3475.12,0,0
2023-04-30,Ergonomic Office Chair,East,11,314.11,3455.21,0,0
2023-05-01,Laptop Pro 15,North,4,1196.19,4784.76,0,0
2023-05-01,Laptop Pro 15,West,4,1206.45,4825.8,0,0
2023-05-01,Laptop Pro 15,South,10,1220.53,12205.3,0,0
2023-05-01,Laptop Pro 15,East,4,1189.18,4756.72,0,0
2023-05-01,Smartphone Ultra,North,13,743.65,9667.45,0,0
2023-05-01,Smartphone Ultra,West,14,753.3,10546.2,0,0
2023-05-01,Smartphone Ultra,South,15,760.87,11413.05,0,0
2023-05-01,Smartphone Ultra,East,7,763.52,5344.64,0,0
2023-05-01,Wireless Noise-Canceling Headphones,North,30,181.11,5433.3,0,0
2023-05-01,Wireless Noise-Canceling Headphones,West,23,179.88,4137.24,0,0
2023-05-01,Wireless Noise-Canceling Headphones,South,26,176.43,4587.18,0,0
2023-05-01,Wireless Noise-Canceling Headphones,East,22,177.79,3911.38,0,0
2023-05-01,Smart Fitness Watch,North,18,216.54,3897.72,0,0
2023-05-01,Smart Fitness Watch,West,14,218.5,3059.0,0,0
2023-05-01,Smart Fitness Watch,South,16,218.25,3492.0,0,0
2023-05-01,Smart Fitness Watch,East,17,219.01,3723.17,0,0
2023-05-01,Ergonomic Office Chair,North,9,320.54,2884.86,0,0
2023-05-01,Ergonomic Office Chair,West,6,313.89,1883.34,0,0
2023-05-01,Ergonomic Office Chair,South,7,321.97,2253.79,0,0
2023-05-01,Ergonomic Office Chair,East,4,325.8,1303.2,0,0
2023-05-02,Laptop Pro 15,North,3,1210.88,3632.64,0,0
2023-05-02,Laptop Pro 15,West,6,1192.83,7156.98,0,0
2023-05-02,Laptop Pro 15,South,2,1181.98,2363.96,0,0
2023-05-02,Laptop Pro 15,East,5,1191.3,5956.5,0,0
2023-05-02,Smartphone Ultra,North,7,740.66,5184.62,0,0
2023-05-02,Smartphone Ultra,West,16,750.96,12015.36,0,0
2023-05-02,Smartphone Ultra,South,12,760.25,9123.0,0,0
2023-05-02,Smartphone Ultra,East,8,757.72,6061.76,0,0
2023-05-02,Wireless Noise-Canceling Headphones,North,27,179.79,4854.33,0,0
2023-05-02,Wireless Noise-Canceling Headphones,West,18,177.2,3189.6,0,0
2023-05-02,Wireless Noise-Canceling Headphones,South,18,182.51,3285.18,0,0
2023-05-02,Wireless Noise-Canceling Headphones,East,16,183.28,2932.48,0,0
2023-05-02,Smart Fitness Watch,North,18,220.61,3970.98,0,0
2023-05-02,Smart Fitness Watch,West,20,224.36,4487.2,0,0
2023-05-02,Smart Fitness Watch,South,17,217.24,3693.08,0,0
2023-05-02,Smart Fitness Watch,East,15,220.04,3300.6,0,0
2023-05-02,Ergonomic Office Chair,North,9,319.52,2875.68,0,0
2023-05-02,Ergonomic Office Chair,West,12,317.06,3804.72,0,0
2023-05-02,Ergonomic Office Chair,South,3,322.24,966.72,0,0
2023-05-02,Ergonomic Office Chair,East,7,322.59,2258.13,0,0
2023-05-03,Laptop Pro 15,North,8,1190.09,9520.72,0,0
2023-05-03,Laptop Pro 15,West,4,1184.95,4739.8,0,0
2023-05-03,Laptop Pro 15,South,6,1211.46,7268.76,0,0
2023-05-03,Laptop Pro 15,East,4,1204.86,4819.44,0,0
2023-05-03,Smartphone Ultra,North,19,751.19,14272.61,0,0
2023-05-03,Smartphone Ultra,West,18,760.62,13691.16,0,0
2023-05-03,Smartphone Ultra,South,16,753.63,12058.08,0,0
2023-05-03,Smartphone Ultra,East,8,763.71,6109.68,0,0
2023-05-03,Wireless Noise-Canceling Headphones,North,35,178.5,6247.5,0,0
2023-05-03,Wireless Noise-Canceling Headphones,West,22,177.22,3898.84,0,0
2023-05-03,Wireless Noise-Canceling Headphones,South,24,178.73,4289.52,0,0
2023-05-03,Wireless Noise-Canceling Headphones,East,23,177.07,4072.61,0,0
2023-05-03,Smart Fitness Watch,North,20,220.32,4406.4,0,0
2023-05-03,Smart Fitness Watch,West,24,221.18,5308.32,0,0
2023-05-03,Smart Fitness Watch,South,17,223.8,3804.6,0,0
2023-05-03,Smart Fitness Watch,East,14,219.64,3074.96,0,0
2023-05-03,Ergonomic Office Chair,North,9,320.91,2888.19,0,0
2023-05-03,Ergonomic Office Chair,West,7,317.58,2223.06,0,0
2023-05-03,Ergonomic Office Chair,South,9,317.55,2857.95,0,0
2023-05-03,Ergonomic Office Chair,East,8,324.71,2597.68,0,0
2023-05-04,Laptop Pro 15,North,3,1223.87,3671.61,0,0
2023-05-04,Laptop Pro 15,West,6,1205.81,7234.86,0,0
2023-05-04,Laptop Pro 15,South,6,1205.72,7234.32,0,0
2023-05-04,Laptop Pro 15,East,7,1211.19,8478.33,0,0
2023-05-04,Smartphone Ultra,North,15,744.26,11163.9,0,0
2023-05-04,Smartphone Ultra,West,17,753.81,12814.77,0,0
2023-05-04,Smartphone Ultra,South,9,744.91,6704.19,0,0
2023-05-04,Smartphone Ultra,East,4,751.46,3005.84,0,0
2023-05-04,Wireless Noise-Canceling Headphones,North,28,176.45,4940.6,0,0
2023-05-04,Wireless Noise-Canceling Headphones,West,25,178.32,4458.0,0,0
2023-05-04,Wireless Noise-Canceling Headphones,South,21,182.76,3837.96,0,0
2023-05-04,Wireless Noise-Canceling Headphones,East,15,177.28,2659.2,0,0
2023-05-04,Smart Fitness Watch,North,16,216.84,3469.44,0,0
2023-05-04,Smart Fitness Watch,West,27,216.28,5839.56,0,0
2023-05-04,Smart Fitness Watch,South,13,221.67,2881.71,0,0
2023-05-04,Smart Fitness Watch,East,12,217.91,2614.92,0,0
2023-05-04,Ergonomic Office Chair,North,11,323.17,3554.87,0,0
2023-05-04,Ergonomic Office Chair,West,12,324.26,3891.12,0,0
2023-05-04,Ergonomic Office Chair,South,3,326.09,978.27,0,0
2023-05-04,Ergonomic Office Chair,East,7,319.26,2234.82,0,0
2023-05-05,Laptop Pro 15,North,5,1180.41,5902.05,0,0
2023-05-05,Laptop Pro 15,West,6,1213.48,7280.88,0,0
2023-05-05,Laptop Pro 15,South,7,1197.38,8381.66,0,0
2023-05-05,Laptop Pro 15,East,6,1207.51,7245.06,0,0
2023-05-05,Smartphone Ultra,North,14,738.63,10340.82,0,0
2023-05-05,Smartphone Ultra,West,26,758.89,19731.14,0,0
2023-05-05,Smartphone Ultra,South,13,749.85,9748.05,0,0
2023-05-05,Smartphone Ultra,East,20,756.92,15138.4,0,0
2023-05-05,Wireless Noise-Canceling Headphones,North,32,178.25,5704.0,0,0
2023-05-05,Wireless Noise-Canceling Headphones,West,27,178.15,4810.05,0,0
2023-05-05,Wireless Noise-Canceling Headphones,South,20,180.42,3608.4,0,0
2023-05-05,Wireless Noise-Canceling Headphones,East,19,177.0,3363.0,0,0
2023-05-05,Smart Fitness Watch,North,32,219.06,7009.92,0,0
2023-05-05,Smart Fitness Watch,West,19,217.82,4138.58,0,0
2023-05-05,Smart Fitness Watch,South,18,222.94,4012.92,0,0
2023-05-05,Smart Fitness Watch,East,14,223.29,3126.06,0,0
2023-05-05,Ergonomic Office Chair,North,7,321.06,2247.42,0,0
2023-05-05,Ergonomic Office Chair,West,11,320.19,3522.09,0,0
2023-05-05,Ergonomic Office Chair,South,7,325.8,2280.6,0,0
2023-05-05,Ergonomic Office Chair,East,6,317.63,1905.78,0,0
2023-05-06,Laptop Pro 15,North,8,1221.32,9770.56,0,0
2023-05-06,Laptop Pro 15,West,3,1196.26,3588.78,0,0
2023-05-06,Laptop Pro 15,South,8,1185.52,9484.16,0,0
2023-05-06,Laptop Pro 15,East,3,1194.15,3582.45,0,0
2023-05-06,Smartphone Ultra,North,25,747.69,18692.25,0,0
2023-05-06,Smartphone Ultra,West,22,744.78,16385.16,0,0
2023-05-06,Smartphone Ultra,South,13,757.4,9846.2,0,0
2023-05-06,Smartphone Ultra,East,10,735.53,7355.3,0,0
2023-05-06,Wireless Noise-Canceling Headphones,North,34,180.74,6145.16,0,0
2023-05-06,Wireless Noise-Canceling Headphones,West,36,179.98,6479.28,0,0
2023-05-06,Wireless Noise-Canceling Headphones,South,24,181.16,4347.84,0,0
2023-05-06,Wireless Noise-Canceling Headphones,East,29,181.81,5272.49,0,0
2023-05-06,Smart Fitness Watch,North,27,221.66,5984.82,0,0
2023-05-06,Smart Fitness Watch,West,27,221.28,5974.56,0,0
2023-05-06,Smart Fitness Watch,South,24,220.99,5303.76,0,0
2023-05-06,Smart Fitness Watch,East,22,220.17,4843.74,0,0
2023-05-06,Ergonomic Office Chair,North,14,316.69,4433.66,0,0
2023-05-06,Ergonomic Office Chair,West,10,316.18,3161.8,0,0
2023-05-06,Ergonomic Office Chair,South,7,322.4,2256.8,0,0
2023-05-06,Ergonomic Office Chair,East,7,314.75,2203.25,0,0
2023-05-07,Laptop Pro 15,North,15,1214.13,18211.95,0,0
2023-05-07,Laptop Pro 15,West,6,1190.0,7140.0,0,0
2023-05-07,Laptop Pro 15,South,7,1202.87,8420.09,0,0
2023-05-07,Laptop Pro 15,East,6,1185.09,7110.54,0,0
2023-05-07,Smartphone Ultra,North,18,758.61,13654.98,0,0
2023-05-07,Smartphone Ultra,West,18,748.94,13480.92,0,0
2023-05-07,Smartphone Ultra,South,21,741.6,15573.6,0,0
2023-05-07,Smartphone Ultra,East,11,745.21,8197.31,0,0
2023-05-07,Wireless Noise-Canceling Headphones,North,35,182.08,6372.8,0,0
2023-05-07,Wireless Noise-Canceling Headphones,West,41,182.95,7500.95,0,0
2023-05-07,Wireless Noise-Canceling Headphones,South,38,182.67,6941.46,0,0
2023-05-07,Wireless Noise-Canceling Headphones,East,23,181.13,4165.99,0,0
2023-05-07,Smart Fitness Watch,North,30,218.41,6552.3,0,0
2023-05-07,Smart Fitness Watch,West,30,216.29,6488.7,0,0
2023-05-07,Smart Fitness Watch,South,20,217.66,4353.2,0,0
2023-05-07,Smart Fitness Watch,East,15,218.49,3277.35,0,0
2023-05-07,Ergonomic Office Chair,North,16,319.55,5112.8,0,0
2023-05-07,Ergonomic Office Chair,West,15,314.71,4720.65,0,0
2023-05-07,Ergonomic Office Chair,South,11,316.04,3476.44,0,0
2023-05-07,Ergonomic Office Chair,East,12,317.2,3806.4,0,0
2023-05-08,Laptop Pro 15,North,6,1188.14,7128.84,0,0
2023-05-08,Laptop Pro 15,West,10,1198.73,11987.3,0,0
2023-05-08,Laptop Pro 15,South,4,1181.92,4727.68,0,0
2023-05-08,Laptop Pro 15,East,1,1191.0,1191.0,0,0
2023-05-08,Smartphone Ultra,North,12,742.63,8911.56,0,0
2023-05-08,Smartphone Ultra,West,12,754.58,9054.96,0,0
2023-05-08,Smartphone Ultra,South,8,742.42,5939.36,0,0
2023-05-08,Smartphone Ultra,East,12,749.71,8996.52,0,0
2023-05-08,Wireless Noise-Canceling Headphones,North,18,179.77,3235.86,0,0
2023-05-08,Wireless Noise-Canceling Headphones,West,25,181.35,4533.75,0,0
2023-05-08,Wireless Noise-Canceling Headphones,South,28,181.71,5087.88,0,0
2023-05-08,Wireless Noise-Canceling Headphones,East,14,178.41,2497.74,0,0
2023-05-08,Smart Fitness Watch,North,15,216.75,3251.25,0,0
2023-05-08,Smart Fitness Watch,West,22,220.27,4845.94,0,0
2023-05-08,Smart Fitness Watch,South,12,220.73,2648.76,0,0
2023-05-08,Smart Fitness Watch,East,12,216.24,2594.88,0,0
2023-05-08,Ergonomic Office Chair,North,12,323.62,3883.44,0,0
2023-05-08,Ergonomic Office Chair,West,10,321.98,3219.8,0,0
2023-05-08,Ergonomic Office Chair,South,4,316.22,1264.88,0,0
2023-05-08,Ergonomic Office Chair,East,10,316.86,3168.6,0,0
2023-05-09,Laptop Pro 15,North,8,1216.74,9733.92,0,0
2023-05-09,Laptop Pro 15,West,9,1178.29,10604.61,0,0
2023-05-09,Laptop Pro 15,South,4,1177.73,4710.92,0,0
2023-05-09,Laptop Pro 15,East,6,1184.81,7108.86,0,0
2023-05-09,Smartphone Ultra,North,18,747.88,13461.84,0,0
2023-05-09,Smartphone Ultra,West,20,743.37,14867.4,0,0
2023-05-09,Smartphone Ultra,South,7,742.16,5195.12,0,0
2023-05-09,Smartphone Ultra,East,17,747.82,12712.94,0,0
2023-05-09,Wireless Noise-Canceling Headphones,North,28,183.58,5140.24,0,0
2023-05-09,Wireless Noise-Canceling Headphones,West,30,179.29,5378.7,0,0
2023-05-09,Wireless Noise-Canceling Headphones,South,25,178.37,4459.25,0,0
2023-05-09,Wireless Noise-Canceling Headphones,East,20,176.65,3533.0,0,0
2023-05-09,Smart Fitness Watch,North,24,224.08,5377.92,0,0
2023-05-09,Smart Fitness Watch,West,20,220.4,4408.0,0,0
2023-05-09,Smart Fitness Watch,South,21,220.88,4638.48,0,0
2023-05-09,Smart Fitness Watch,East,12,217.36,2608.32,0,0
2023-05-09,Ergonomic Office Chair,North,6,317.23,1903.38,0,0
2023-05-09,Ergonomic Office Chair,West,4,318.22,1272.88,0,0
2023-05-09,Ergonomic Office Chair,South,7,321.95,2253.65,0,0
2023-05-09,Ergonomic Office Chair,East,11,316.27,3478.97,0,0
2023-05-10,Laptop Pro 15,North,5,1192.83,5964.15,0,0
2023-05-10,Laptop Pro 15,West,4,1179.09,4716.36,0,0
2023-05-10,Laptop Pro 15,South,6,1189.86,7139.16,0,0
2023-05-10,Laptop Pro 15,East,3,1183.33,3549.99,0,0
2023-05-10,Smartphone Ultra,North,18,740.69,13332.42,0,0
2023-05-10,Smartphone Ultra,West,13,740.75,9629.75,0,0
2023-05-10,Smartphone Ultra,South,19,754.6,14337.4,0,0
2023-05-10,Smartphone Ultra,East,10,752.66,7526.6,0,0
2023-05-10,Wireless Noise-Canceling Headphones,North,23,179.94,4138.62,0,0
2023-05-10,Wireless Noise-Canceling Headphones,West,32,183.49,5871.68,0,0
2023-05-10,Wireless Noise-Canceling Headphones,South,23,181.84,4182.32,0,0
2023-05-10,Wireless Noise-Canceling Headphones,East,17,177.92,3024.64,0,0
2023-05-10,Smart Fitness Watch,North,21,218.66,4591.86,0,0
2023-05-10,Smart Fitness Watch,West,28,221.17,6192.76,0,0
2023-05-10,Smart Fitness Watch,South,18,218.47,3932.46,0,0
2023-05-10,Smart Fitness Watch,East,15,222.65,3339.75,0,0
2023-05-10,Ergonomic Office Chair,North,6,320.53,1923.18,0,0
2023-05-10,Ergonomic Office Chair,West,16,316.79,5068.64,0,0
2023-05-10,Ergonomic Office Chair,South,7,318.1,2226.7,0,0
2023-05-10,Ergonomic Office Chair,East,2,322.08,644.16,0,0
2023-05-11,Laptop Pro 15,North,8,1177.38,9419.04,0,0
2023-05-11,Laptop Pro 15,West,6,1208.97,7253.82,0,0
2023-05-11,Laptop Pro 15,South,8,1182.76,9462.08,0,0
2023-05-11,Laptop Pro 15,East,4,1212.32,4849.28,0,0
2023-05-11,Smartphone Ultra,North,17,735.46,12502.82,0,0
2023-05-11,Smartphone Ultra,West,10,756.38,7563.8,0,0
2023-05-11,Smartphone Ultra,South,6,749.18,4495.08,0,0
2023-05-11,Smartphone Ultra,East,9,740.11,6660.99,0,0
2023-05-11,Wireless Noise-Canceling Headphones,North,26,176.62,4592.12,0,0
2023-05-11,Wireless Noise-Canceling Headphones,West,29,183.11,5310.19,0,0
2023-05-11,Wireless Noise-Canceling Headphones,South,30,180.62,5418.6,0,0
2023-05-11,Wireless Noise-Canceling Headphones,East,12,177.08,2124.96,0,0
2023-05-11,Smart Fitness Watch,North,18,218.66,3935.88,0,0
2023-05-11,Smart Fitness Watch,West,20,219.64,4392.8,0,0
2023-05-11,Smart Fitness Watch,South,29,221.12,6412.48,0,0
2023-05-11,Smart Fitness Watch,East,13,219.91,2858.83,0,0
2023-05-11,Ergonomic Office Chair,North,7,324.97,2274.79,0,0
2023-05-11,Ergonomic Office Chair,West,8,325.87,2606.96,0,0
2023-05-11,Ergonomic Office Chair,South,5,316.8,1584.0,0,0
2023-05-11,Ergonomic Office Chair,East,8,313.62,2508.96,0,0
2023-05-12,Laptop Pro 15,North,8,1200.47,9603.76,0,0
2023-05-12,Laptop Pro 15,West,7,1212.16,8485.12,0,0
2023-05-12,Laptop Pro 15,South,10,1179.93,11799.3,0,0
2023-05-12,Laptop Pro 15,East,7,1219.12,8533.84,0,0
2023-05-12,Smartphone Ultra,North,16,747.67,11962.72,0,0
2023-05-12,Smartphone Ultra,West,13,740.79,9630.27,0,0
2023-05-12,Smartphone Ultra,South,11,749.67,8246.37,0,0
2023-05-12,Smartphone Ultra,East,16,761.8,12188.8,0,0
2023-05-12,Wireless Noise-Canceling Headphones,North,35,181.21,6342.35,0,0
2023-05-12,Wireless Noise-Canceling Headphones,West,30,176.9,5307.0,0,0
2023-05-12,Wireless Noise-Canceling Headphones,South,33,178.17,5879.61,0,0
2023-05-12,Wireless Noise-Canceling Headphones,East,27,177.96,4804.92,0,0
2023-05-12,Smart Fitness Watch,North,27,215.64,5822.28,0,0
2023-05-12,Smart Fitness Watch,West,22,216.97,4773.34,0,0
2023-05-12,Smart Fitness Watch,South,21,217.2,4561.2,0,0
2023-05-12,Smart Fitness Watch,East,16,216.88,3470.08,0,0
2023-05-12,Ergonomic Office Chair,North,7,316.66,2216.62,0,0
2023-05-12,Ergonomic Office Chair,West,9,315.5,2839.5,0,0
2023-05-12,Ergonomic Office Chair,South,8,315.37,2522.96,0,0
2023-05-12,Ergonomic Office Chair,East,5,326.24,1631.2,0,0
2023-05-13,Laptop Pro 15,North,7,1183.22,8282.54,0,0
2023-05-13,Laptop Pro 15,West,7,1196.55,8375.85,0,0
2023-05-13,Laptop Pro 15,South,19,1216.51,23113.69,0,0
2023-05-13,Laptop Pro 15,East,5,1183.16,5915.8,0,0
2023-05-13,Smartphone Ultra,North,27,745.98,20141.46,0,0
2023-05-13,Smartphone Ultra,West,18,760.01,13680.18,0,0
2023-05-13,Smartphone Ultra,South,11,750.12,8251.32,0,0
2023-05-13,Smartphone Ultra,East,7,747.89,5235.23,0,0
2023-05-13,Wireless Noise-Canceling Headphones,North,39,176.69,6890.91,0,0
2023-05-13,Wireless Noise-Canceling Headphones,West,39,179.55,7002.45,0,0
2023-05-13,Wireless Noise-Canceling Headphones,South,33,180.8,5966.4,0,0
2023-05-13,Wireless Noise-Canceling Headphones,East,22,180.92,3980.24,0,0
2023-05-13,Smart Fitness Watch,North,32,224.13,7172.16,0,0
2023-05-13,Smart Fitness Watch,West,27,216.48,5844.96,0,0
2023-05-13,Smart Fitness Watch,South,21,221.82,4658.22,0,0
2023-05-13,Smart Fitness Watch,East,26,223.16,5802.16,0,0
2023-05-13,Ergonomic Office Chair,North,18,322.81,5810.58,0,0
2023-05-13,Ergonomic Office Chair,West,11,317.96,3497.56,0,0
2023-05-13,Ergonomic Office Chair,South,8,315.46,2523.68,0,0
2023-05-13,Ergonomic Office Chair,East,13,315.06,4095.78,0,0
2023-05-14,Laptop Pro 15,North,16,1101.4,17622.4,1,0
2023-05-14,Laptop Pro 15,West,16,1023.37,16373.92,1,0
2023-05-14,Laptop Pro 15,South,12,1094.68,13136.16,1,0
2023-05-14,Laptop Pro 15,East,9,1067.19,9604.71,1,0
2023-05-14,Smartphone Ultra,North,22,639.6,14071.2,1,0
2023-05-14,Smartphone Ultra,West,37,654.74,24225.38,1,0
2023-05-14,Smartphone Ultra,South,33,649.0,21417.0,1,0
2023-05-14,Smartphone Ultra,East,14,658.01,9212.14,1,0
2023-05-14,Wireless Noise-Canceling Headphones,North,62,157.36,9756.32,1,0
2023-05-14,Wireless Noise-Canceling Headphones,West,52,164.37,8547.24,1,0
2023-05-14,Wireless Noise-Canceling Headphones,South,31,153.41,4755.71,1,0
2023-05-14,Wireless Noise-Canceling Headphones,East,38,157.56,5987.28,1,0
2023-05-14,Smart Fitness Watch,North,52,201.39,10472.28,1,0
2023-05-14,Smart Fitness Watch,West,44,190.56,8384.64,1,0
2023-05-14,Smart Fitness Watch,South,31,194.62,6033.22,1,0
2023-05-14,Smart Fitness Watch,East,28,193.68,5423.04,1,0
2023-05-14,Ergonomic Office Chair,North,23,283.11,6511.53,1,0
2023-05-14,Ergonomic Office Chair,West,15,280.08,4201.2,1,0
2023-05-14,Ergonomic Office Chair,South,19,283.73,5390.87,1,0
2023-05-14,Ergonomic Office Chair,East,12,275.39,3304.68,1,0
2023-05-15,Laptop Pro 15,North,7,1196.0,8372.0,0,0
2023-05-15,Laptop Pro 15,West,7,1216.84,8517.88,0,0
2023-05-15,Laptop Pro 15,South,5,1210.63,6053.15,0,0
2023-05-15,Laptop Pro 15,East,4,1223.28,4893.12,0,0
2023-05-15,Smartphone Ultra,North,15,763.24,11448.6,0,0
2023-05-15,Smartphone Ultra,West,16,745.26,11924.16,0,0
2023-05-15,Smartphone Ultra,South,13,741.59,9640.67,0,0
2023-05-15,Smartphone Ultra,East,11,748.88,8237.68,0,0
2023-05-15,Wireless Noise-Canceling Headphones,North,27,178.96,4831.92,0,0
2023-05-15,Wireless Noise-Canceling Headphones,West,28,181.68,5087.04,0,0
2023-05-15,Wireless Noise-Canceling Headphones,South,24,182.41,4377.84,0,0
2023-05-15,Wireless Noise-Canceling Headphones,East,14,177.04,2478.56,0,0
2023-05-15,Smart Fitness Watch,North,17,223.11,3792.87,0,0
2023-05-15,Smart Fitness Watch,West,23,220.12,5062.76,0,0
2023-05-15,Smart Fitness Watch,South,19,223.0,4237.0,0,0
2023-05-15,Smart Fitness Watch,East,16,220.32,3525.12,0,0
2023-05-15,Ergonomic Office Chair,North,12,322.0,3864.0,0,0
2023-05-15,Ergonomic Office Chair,West,8,322.55,2580.4,0,0
2023-05-15,Ergonomic Office Chair,South,13,322.53,4192.89,0,0
2023-05-15,Ergonomic Office Chair,East,10,320.49,3204.9,0,0
2023-05-16,Laptop Pro 15,North,6,1214.0,7284.0,0,0
2023-05-16,Laptop Pro 15,West,2,1212.72,2425.44,0,0
2023-05-16,Laptop Pro 15,South,4,1181.29,4725.16,0,0
2023-05-16,Laptop Pro 15,East,7,1214.74,8503.18,0,0
2023-05-16,Smartphone Ultra,North,18,744.08,13393.44,0,0
2023-05-16,Smartphone Ultra,West,10,741.11,7411.1,0,0
2023-05-16,Smartphone Ultra,South,13,749.15,9738.95,0,0
2023-05-16,Smartphone Ultra,East,9,747.26,6725.34,0,0
2023-05-16,Wireless Noise-Canceling Headphones,North,17,178.61,3036.37,0,0
2023-05-16,Wireless Noise-Canceling Headphones,West,27,183.11,4943.97,0,0
2023-05-16,Wireless Noise-Canceling Headphones,South,30,178.87,5366.1,0,0
2023-05-16,Wireless Noise-Canceling Headphones,East,21,178.95,3757.95,0,0
2023-05-16,Smart Fitness Watch,North,17,223.1,3792.7,0,0
2023-05-16,Smart Fitness Watch,West,20,223.79,4475.8,0,0
2023-05-16,Smart Fitness Watch,South,24,216.7,5200.8,0,0
2023-05-16,Smart Fitness Watch,East,10,220.36,2203.6,0,0
2023-05-16,Ergonomic Office Chair,North,8,315.05,2520.4,0,0
2023-05-16,Ergonomic Office Chair,West,8,319.23,2553.84,0,0
2023-05-16,Ergonomic Office Chair,South,7,318.79,2231.53,0,0
2023-05-16,Ergonomic Office Chair,East,5,324.6,1623.0,0,0
2023-05-17,Laptop Pro 15,North,6,1199.03,7194.18,0,0
2023-05-17,Laptop Pro 15,West,12,1206.22,14474.64,0,0
2023-05-17,Laptop Pro 15,South,5,1211.07,6055.35,0,0
2023-05-17,Laptop Pro 15,East,4,1202.77,4811.08,0,0
2023-05-17,Smartphone Ultra,North,13,755.16,9817.08,0,0
2023-05-17,Smartphone Ultra,West,27,749.57,20238.39,0,0
2023-05-17,Smartphone Ultra,South,13,752.7,9785.1,0,0
2023-05-17,Smartphone Ultra,East,11,745.88,8204.68,0,0
2023-05-17,Wireless Noise-Canceling Headphones,North,25,178.62,4465.5,0,0
2023-05-17,Wireless Noise-Canceling Headphones,West,23,177.35,4079.05,0,0
2023-05-17,Wireless Noise-Canceling Headphones,South,23,180.94,4161.62,0,0
2023-05-17,Wireless Noise-Canceling Headphones,East,24,180.14,4323.36,0,0
2023-05-17,Smart Fitness Watch,North,25,221.77,5544.25,0,0
2023-05-17,Smart Fitness Watch,West,19,222.29,4223.51,0,0
2023-05-17,Smart Fitness Watch,South,12,217.57,2610.84,0,0
2023-05-17,Smart Fitness Watch,East,12,220.7,2648.4,0,0
2023-05-17,Ergonomic Office Chair,North,16,320.97,5135.52,0,0
2023-05-17,Ergonomic Office Chair,West,6,318.97,1913.82,0,0
2023-05-17,Ergonomic Office Chair,South,6,325.52,1953.12,0,0
2023-05-17,Ergonomic Office Chair,East,5,318.97,1594.85,0,0
2023-05-18,Laptop Pro 15,North,7,1213.96,8497.72,0,0
2023-05-18,Laptop Pro 15,West,3,1176.37,3529.11,0,0
2023-05-18,Laptop Pro 15,South,3,1185.84,3557.52,0,0
2023-05-18,Laptop Pro 15,East,4,1179.33,4717.32,0,0
2023-05-18,Smartphone Ultra,North,13,757.19,9843.47,0,0
2023-05-18,Smartphone Ultra,West,17,738.55,12555.35,0,0
2023-05-18,Smartphone Ultra,South,17,757.08,12870.36,0,0
2023-05-18,Smartphone Ultra,East,11,762.22,8384.42,0,0
2023-05-18,Wireless Noise-Canceling Headphones,North,37,180.08,6662.96,0,0
2023-05-18,Wireless Noise-Canceling Headphones,West,26,179.52,4667.52,0,0
2023-05-18,Wireless Noise-Canceling Headphones,South,17,180.44,3067.48,0,0
2023-05-18,Wireless Noise-Canceling Headphones,East,17,183.19,3114.23,0,0
2023-05-18,Smart Fitness Watch,North,18,219.87,3957.66,0,0
2023-05-18,Smart Fitness Watch,West,15,218.64,3279.6,0,0
2023-05-18,Smart Fitness Watch,South,8,219.58,1756.64,0,0
2023-05-18,Smart Fitness Watch,East,12,216.92,2603.04,0,0
2023-05-18,Ergonomic Office Chair,North,14,317.85,4449.9,0,0
2023-05-18,Ergonomic Office Chair,West,6,320.75,1924.5,0,0
2023-05-18,Ergonomic Office Chair,South,10,323.44,3234.4,0,0
2023-05-18,Ergonomic Office Chair,East,9,322.34,2901.06,0,0
2023-05-19,Laptop Pro 15,North,6,1188.38,7130.28,0,0
2023-05-19,Laptop Pro 15,West,6,1217.63,7305.78,0,0
2023-05-19,Laptop Pro 15,South,7,1213.11,8491.77,0,0
2023-05-19,Laptop Pro 15,East,5,1206.98,6034.9,0,0
2023-05-19,Smartphone Ultra,North,28,762.57,21351.96,0,0
2023-05-19,Smartphone Ultra,West,19,746.52,14183.88,0,0
2023-05-19,Smartphone Ultra,South,15,747.45,11211.75,0,0
2023-05-19,Smartphone Ultra,East,13,739.76,9616.88,0,0
2023-05-19,Wireless Noise-Canceling Headphones,North,35,180.59,6320.65,0,0
2023-05-19,Wireless Noise-Canceling Headphones,West,24,178.96,4295.04,0,0
2023-05-19,Wireless Noise-Canceling Headphones,South,27,181.99,4913.73,0,0
2023-05-19,Wireless Noise-Canceling Headphones,East,15,179.8,2697.0,0,0
2023-05-19,Smart Fitness Watch,North,27,221.5,5980.5,0,0
2023-05-19,Smart Fitness Watch,West,18,215.75,3883.5,0,0
2023-05-19,Smart Fitness Watch,South,14,217.71,3047.94,0,0
2023-05-19,Smart Fitness Watch,East,10,215.86,2158.6,0,0
2023-05-19,Ergonomic Office Chair,North,11,325.7,3582.7,0,0
2023-05-19,Ergonomic Office Chair,West,7,314.58,2202.06,0,0
2023-05-19,Ergonomic Office Chair,South,6,323.94,1943.64,0,0
2023-05-19,Ergonomic Office Chair,East,6,321.19,1927.14,0,0
2023-05-20,Laptop Pro 15,North,6,1184.95,7109.7,0,0
2023-05-20,Laptop Pro 15,West,10,1186.4,11864.0,0,0
2023-05-20,Laptop Pro 15,South,6,1200.65,7203.9,0,0
2023-05-20,Laptop Pro 15,East,7,1223.27,8562.89,0,0
2023-05-20,Smartphone Ultra,North,30,758.12,22743.6,0,0
2023-05-20,Smartphone Ultra,West,14,743.21,10404.94,0,0
2023-05-20,Smartphone Ultra,South,15,756.32,11344.8,0,0
2023-05-20,Smartphone Ultra,East,14,764.98,10709.72,0,0
2023-05-20,Wireless Noise-Canceling Headphones,North,42,183.16,7692.72,0,0
2023-05-20,Wireless Noise-Canceling Headphones,West,28,182.53,5110.84,0,0
2023-05-20,Wireless Noise-Canceling Headphones,South,45,180.03,8101.35,0,0
2023-05-20,Wireless Noise-Canceling Headphones,East,30,180.72,5421.6,0,0
2023-05-20,Smart Fitness Watch,North,24,219.49,5267.76,0,0
2023-05-20,Smart Fitness Watch,West,27,219.94,5938.38,0,0
2023-05-20,Smart Fitness Watch,South,20,216.02,4320.4,0,0
2023-05-20,Smart Fitness Watch,East,15,222.52,3337.8,0,0
2023-05-20,Ergonomic Office Chair,North,8,323.19,2585.52,0,0
2023-05-20,Ergonomic Office Chair,West,10,322.74,3227.4,0,0
2023-05-20,Ergonomic Office Chair,South,8,320.3,2562.4,0,0
2023-05-20,Ergonomic Office Chair,East,5,322.22,1611.1,0,0
2023-05-21,Laptop Pro 15,North,8,1194.18,9553.44,0,0
2023-05-21,Laptop Pro 15,West,12,1180.25,14163.0,0,0
2023-05-21,Laptop Pro 15,South,8,1195.51,9564.08,0,0
2023-05-21,Laptop Pro 15,East,5,1183.09,5915.45,0,0
2023-05-21,Smartphone Ultra,North,20,761.78,15235.6,0,0
2023-05-21,Smartphone Ultra,West,16,762.52,12200.32,0,0
2023-05-21,Smartphone Ultra,South,18,748.73,13477.14,0,0
2023-05-21,Smartphone Ultra,East,14,748.16,10474.24,0,0
2023-05-21,Wireless Noise-Canceling Headphones,North,39,183.27,7147.53,0,0
2023-05-21,Wireless Noise-Canceling Headphones,West,30,182.22,5466.6,0,0
2023-05-21,Wireless Noise-Canceling Headphones,South,27,178.36,4815.72,0,0
2023-05-21,Wireless Noise-Canceling Headphones,East,22,181.02,3982.44,0,0
2023-05-21,Smart Fitness Watch,North,37,217.19,8036.03,0,0
2023-05-21,Smart Fitness Watch,West,32,221.49,7087.68,0,0
2023-05-21,Smart Fitness Watch,South,28,219.7,6151.6,0,0
2023-05-21,Smart Fitness Watch,East,21,217.21,4561.41,0,0
2023-05-21,Ergonomic Office Chair,North,13,314.62,4090.06,0,0
2023-05-21,Ergonomic Office Chair,West,10,318.4,3184.0,0,0
2023-05-21,Ergonomic Office Chair,South,10,321.93,3219.3,0,0
2023-05-21,Ergonomic Office Chair,East,19,321.61,6110.59,0,0
2023-05-22,Laptop Pro 15,North,6,1204.97,7229.82,0,0
2023-05-22,Laptop Pro 15,West,6,1184.22,7105.32,0,0
2023-05-22,Laptop Pro 15,South,3,1204.13,3612.39,0,0
2023-05-22,Laptop Pro 15,East,4,1202.56,4810.24,0,0
2023-05-22,Smartphone Ultra,North,18,764.29,13757.22,0,0
2023-05-22,Smartphone Ultra,West,15,763.12,11446.8,0,0
2023-05-22,Smartphone Ultra,South,14,750.76,10510.64,0,0
2023-05-22,Smartphone Ultra,East,15,743.05,11145.75,0,0
2023-05-22,Wireless Noise-Canceling Headphones,North,28,181.48,5081.44,0,0
2023-05-22,Wireless Noise-Canceling Headphones,West,25,176.42,4410.5,0,0
2023-05-22,Wireless Noise-Canceling Headphones,South,26,179.24,4660.24,0,0
2023-05-22,Wireless Noise-Canceling Headphones,East,20,180.88,3617.6,0,0
2023-05-22,Smart Fitness Watch,North,19,220.86,4196.34,0,0
2023-05-22,Smart Fitness Watch,West,27,218.41,5897.07,0,0
2023-05-22,Smart Fitness Watch,South,23,216.8,4986.4,0,0
2023-05-22,Smart Fitness Watch,East,8,215.69,1725.52,0,0
2023-05-22,Ergonomic Office Chair,North,4,321.59,1286.36,0,0
2023-05-22,Ergonomic Office Chair,West,10,324.4,3244.0,0,0
2023-05-22,Ergonomic Office Chair,South,8,323.95,2591.6,0,0
2023-05-22,Ergonomic Office Chair,East,9,325.53,2929.77,0,0
2023-05-23,Laptop Pro 15,North,8,1209.22,9673.76,0,0
2023-05-23,Laptop Pro 15,West,7,1210.05,8470.35,0,0
2023-05-23,Laptop Pro 15,South,6,1223.0,7338.0,0,0
2023-05-23,Laptop Pro 15,East,5,1209.63,6048.15,0,0
2023-05-23,Smartphone Ultra,North,11,752.91,8282.01,0,0
2023-05-23,Smartphone Ultra,West,15,749.03,11235.45,0,0
2023-05-23,Smartphone Ultra,South,11,745.77,8203.47,0,0
2023-05-23,Smartphone Ultra,East,12,764.66,9175.92,0,0
2023-05-23,Wireless Noise-Canceling Headphones,North,28,179.83,5035.24,0,0
2023-05-23,Wireless Noise-Canceling Headphones,West,34,181.29,6163.86,0,0
2023-05-23,Wireless Noise-Canceling Headphones,South,24,182.29,4374.96,0,0
2023-05-23,Wireless Noise-Canceling Headphones,East,18,182.36,3282.48,0,0
2023-05-23,Smart Fitness Watch,North,22,221.14,4865.08,0,0
2023-05-23,Smart Fitness Watch,West,21,220.08,4621.68,0,0
2023-05-23,Smart Fitness Watch,South,10,220.41,2204.1,0,0
2023-05-23,Smart Fitness Watch,East,23,220.93,5081.39,0,0
2023-05-23,Ergonomic Office Chair,North,10,320.67,3206.7,0,0
2023-05-23,Ergonomic Office Chair,West,5,324.56,1622.8,0,0
2023-05-23,Ergonomic Office Chair,South,13,319.55,4154.15,0,0
2023-05-23,Ergonomic Office Chair,East,2,319.54,639.08,0,0
2023-05-24,Laptop Pro 15,North,5,1182.26,5911.3,0,0
2023-05-24,Laptop Pro 15,West,7,1188.65,8320.55,0,0
2023-05-24,Laptop Pro 15,South,7,1211.73,8482.11,0,0
2023-05-24,Laptop Pro 15,East,4,1214.82,4859.28,0,0
2023-05-24,Smartphone Ultra,North,16,738.06,11808.96,0,0
2023-05-24,Smartphone Ultra,West,8,759.14,6073.12,0,0
2023-05-24,Smartphone Ultra,South,14,758.94,10625.16,0,0
2023-05-24,Smartphone Ultra,East,8,742.0,5936.0,0,0
2023-05-24,Wireless Noise-Canceling Headphones,North,28,177.51,4970.28,0,0
2023-05-24,Wireless Noise-Canceling Headphones,West,26,180.51,4693.26,0,0
2023-05-24,Wireless Noise-Canceling Headphones,South,30,177.6,5328.0,0,0
2023-05-24,Wireless Noise-Canceling Headphones,East,20,181.15,3623.0,0,0
2023-05-24,Smart Fitness Watch,North,30,217.42,6522.6,0,0
2023-05-24,Smart Fitness Watch,West,20,218.14,4362.8,0,0
2023-05-24,Smart Fitness Watch,South,13,216.58,2815.54,0,0
2023-05-24,Smart Fitness Watch,East,15,221.41,3321.15,0,0
2023-05-24,Ergonomic Office Chair,North,8,323.85,2590.8,0,0
2023-05-24,Ergonomic Office Chair,West,11,320.59,3526.49,0,0
2023-05-24,Ergonomic Office Chair,South,12,319.08,3828.96,0,0
2023-05-24,Ergonomic Office Chair,East,5,314.83,1574.15,0,0
2023-05-25,Laptop Pro 15,North,10,1182.88,11828.8,0,0
2023-05-25,Laptop Pro 15,West,3,1211.0,3633.0,0,0
2023-05-25,Laptop Pro 15,South,5,1181.26,5906.3,0,0
2023-05-25,Laptop Pro 15,East,5,1205.71,6028.55,0,0
2023-05-25,Smartphone Ultra,North,8,755.55,6044.4,0,0
2023-05-25,Smartphone Ultra,West,13,762.44,9911.72,0,0
2023-05-25,Smartphone Ultra,South,11,735.28,8088.08,0,0
2023-05-25,Smartphone Ultra,East,17,741.96,12613.32,0,0
2023-05-25,Wireless Noise-Canceling Headphones,North,36,181.31,6527.16,0,0
2023-05-25,Wireless Noise-Canceling Headphones,West,27,178.45,4818.15,0,0
2023-05-25,Wireless Noise-Canceling Headphones,South,23,181.49,4174.27,0,0
2023-05-25,Wireless Noise-Canceling Headphones,East,21,178.55,3749.55,0,0
2023-05-25,Smart Fitness Watch,North,14,215.85,3021.9,0,0
2023-05-25,Smart Fitness Watch,West,15,219.28,3289.2,0,0
2023-05-25,Smart Fitness Watch,South,17,223.9,3806.3,0,0
2023-05-25,Smart Fitness Watch,East,13,219.14,2848.82,0,0
2023-05-25,Ergonomic Office Chair,North,5,322.85,1614.25,0,0
2023-05-25,Ergonomic Office Chair,West,11,318.77,3506.47,0,0
2023-05-25,Ergonomic Office Chair,South,7,314.09,2198.63,0,0
2023-05-25,Ergonomic Office Chair,East,8,313.81,2510.48,0,0
2023-05-26,Laptop Pro 15,North,4,1184.69,4738.76,0,0
2023-05-26,Laptop Pro 15,West,6,1219.09,7314.54,0,0
2023-05-26,Laptop Pro 15,South,6,1208.77,7252.62,0,0
2023-05-26,Laptop Pro 15,East,5,1192.39,5961.95,0,0
2023-05-26,Smartphone Ultra,North,29,748.76,21714.04,0,0
2023-05-26,Smartphone Ultra,West,14,739.72,10356.08,0,0
2023-05-26,Smartphone Ultra,South,12,761.41,9136.92,0,0
2023-05-26,Smartphone Ultra,East,8,749.82,5998.56,0,0
2023-05-26,Wireless Noise-Canceling Headphones,North,29,179.65,5209.85,0,0
2023-05-26,Wireless Noise-Canceling Headphones,West,30,177.42,5322.6,0,0
2023-05-26,Wireless Noise-Canceling Headphones,South,22,176.78,3889.16,0,0
2023-05-26,Wireless Noise-Canceling Headphones,East,24,179.08,4297.92,0,0
2023-05-26,Smart Fitness Watch,North,26,223.83,5819.58,0,0
2023-05-26,Smart Fitness Watch,West,13,216.2,2810.6,0,0
2023-05-26,Smart Fitness Watch,South,25,220.66,5516.5,0,0
2023-05-26,Smart Fitness Watch,East,10,218.22,2182.2,0,0
2023-05-26,Ergonomic Office Chair,North,11,314.53,3459.83,0,0
2023-05-26,Ergonomic Office Chair,West,14,321.14,4495.96,0,0
2023-05-26,Ergonomic Office Chair,South,8,317.33,2538.64,0,0
2023-05-26,Ergonomic Office Chair,East,4,326.21,1304.84,0,0
2023-05-27,Laptop Pro 15,North,9,1207.27,10865.43,0,0
2023-05-27,Laptop Pro 15,West,5,1186.72,5933.6,0,0
2023-05-27,Laptop Pro 15,South,5,1209.01,6045.05,0,0
2023-05-27,Laptop Pro 15,East,7,1195.09,8365.63,0,0
2023-05-27,Smartphone Ultra,North,10,744.75,7447.5,0,0
2023-05-27,Smartphone Ultra,West,17,741.64,12607.88,0,0
2023-05-27,Smartphone Ultra,South,14,763.02,10682.28,0,0
2023-05-27,Smartphone Ultra,East,10,742.39,7423.9,0,0
2023-05-27,Wireless Noise-Canceling Headphones,North,50,182.09,9104.5,0,0
2023-05-27,Wireless Noise-Canceling Headphones,West,28,179.34,5021.52,0,0
2023-05-27,Wireless Noise-Canceling Headphones,South,28,182.32,5104.96,0,0
2023-05-27,Wireless Noise-Canceling Headphones,East,36,179.45,6460.2,0,0
2023-05-27,Smart Fitness Watch,North,22,218.5,4807.0,0,0
2023-05-27,Smart Fitness Watch,West,25,218.48,5462.0,0,0
2023-05-27,Smart Fitness Watch,South,30,219.18,6575.4,0,0
2023-05-27,Smart Fitness Watch,East,14,223.32,3126.48,0,0
2023-05-27,Ergonomic Office Chair,North,11,321.14,3532.54,0,0
2023-05-27,Ergonomic Office Chair,West,7,320.59,2244.13,0,0
2023-05-27,Ergonomic Office Chair,South,7,319.89,2239.23,0,0
2023-05-27,Ergonomic Office Chair,East,10,320.71,3207.1,0,0
2023-05-28,Laptop Pro 15,North,10,1220.81,12208.1,0,0
2023-05-28,Laptop Pro 15,West,14,1211.72,16964.08,0,0
2023-05-28,Laptop Pro 15,South,7,1210.42,8472.94,0,0
2023-05-28,Laptop Pro 15,East,3,1198.67,3596.01,0,0
2023-05-28,Smartphone Ultra,North,18,736.83,13262.94,0,0
2023-05-28,Smartphone Ultra,West,21,736.34,15463.14,0,0
2023-05-28,Smartphone Ultra,South,16,764.7,12235.2,0,0
2023-05-28,Smartphone Ultra,East,12,764.62,9175.44,0,0
2023-05-28,Wireless Noise-Canceling Headphones,North,42,179.58,7542.36,0,0
2023-05-28,Wireless Noise-Canceling Headphones,West,43,181.46,7802.78,0,0
2023-05-28,Wireless Noise-Canceling Headphones,South,36,182.71,6577.56,0,0
2023-05-28,Wireless Noise-Canceling Headphones,East,26,182.63,4748.38,0,0
2023-05-28,Smart Fitness Watch,North,27,220.42,5951.34,0,0
2023-05-28,Smart Fitness Watch,West,25,220.74,5518.5,0,0
2023-05-28,Smart Fitness Watch,South,21,223.48,4693.08,0,0
2023-05-28,Smart Fitness Watch,East,17,223.72,3803.24,0,0
2023-05-28,Ergonomic Office Chair,North,8,323.38,2587.04,0,0
2023-05-28,Ergonomic Office Chair,West,14,321.6,4502.4,0,0
2023-05-28,Ergonomic Office Chair,South,13,326.36,4242.68,0,0
2023-05-28,Ergonomic Office Chair,East,4,317.2,1268.8,0,0
2023-05-29,Laptop Pro 15,North,3,1180.46,3541.38,0,0
2023-05-29,Laptop Pro 15,West,6,1188.72,7132.32,0,0
2023-05-29,Laptop Pro 15,South,3,1187.9,3563.7,0,0
2023-05-29,Laptop Pro 15,East,9,1209.13,10882.17,0,0
2023-05-29,Smartphone Ultra,North,15,764.39,11465.85,0,0
2023-05-29,Smartphone Ultra,West,15,749.16,11237.4,0,0
2023-05-29,Smartphone Ultra,South,18,736.34,13254.12,0,0
2023-05-29,Smartphone Ultra,East,12,758.36,9100.32,0,0
2023-05-29,Wireless Noise-Canceling Headphones,North,25,182.15,4553.75,0,0
2023-05-29,Wireless Noise-Canceling Headphones,West,15,179.27,2689.05,0,0
2023-05-29,Wireless Noise-Canceling Headphones,South,19,183.59,3488.21,0,0
2023-05-29,Wireless Noise-Canceling Headphones,East,28,178.54,4999.12,0,0
2023-05-29,Smart Fitness Watch,North,23,218.92,5035.16,0,0
2023-05-29,Smart Fitness Watch,West,20,223.42,4468.4,0,0
2023-05-29,Smart Fitness Watch,South,15,219.48,3292.2,0,0
2023-05-29,Smart Fitness Watch,East,20,217.41,4348.2,0,0
2023-05-29,Ergonomic Office Chair,North,10,323.65,3236.5,0,0
2023-05-29,Ergonomic Office Chair,West,10,316.83,3168.3,0,0
2023-05-29,Ergonomic Office Chair,South,11,321.96,3541.56,0,0
2023-05-29,Ergonomic Office Chair,East,10,317.19,3171.9,0,0
2023-05-30,Laptop Pro 15,North,7,1220.73,8545.11,0,0
2023-05-30,Laptop Pro 15,West,9,1222.82,11005.38,0,0
2023-05-30,Laptop Pro 15,South,7,1199.89,8399.23,0,0
2023-05-30,Laptop Pro 15,East,4,1223.07,4892.28,0,0
2023-05-30,Smartphone Ultra,North,14,750.51,10507.14,0,0
2023-05-30,Smartphone Ultra,West,11,737.51,8112.61,0,0
2023-05-30,Smartphone Ultra,South,17,736.14,12514.38,0,0
2023-05-30,Smartphone Ultra,East,14,756.43,10590.02,0,0
2023-05-30,Wireless Noise-Canceling Headphones,North,29,183.11,5310.19,0,0
2023-05-30,Wireless Noise-Canceling Headphones,West,26,180.01,4680.26,0,0
2023-05-30,Wireless Noise-Canceling Headphones,South,25,177.84,4446.0,0,0
2023-05-30,Wireless Noise-Canceling Headphones,East,20,179.21,3584.2,0,0
2023-05-30,Smart Fitness Watch,North,23,216.0,4968.0,0,0
2023-05-30,Smart Fitness Watch,West,17,216.45,3679.65,0,0
2023-05-30,Smart Fitness Watch,South,13,224.37,2916.81,0,0
2023-05-30,Smart Fitness Watch,East,17,215.78,3668.26,0,0
2023-05-30,Ergonomic Office Chair,North,16,316.31,5060.96,0,0
2023-05-30,Ergonomic Office Chair,West,11,313.82,3452.02,0,0
2023-05-30,Ergonomic Office Chair,South,8,322.0,2576.0,0,0
2023-05-30,Ergonomic Office Chair,East,7,318.32,2228.24,0,0
2023-05-31,Laptop Pro 15,North,5,1200.11,6000.55,0,0
2023-05-31,Laptop Pro 15,West,10,1176.31,11763.1,0,0
2023-05-31,Laptop Pro 15,South,10,1194.41,11944.1,0,0
2023-05-31,Laptop Pro 15,East,1,1211.13,1211.13,0,0
2023-05-31,Smartphone Ultra,North,19,745.35,14161.65,0,0
2023-05-31,Smartphone Ultra,West,16,735.48,11767.68,0,0
2023-05-31,Smartphone Ultra,South,14,737.4,10323.6,0,0
2023-05-31,Smartphone Ultra,East,14,763.77,10692.78,0,0
2023-05-31,Wireless Noise-Canceling Headphones,North,17,178.92,3041.64,0,0
2023-05-31,Wireless Noise-Canceling Headphones,West,33,178.28,5883.24,0,0
2023-05-31,Wireless Noise-Canceling Headphones,South,29,176.52,5119.08,0,0
2023-05-31,Wireless Noise-Canceling Headphones,East,18,178.23,3208.14,0,0
2023-05-31,Smart Fitness Watch,North,19,220.78,4194.82,0,0
2023-05-31,Smart Fitness Watch,West,23,219.3,5043.9,0,0
2023-05-31,Smart Fitness Watch,South,10,216.96,2169.6,0,0
2023-05-31,Smart Fitness Watch,East,14,223.95,3135.3,0,0
2023-05-31,Ergonomic Office Chair,North,6,322.21,1933.26,0,0
2023-05-31,Ergonomic Office Chair,West,5,318.89,1594.45,0,0
2023-05-31,Ergonomic Office Chair,South,11,316.15,3477.65,0,0
2023-05-31,Ergonomic Office Chair,East,11,322.18,3543.98,0,0
2023-06-01,Laptop Pro 15,North,8,1189.96,9519.68,0,0
2023-06-01,Laptop Pro 15,West,10,1183.53,11835.3,0,0
2023-06-01,Laptop Pro 15,South,8,1177.04,9416.32,0,0
2023-06-01,Laptop Pro 15,East,5,1208.35,6041.75,0,0
2023-06-01,Smartphone Ultra,North,12,741.73,8900.76,0,0
2023-06-01,Smartphone Ultra,West,8,740.08,5920.64,0,0
2023-06-01,Smartphone Ultra,South,16,745.27,11924.32,0,0
2023-06-01,Smartphone Ultra,East,12,746.34,8956.08,0,0
2023-06-01,Wireless Noise-Canceling Headphones,North,34,176.99,6017.66,0,0
2023-06-01,Wireless Noise-Canceling Headphones,West,24,180.31,4327.44,0,0
2023-06-01,Wireless Noise-Canceling Headphones,South,21,176.68,3710.28,0,0
2023-06-01,Wireless Noise-Canceling Headphones,East,19,181.06,3440.14,0,0
2023-06-01,Smart Fitness Watch,North,19,216.45,4112.55,0,0
2023-06-01,Smart Fitness Watch,West,19,216.68,4116.92,0,0
2023-06-01,Smart Fitness Watch,South,14,218.26,3055.64,0,0
2023-06-01,Smart Fitness Watch,East,17,219.36,3729.12,0,0
2023-06-01,Ergonomic Office Chair,North,8,319.88,2559.04,0,0
2023-06-01,Ergonomic Office Chair,West,12,322.31,3867.72,0,0
2023-06-01,Ergonomic Office Chair,South,8,318.5,2548.0,0,0
2023-06-01,Ergonomic Office Chair,East,6,320.21,1921.26,0,0
2023-06-02,Laptop Pro 15,North,5,1183.47,5917.35,0,0
2023-06-02,Laptop Pro 15,West,7,1212.63,8488.41,0,0
2023-06-02,Laptop Pro 15,South,11,1181.07,12991.77,0,0
2023-06-02,Laptop Pro 15,East,7,1215.26,8506.82,0,0
2023-06-02,Smartphone Ultra,North,17,739.89,12578.13,0,0
2023-06-02,Smartphone Ultra,West,15,745.93,11188.95,0,0
2023-06-02,Smartphone Ultra,South,14,754.59,10564.26,0,0
2023-06-02,Smartphone Ultra,East,12,736.58,8838.96,0,0
2023-06-02,Wireless Noise-Canceling Headphones,North,26,181.02,4706.52,0,0
2023-06-02,Wireless Noise-Canceling Headphones,West,36,181.6,6537.6,0,0
2023-06-02,Wireless Noise-Canceling Headphones,South,22,180.73,3976.06,0,0
2023-06-02,Wireless Noise-Canceling Headphones,East,23,180.19,4144.37,0,0
2023-06-02,Smart Fitness Watch,North,19,220.64,4192.16,0,0
2023-06-02,Smart Fitness Watch,West,20,218.45,4369.0,0,0
2023-06-02,Smart Fitness Watch,South,21,219.32,4605.72,0,0
2023-06-02,Smart Fitness Watch,East,23,220.65,5074.95,0,0
2023-06-02,Ergonomic Office Chair,North,10,320.85,3208.5,0,0
2023-06-02,Ergonomic Office Chair,West,8,318.06,2544.48,0,0
2023-06-02,Ergonomic Office Chair,South,11,313.87,3452.57,0,0
2023-06-02,Ergonomic Office Chair,East,5,316.36,1581.8,0,0
2023-06-03,Laptop Pro 15,North,6,1206.13,7236.78,0,0
2023-06-03,Laptop Pro 15,West,11,1194.96,13144.56,0,0
2023-06-03,Laptop Pro 15,South,8,1199.59,9596.72,0,0
2023-06-03,Laptop Pro 15,East,9,1216.87,10951.83,0,0
2023-06-03,Smartphone Ultra,North,12,752.3,9027.6,0,0
2023-06-03,Smartphone Ultra,West,25,762.62,19065.5,0,0
2023-06-03,Smartphone Ultra,South,18,744.85,13407.3,0,0
2023-06-03,Smartphone Ultra,East,15,763.67,11455.05,0,0
2023-06-03,Wireless Noise-Canceling Headphones,North,50,178.07,8903.5,0,0
2023-06-03,Wireless Noise-Canceling Headphones,West,33,178.66,5895.78,0,0
2023-06-03,Wireless Noise-Canceling Headphones,South,30,181.89,5456.7,0,0
2023-06-03,Wireless Noise-Canceling Headphones,East,12,182.08,2184.96,0,0
2023-06-03,Smart Fitness Watch,North,28,216.06,6049.68,0,0
2023-06-03,Smart Fitness Watch,West,23,223.16,5132.68,0,0
2023-06-03,Smart Fitness Watch,South,31,220.4,6832.4,0,0
2023-06-03,Smart Fitness Watch,East,24,220.15,5283.6,0,0
2023-06-03,Ergonomic Office Chair,North,18,320.31,5765.58,0,0
2023-06-03,Ergonomic Office Chair,West,16,323.77,5180.32,0,0
2023-06-03,Ergonomic Office Chair,South,7,321.43,2250.01,0,0
2023-06-03,Ergonomic Office Chair,East,10,320.36,3203.6,0,0
2023-06-04,Laptop Pro 15,North,15,1194.64,17919.6,0,0
2023-06-04,Laptop Pro 15,West,10,1222.52,12225.2,0,0
2023-06-04,Laptop Pro 15,South,5,1219.3,6096.5,0,0
2023-06-04,Laptop Pro 15,East,13,1204.08,15653.04,0,0
2023-06-04,Smartphone Ultra,North,13,759.52,9873.76,0,0
2023-06-04,Smartphone Ultra,West,17,741.12,12599.04,0,0
2023-06-04,Smartphone Ultra,South,12,737.37,8848.44,0,0
2023-06-04,Smartphone Ultra,East,16,738.2,11811.2,0,0
2023-06-04,Wireless Noise-Canceling Headphones,North,39,176.61,6887.79,0,0
2023-06-04,Wireless Noise-Canceling Headphones,West,38,181.6,6900.8,0,0
2023-06-04,Wireless Noise-Canceling Headphones,South,24,181.24,4349.76,0,0
2023-06-04,Wireless Noise-Canceling Headphones,East,32,180.96,5790.72,0,0
2023-06-04,Smart Fitness Watch,North,31,221.43,6864.33,0,0
2023-06-04,Smart Fitness Watch,West,24,223.49,5363.76,0,0
2023-06-04,Smart Fitness Watch,South,34,224.35,7627.9,0,0
2023-06-04,Smart Fitness Watch,East,22,222.88,4903.36,0,0
2023-06-04,Ergonomic Office Chair,North,10,317.59,3175.9,0,0
2023-06-04,Ergonomic Office Chair,West,9,318.45,2866.05,0,0
2023-06-04,Ergonomic Office Chair,South,11,317.4,3491.4,0,0
2023-06-04,Ergonomic Office Chair,East,8,319.14,2553.12,0,0
2023-06-05,Laptop Pro 15,North,10,1187.04,11870.4,0,0
2023-06-05,Laptop Pro 15,West,5,1179.3,5896.5,0,0
2023-06-05,Laptop Pro 15,South,6,1208.75,7252.5,0,0
2023-06-05,Laptop Pro 15,East,4,1221.73,4886.92,0,0
2023-06-05,Smartphone Ultra,North,12,749.65,8995.8,0,0
2023-06-05,Smartphone Ultra,West,15,763.73,11455.95,0,0
2023-06-05,Smartphone Ultra,South,17,739.89,12578.13,0,0
2023-06-05,Smartphone Ultra,East,7,736.9,5158.3,0,0
2023-06-05,Wireless Noise-Canceling Headphones,North,33,178.67,5896.11,0,0
2023-06-05,Wireless Noise-Canceling Headphones,West,21,177.6,3729.6,0,0
2023-06-05,Wireless Noise-Canceling Headphones,South,23,178.26,4099.98,0,0
2023-06-05,Wireless Noise-Canceling Headphones,East,26,181.65,4722.9,0,0
2023-06-05,Smart Fitness Watch,North,20,216.66,4333.2,0,0
2023-06-05,Smart Fitness Watch,West,12,224.03,2688.36,0,0
2023-06-05,Smart Fitness Watch,South,10,224.16,2241.6,0,0
2023-06-05,Smart Fitness Watch,East,10,223.43,2234.3,0,0
2023-06-05,Ergonomic Office Chair,North,16,316.73,5067.68,0,0
2023-06-05,Ergonomic Office Chair,West,8,317.4,2539.2,0,0
2023-06-05,Ergonomic Office Chair,South,6,318.43,1910.58,0,0
2023-06-05,Ergonomic Office Chair,East,10,319.21,3192.1,0,0
2023-06-06,Laptop Pro 15,North,10,1209.96,12099.6,0,0
2023-06-06,Laptop Pro 15,West,4,1213.89,4855.56,0,0
2023-06-06,Laptop Pro 15,South,8,1199.21,9593.68,0,0
2023-06-06,Laptop Pro 15,East,4,1200.47,4801.88,0,0
2023-06-06,Smartphone Ultra,North,16,756.56,12104.96,0,0
2023-06-06,Smartphone Ultra,West,9,752.12,6769.08,0,0
2023-06-06,Smartphone Ultra,South,19,739.11,14043.09,0,0
2023-06-06,Smartphone Ultra,East,12,741.11,8893.32,0,0
2023-06-06,Wireless Noise-Canceling Headphones,North,19,183.12,3479.28,0,0
2023-06-06,Wireless Noise-Canceling Headphones,West,30,178.01,5340.3,0,0
2023-06-06,Wireless Noise-Canceling Headphones,South,24,183.3,4399.2,0,0
2023-06-06,Wireless Noise-Canceling Headphones,East,18,180.83,3254.94,0,0
2023-06-06,Smart Fitness Watch,North,18,217.68,3918.24,0,0
2023-06-06,Smart Fitness Watch,West,14,222.11,3109.54,0,0
2023-06-06,Smart Fitness Watch,South,24,221.26,5310.24,0,0
2023-06-06,Smart Fitness Watch,East,15,222.59,3338.85,0,0
2023-06-06,Ergonomic Office Chair,North,11,314.06,3454.66,0,0
2023-06-06,Ergonomic Office Chair,West,15,314.67,4720.05,0,0
2023-06-06,Ergonomic Office Chair,South,7,320.95,2246.65,0,0
2023-06-06,Ergonomic Office Chair,East,6,316.72,1900.32,0,0
2023-06-07,Laptop Pro 15,North,15,1200.28,18004.2,0,0
2023-06-07,Laptop Pro 15,West,13,1222.61,15893.93,0,0
2023-06-07,Laptop Pro 15,South,6,1185.03,7110.18,0,0
2023-06-07,Laptop Pro 15,East,1,1210.55,1210.55,0,0
2023-06-07,Smartphone Ultra,North,15,757.85,11367.75,0,0
2023-06-07,Smartphone Ultra,West,17,744.16,12650.72,0,0
2023-06-07,Smartphone Ultra,South,10,747.28,7472.8,0,0
2023-06-07,Smartphone Ultra,East,8,756.51,6052.08,0,0
2023-06-07,Wireless Noise-Canceling Headphones,North,26,177.47,4614.22,0,0
2023-06-07,Wireless Noise-Canceling Headphones,West,25,180.24,4506.0,0,0
2023-06-07,Wireless Noise-Canceling Headphones,South,16,180.48,2887.68,0,0
2023-06-07,Wireless Noise-Canceling Headphones,East,23,179.15,4120.45,0,0
2023-06-07,Smart Fitness Watch,North,13,220.13,2861.69,0,0
2023-06-07,Smart Fitness Watch,West,19,222.93,4235.67,0,0
2023-06-07,Smart Fitness Watch,South,20,221.07,4421.4,0,0
2023-06-07,Smart Fitness Watch,East,8,218.96,1751.68,0,0
2023-06-07,Ergonomic Office Chair,North,9,320.87,2887.83,0,0
2023-06-07,Ergonomic Office Chair,West,13,320.45,4165.85,0,0
2023-06-07,Ergonomic Office Chair,South,4,323.59,1294.36,0,0
2023-06-07,Ergonomic Office Chair,East,8,326.01,2608.08,0,0
2023-06-08,Laptop Pro 15,North,10,1196.36,11963.6,0,0
2023-06-08,Laptop Pro 15,West,8,1186.64,9493.12,0,0
2023-06-08,Laptop Pro 15,South,7,1210.5,8473.5,0,0
2023-06-08,Laptop Pro 15,East,9,1212.15,10909.35,0,0
2023-06-08,Smartphone Ultra,North,15,736.86,11052.9,0,0
2023-06-08,Smartphone Ultra,West,8,758.87,6070.96,0,0
2023-06-08,Smartphone Ultra,South,14,758.31,10616.34,0,0
2023-06-08,Smartphone Ultra,East,11,756.76,8324.36,0,0
2023-06-08,Wireless Noise-Canceling Headphones,North,28,182.86,5120.08,0,0
2023-06-08,Wireless Noise-Canceling Headphones,West,25,176.43,4410.75,0,0
2023-06-08,Wireless Noise-Canceling Headphones,South,25,180.03,4500.75,0,0
2023-06-08,Wireless Noise-Canceling Headphones,East,24,178.34,4280.16,0,0
2023-06-08,Smart Fitness Watch,North,25,222.05,5551.25,0,0
2023-06-08,Smart Fitness Watch,West,21,223.57,4694.97,0,0
2023-06-08,Smart Fitness Watch,South,13,222.04,2886.52,0,0
2023-06-08,Smart Fitness Watch,East,16,217.86,3485.76,0,0
2023-06-08,Ergonomic Office Chair,North,10,318.63,3186.3,0,0
2023-06-08,Ergonomic Office Chair,West,13,316.21,4110.73,0,0
2023-06-08,Ergonomic Office Chair,South,3,324.03,972.09,0,0
2023-06-08,Ergonomic Office Chair,East,8,323.48,2587.84,0,0
2023-06-09,Laptop Pro 15,North,14,1212.16,16970.24,0,0
2023-06-09,Laptop Pro 15,West,6,1198.64,7191.84,0,0
2023-06-09,Laptop Pro 15,South,4,1220.16,4880.64,0,0
2023-06-09,Laptop Pro 15,East,6,1222.84,7337.04,0,0
2023-06-09,Smartphone Ultra,North,17,739.43,12570.31,0,0
2023-06-09,Smartphone Ultra,West,6,749.45,4496.7,0,0
2023-06-09,Smartphone Ultra,South,14,748.17,10474.38,0,0
2023-06-09,Smartphone Ultra,East,20,755.81,15116.2,0,0
2023-06-09,Wireless Noise-Canceling Headphones,North,41,178.05,7300.05,0,0
2023-06-09,Wireless Noise-Canceling Headphones,West,23,180.09,4142.07,0,0
2023-06-09,Wireless Noise-Canceling Headphones,South,24,183.47,4403.28,0,0
2023-06-09,Wireless Noise-Canceling Headphones,East,17,177.11,3010.87,0,0
2023-06-09,Smart Fitness Watch,North,21,223.93,4702.53,0,0
2023-06-09,Smart Fitness Watch,West,21,219.02,4599.42,0,0
2023-06-09,Smart Fitness Watch,South,14,221.04,3094.56,0,0
2023-06-09,Smart Fitness Watch,East,9,220.96,1988.64,0,0
2023-06-09,Ergonomic Office Chair,North,10,326.21,3262.1,0,0
2023-06-09,Ergonomic Office Chair,West,7,324.99,2274.93,0,0
2023-06-09,Ergonomic Office Chair,South,13,325.4,4230.2,0,0
2023-06-09,Ergonomic Office Chair,East,7,317.11,2219.77,0,0
2023-06-10,Laptop Pro 15,North,10,1202.17,12021.7,0,0
2023-06-10,Laptop Pro 15,West,17,1198.47,20373.99,0,0
2023-06-10,Laptop Pro 15,South,16,1195.76,19132.16,0,0
2023-06-10,Laptop Pro 15,East,6,1209.15,7254.9,0,0
2023-06-10,Smartphone Ultra,North,34,753.51,25619.34,0,0
2023-06-10,Smartphone Ultra,West,22,756.89,16651.58,0,0
2023-06-10,Smartphone Ultra,South,20,761.96,15239.2,0,0
2023-06-10,Smartphone Ultra,East,16,748.77,11980.32,0,0
2023-06-10,Wireless Noise-Canceling Headphones,North,44,176.81,7779.64,0,0
2023-06-10,Wireless Noise-Canceling Headphones,West,37,177.16,6554.92,0,0
2023-06-10,Wireless Noise-Canceling Headphones,South,36,178.31,6419.16,0,0
2023-06-10,Wireless Noise-Canceling Headphones,East,29,179.01,5191.29,0,0
2023-06-10,Smart Fitness Watch,North,30,222.59,6677.7,0,0
2023-06-10,Smart Fitness Watch,West,22,222.49,4894.78,0,0
2023-06-10,Smart Fitness Watch,South,26,216.62,5632.12,0,0
2023-06-10,Smart Fitness Watch,East,17,216.69,3683.73,0,0
2023-06-10,Ergonomic Office Chair,North,12,318.61,3823.32,0,0
2023-06-10,Ergonomic Office Chair,West,6,319.0,1914.0,0,0
2023-06-10,Ergonomic Office Chair,South,10,318.23,3182.3,0,0
2023-06-10,Ergonomic Office Chair,East,8,321.38,2571.04,0,0
2023-06-11,Laptop Pro 15,North,14,1184.36,16581.04,0,0
2023-06-11,Laptop Pro 15,West,9,1192.68,10734.12,0,0
2023-06-11,Laptop Pro 15,South,7,1220.11,8540.77,0,0
2023-06-11,Laptop Pro 15,East,7,1200.3,8402.1,0,0
2023-06-11,Smartphone Ultra,North,23,752.08,17297.84,0,0
2023-06-11,Smartphone Ultra,West,24,752.11,18050.64,0,0
2023-06-11,Smartphone Ultra,South,19,737.56,14013.64,0,0
2023-06-11,Smartphone Ultra,East,17,750.21,12753.57,0,0
2023-06-11,Wireless Noise-Canceling Headphones,North,44,177.26,7799.44,0,0
2023-06-11,Wireless Noise-Canceling Headphones,West,30,181.46,5443.8,0,0
2023-06-11,Wireless Noise-Canceling Headphones,South,37,178.47,6603.39,0,0
2023-06-11,Wireless Noise-Canceling Headphones,East,35,176.85,6189.75,0,0
2023-06-11,Smart Fitness Watch,North,30,222.61,6678.3,0,0
2023-06-11,Smart Fitness Watch,West,29,222.51,6452.79,0,0
2023-06-11,Smart Fitness Watch,South,16,222.42,3558.72,0,0
2023-06-11,Smart Fitness Watch,East,23,223.34,5136.82,0,0
2023-06-11,Ergonomic Office Chair,North,7,323.0,2261.0,0,0
2023-06-11,Ergonomic Office Chair,West,16,317.3,5076.8,0,0
2023-06-11,Ergonomic Office Chair,South,9,317.78,2860.02,0,0
2023-06-11,Ergonomic Office Chair,East,9,320.53,2884.77,0,0
2023-06-12,Laptop Pro 15,North,9,1190.57,10715.13,0,0
2023-06-12,Laptop Pro 15,West,5,1223.37,6116.85,0,0
2023-06-12,Laptop Pro 15,South,4,1203.59,4814.36,0,0
2023-06-12,Laptop Pro 15,East,4,1181.75,4727.0,0,0
2023-06-12,Smartphone Ultra,North,12,759.4,9112.8,0,0
2023-06-12,Smartphone Ultra,West,14,740.12,10361.68,0,0
2023-06-12,Smartphone Ultra,South,11,758.05,8338.55,0,0
2023-06-12,Smartphone Ultra,East,10,756.25,7562.5,0,0
2023-06-12,Wireless Noise-Canceling Headphones,North,34,177.73,6042.82,0,0
2023-06-12,Wireless Noise-Canceling Headphones,West,33,178.95,5905.35,0,0
2023-06-12,Wireless Noise-Canceling Headphones,South,27,180.48,4872.96,0,0
2023-06-12,Wireless Noise-Canceling Headphones,East,19,178.1,3383.9,0,0
2023-06-12,Smart Fitness Watch,North,17,221.16,3759.72,0,0
2023-06-12,Smart Fitness Watch,West,16,223.5,3576.0,0,0
2023-06-12,Smart Fitness Watch,South,16,221.97,3551.52,0,0
2023-06-12,Smart Fitness Watch,East,20,219.54,4390.8,0,0
2023-06-12,Ergonomic Office Chair,North,12,324.85,3898.2,0,0
2023-06-12,Ergonomic Office Chair,West,5,321.63,1608.15,0,0
2023-06-12,Ergonomic Office Chair,South,8,315.86,2526.88,0,0
2023-06-12,Ergonomic Office Chair,East,4,319.64,1278.56,0,0
2023-06-13,Laptop Pro 15,North,7,1222.39,8556.73,0,0
2023-06-13,Laptop Pro 15,West,10,1180.32,11803.2,0,0
2023-06-13,Laptop Pro 15,South,8,1214.03,9712.24,0,0
2023-06-13,Laptop Pro 15,East,1,1190.33,1190.33,0,0
2023-06-13,Smartphone Ultra,North,16,736.34,11781.44,0,0
2023-06-13,Smartphone Ultra,West,13,752.36,9780.68,0,0
2023-06-13,Smartphone Ultra,South,10,749.73,7497.3,0,0
2023-06-13,Smartphone Ultra,East,10,759.23,7592.3,0,0
2023-06-13,Wireless Noise-Canceling Headphones,North,28,177.76,4977.28,0,0
2023-06-13,Wireless Noise-Canceling Headphones,West,27,180.19,4865.13,0,0
2023-06-13,Wireless Noise-Canceling Headphones,South,21,183.18,3846.78,0,0
2023-06-13,Wireless Noise-Canceling Headphones,East,21,181.29,3807.09,0,0
2023-06-13,Smart Fitness Watch,North,14,220.15,3082.1,0,0
2023-06-13,Smart Fitness Watch,West,18,218.95,3941.1,0,0
2023-06-13,Smart Fitness Watch,South,23,219.78,5054.94,0,0
2023-06-13,Smart Fitness Watch,East,21,219.37,4606.77,0,0
2023-06-13,Ergonomic Office Chair,North,6,316.3,1897.8,0,0
2023-06-13,Ergonomic Office Chair,West,10,314.23,3142.3,0,0
2023-06-13,Ergonomic Office Chair,South,13,321.51,4179.63,0,0
2023-06-13,Ergonomic Office Chair,East,6,323.34,1940.04,0,0
2023-06-14,Laptop Pro 15,North,7,1222.14,8554.98,0,0
2023-06-14,Laptop Pro 15,West,2,1193.23,2386.46,0,0
2023-06-14,Laptop Pro 15,South,6,1206.78,7240.68,0,0
2023-06-14,Laptop Pro 15,East,3,1201.9,3605.7,0,0
2023-06-14,Smartphone Ultra,North,12,758.99,9107.88,0,0
2023-06-14,Smartphone Ultra,West,15,756.71,11350.65,0,0
2023-06-14,Smartphone Ultra,South,10,749.38,7493.8,0,0
2023-06-14,Smartphone Ultra,East,11,756.26,8318.86,0,0
2023-06-14,Wireless Noise-Canceling Headphones,North,35,180.33,6311.55,0,0
2023-06-14,Wireless Noise-Canceling Headphones,West,31,181.88,5638.28,0,0
2023-06-14,Wireless Noise-Canceling Headphones,South,27,182.32,4922.64,0,0
2023-06-14,Wireless Noise-Canceling Headphones,East,22,179.8,3955.6,0,0
2023-06-14,Smart Fitness Watch,North,23,218.0,5014.0,0,0
2023-06-14,Smart Fitness Watch,West,21,221.44,4650.24,0,0
2023-06-14,Smart Fitness Watch,South,20,223.31,4466.2,0,0
2023-06-14,Smart Fitness Watch,East,14,218.5,3059.0,0,0
2023-06-14,Ergonomic Office Chair,North,14,323.96,4535.44,0,0
2023-06-14,Ergonomic Office Chair,West,12,313.99,3767.88,0,0
2023-06-14,Ergonomic Office Chair,South,10,314.65,3146.5,0,0
2023-06-14,Ergonomic Office Chair,East,13,324.43,4217.59,0,0
2023-06-15,Laptop Pro 15,North,6,1219.77,7318.62,0,0
2023-06-15,Laptop Pro 15,West,7,1182.13,8274.91,0,0
2023-06-15,Laptop Pro 15,South,5,1176.78,5883.9,0,0
2023-06-15,Laptop Pro 15,East,2,1178.0,2356.0,0,0
2023-06-15,Smartphone Ultra,North,15,738.36,11075.4,0,0
2023-06-15,Smartphone Ultra,West,13,739.78,9617.14,0,0
2023-06-15,Smartphone Ultra,South,13,736.4,9573.2,0,0
2023-06-15,Smartphone Ultra,East,11,737.86,8116.46,0,0
2023-06-15,Wireless Noise-Canceling Headphones,North,27,181.61,4903.47,0,0
2023-06-15,Wireless Noise-Canceling Headphones,West,29,177.71,5153.59,0,0
2023-06-15,Wireless Noise-Canceling Headphones,South,23,179.96,4139.08,0,0
2023-06-15,Wireless Noise-Canceling Headphones,East,19,180.03,3420.57,0,0
2023-06-15,Smart Fitness Watch,North,19,223.29,4242.51,0,0
2023-06-15,Smart Fitness Watch,West,26,223.48,5810.48,0,0
2023-06-15,Smart Fitness Watch,South,15,222.0,3330.0,0,0
2023-06-15,Smart Fitness Watch,East,12,218.89,2626.68,0,0
2023-06-15,Ergonomic Office Chair,North,11,317.64,3494.04,0,0
2023-06-15,Ergonomic Office Chair,West,14,324.88,4548.32,0,0
2023-06-15,Ergonomic Office Chair,South,7,316.27,2213.89,0,0
2023-06-15,Ergonomic Office Chair,East,3,315.7,947.1,0,0
2023-06-16,Laptop Pro 15,North,17,1076.33,18297.61,1,0
2023-06-16,Laptop Pro 15,West,8,1068.28,8546.24,1,0
2023-06-16,Laptop Pro 15,South,15,1035.45,15531.75,1,0
2023-06-16,Laptop Pro 15,East,5,1028.34,5141.7,1,0
2023-06-16,Smartphone Ultra,North,31,672.75,20855.25,1,0
2023-06-16,Smartphone Ultra,West,20,676.03,13520.6,1,0
2023-06-16,Smartphone Ultra,South,18,668.48,12032.64,1,0
2023-06-16,Smartphone Ultra,East,22,643.0,14146.0,1,0
2023-06-16,Wireless Noise-Canceling Headphones,North,52,155.1,8065.2,1,0
2023-06-16,Wireless Noise-Canceling Headphones,West,37,160.47,5937.39,1,0
2023-06-16,Wireless Noise-Canceling Headphones,South,36,154.22,5551.92,1,0
2023-06-16,Wireless Noise-Canceling Headphones,East,29,154.24,4472.96,1,0
2023-06-16,Smart Fitness Watch,North,35,190.26,6659.1,1,0
2023-06-16,Smart Fitness Watch,West,27,197.34,5328.18,1,0
2023-06-16,Smart Fitness Watch,South,28,188.52,5278.56,1,0
2023-06-16,Smart Fitness Watch,East,18,198.79,3578.22,1,0
2023-06-16,Ergonomic Office Chair,North,13,278.76,3623.88,1,0
2023-06-16,Ergonomic Office Chair,West,15,286.75,4301.25,1,0
2023-06-16,Ergonomic Office Chair,South,13,286.4,3723.2,1,0
2023-06-16,Ergonomic Office Chair,East,7,286.09,2002.63,1,0
2023-06-17,Laptop Pro 15,North,9,1198.83,10789.47,0,0
2023-06-17,Laptop Pro 15,West,11,1178.84,12967.24,0,0
2023-06-17,Laptop Pro 15,South,9,1210.91,10898.19,0,0
2023-06-17,Laptop Pro 15,East,8,1223.95,9791.6,0,0
2023-06-17,Smartphone Ultra,North,25,742.12,18553.0,0,0
2023-06-17,Smartphone Ultra,West,24,742.17,17812.08,0,0
2023-06-17,Smartphone Ultra,South,15,752.94,11294.1,0,0
2023-06-17,Smartphone Ultra,East,11,755.37,8309.07,0,0
2023-06-17,Wireless Noise-Canceling Headphones,North,44,179.02,7876.88,0,0
2023-06-17,Wireless Noise-Canceling Headphones,West,36,183.31,6599.16,0,0
2023-06-17,Wireless Noise-Canceling Headphones,South,37,179.17,6629.29,0,0
2023-06-17,Wireless Noise-Canceling Headphones,East,27,179.77,4853.79,0,0
2023-06-17,Smart Fitness Watch,North,33,220.05,7261.65,0,0
2023-06-17,Smart Fitness Watch,West,33,222.45,7340.85,0,0
2023-06-17,Smart Fitness Watch,South,35,217.96,7628.6,0,0
2023-06-17,Smart Fitness Watch,East,27,221.12,5970.24,0,0
2023-06-17,Ergonomic Office Chair,North,8,315.59,2524.72,0,0
2023-06-17,Ergonomic Office Chair,West,7,321.67,2251.69,0,0
2023-06-17,Ergonomic Office Chair,South,9,317.73,2859.57,0,0
2023-06-17,Ergonomic Office Chair,East,14,314.35,4400.9,0,0
2023-06-18,Laptop Pro 15,North,9,1221.92,10997.28,0,0
2023-06-18,Laptop Pro 15,West,7,1214.3,8500.1,0,0
2023-06-18,Laptop Pro 15,South,7,1205.67,8439.69,0,0
2023-06-18,Laptop Pro 15,East,12,1208.96,14507.52,0,0
2023-06-18,Smartphone Ultra,North,18,752.96,13553.28,0,0
2023-06-18,Smartphone Ultra,West,20,738.99,14779.8,0,0
2023-06-18,Smartphone Ultra,South,27,735.04,19846.08,0,0
2023-06-18,Smartphone Ultra,East,17,758.34,12891.78,0,0
2023-06-18,Wireless Noise-Canceling Headphones,North,37,183.43,6786.91,0,0
2023-06-18,Wireless Noise-Canceling Headphones,West,32,177.43,5677.76,0,0
2023-06-18,Wireless Noise-Canceling Headphones,South,29,177.78,5155.62,0,0
2023-06-18,Wireless Noise-Canceling Headphones,East,26,180.42,4690.92,0,0
2023-06-18,Smart Fitness Watch,North,31,223.27,6921.37,0,0
2023-06-18,Smart Fitness Watch,West,21,221.42,4649.82,0,0
2023-06-18,Smart Fitness Watch,South,23,216.73,4984.79,0,0
2023-06-18,Smart Fitness Watch,East,24,216.79,5202.96,0,0
2023-06-18,Ergonomic Office Chair,North,11,320.87,3529.57,0,0
2023-06-18,Ergonomic Office Chair,West,7,316.71,2216.97,0,0
2023-06-18,Ergonomic Office Chair,South,10,319.18,3191.8,0,0
2023-06-18,Ergonomic Office Chair,East,13,317.51,4127.63,0,0
2023-06-19,Laptop Pro 15,North,9,1182.24,10640.16,0,0
2023-06-19,Laptop Pro 15,West,9,1195.72,10761.48,0,0
2023-06-19,Laptop Pro 15,South,9,1179.41,10614.69,0,0
2023-06-19,Laptop Pro 15,East,6,1200.91,7205.46,0,0
2023-06-19,Smartphone Ultra,North,18,741.63,13349.34,0,0
2023-06-19,Smartphone Ultra,West,15,756.38,11345.7,0,0
2023-06-19,Smartphone Ultra,South,14,761.83,10665.62,0,0
2023-06-19,Smartphone Ultra,East,9,758.4,6825.6,0,0
2023-06-19,Wireless Noise-Canceling Headphones,North,42,180.83,7594.86,0,0
2023-06-19,Wireless Noise-Canceling Headphones,West,24,179.74,4313.76,0,0
2023-06-19,Wireless Noise-Canceling Headphones,South,22,176.76,3888.72,0,0
2023-06-19,Wireless Noise-Canceling Headphones,East,20,179.01,3580.2,0,0
2023-06-19,Smart Fitness Watch,North,22,223.82,4924.04,0,0
2023-06-19,Smart Fitness Watch,West,24,216.63,5199.12,0,0
2023-06-19,Smart Fitness Watch,South,15,223.35,3350.25,0,0
2023-06-19,Smart Fitness Watch,East,17,221.34,3762.78,0,0
2023-06-19,Ergonomic Office Chair,North,8,315.33,2522.64,0,0
2023-06-19,Ergonomic Office Chair,West,10,315.62,3156.2,0,0
2023-06-19,Ergonomic Office Chair,South,6,322.55,1935.3,0,0
2023-06-19,Ergonomic Office Chair,East,5,321.7,1608.5,0,0
2023-06-20,Laptop Pro 15,North,10,1219.82,12198.2,0,0
2023-06-20,Laptop Pro 15,West,8,1186.18,9489.44,0,0
2023-06-20,Laptop Pro 15,South,12,1214.56,14574.72,0,0
2023-06-20,Laptop Pro 15,East,6,1209.2,7255.2,0,0
2023-06-20,Smartphone Ultra,North,14,763.7,10691.8,0,0
2023-06-20,Smartphone Ultra,West,17,757.77,12882.09,0,0
2023-06-20,Smartphone Ultra,South,12,738.68,8864.16,0,0
2023-06-20,Smartphone Ultra,East,12,764.93,9179.16,0,0
2023-06-20,Wireless Noise-Canceling Headphones,North,27,177.96,4804.92,0,0
2023-06-20,Wireless Noise-Canceling Headphones,West,38,182.14,6921.32,0,0
2023-06-20,Wireless Noise-Canceling Headphones,South,18,180.85,3255.3,0,0
2023-06-20,Wireless Noise-Canceling Headphones,East,12,177.18,2126.16,0,0
2023-06-20,Smart Fitness Watch,North,24,219.72,5273.28,0,0
2023-06-20,Smart Fitness Watch,West,18,221.82,3992.76,0,0
2023-06-20,Smart Fitness Watch,South,19,219.69,4174.11,0,0
2023-06-20,Smart Fitness Watch,East,13,218.51,2840.63,0,0
2023-06-20,Ergonomic Office Chair,North,8,324.05,2592.4,0,0
2023-06-20,Ergonomic Office Chair,West,9,316.82,2851.38,0,0
2023-06-20,Ergonomic Office Chair,South,7,314.8,2203.6,0,0
2023-06-20,Ergonomic Office Chair,East,11,320.04,3520.44,0,0
2023-06-21,Laptop Pro 15,North,5,1193.48,5967.4,0,0
2023-06-21,Laptop Pro 15,West,4,1182.42,4729.68,0,0
2023-06-21,Laptop Pro 15,South,6,1187.61,7125.66,0,0
2023-06-21,Laptop Pro 15,East,8,1213.65,9709.2,0,0
2023-06-21,Smartphone Ultra,North,19,744.37,14143.03,0,0
2023-06-21,Smartphone Ultra,West,19,758.38,14409.22,0,0
2023-06-21,Smartphone Ultra,South,13,737.99,9593.87,0,0
2023-06-21,Smartphone Ultra,East,13,763.05,9919.65,0,0
2023-06-21,Wireless Noise-Canceling Headphones,North,30,181.7,5451.0,0,0
2023-06-21,Wireless Noise-Canceling Headphones,West,42,180.58,7584.36,0,0
2023-06-21,Wireless Noise-Canceling Headphones,South,23,179.48,4128.04,0,0
2023-06-21,Wireless Noise-Canceling Headphones,East,19,182.29,3463.51,0,0
2023-06-21,Smart Fitness Watch,North,17,219.93,3738.81,0,0
2023-06-21,Smart Fitness Watch,West,12,216.71,2600.52,0,0
2023-06-21,Smart Fitness Watch,South,13,223.99,2911.87,0,0
2023-06-21,Smart Fitness Watch,East,12,223.51,2682.12,0,0
2023-06-21,Ergonomic Office Chair,North,13,325.73,4234.49,0,0
2023-06-21,Ergonomic Office Chair,West,13,319.38,4151.94,0,0
2023-06-21,Ergonomic Office Chair,South,8,315.52,2524.16,0,0
2023-06-21,Ergonomic Office Chair,East,5,313.9,1569.5,0,0
2023-06-22,Laptop Pro 15,North,7,1180.04,8260.28,0,0
2023-06-22,Laptop Pro 15,West,2,1191.94,2383.88,0,0
2023-06-22,Laptop Pro 15,South,7,1199.9,8399.3,0,0
2023-06-22,Laptop Pro 15,East,5,1198.89,5994.45,0,0
2023-06-22,Smartphone Ultra,North,14,762.66,10677.24,0,0
2023-06-22,Smartphone Ultra,West,15,748.17,11222.55,0,0
2023-06-22,Smartphone Ultra,South,17,750.4,12756.8,0,0
2023-06-22,Smartphone Ultra,East,9,751.91,6767.19,0,0
2023-06-22,Wireless Noise-Canceling Headphones,North,31,178.95,5547.45,0,0
2023-06-22,Wireless Noise-Canceling Headphones,West,32,183.56,5873.92,0,0
2023-06-22,Wireless Noise-Canceling Headphones,South,23,181.31,4170.13,0,0
2023-06-22,Wireless Noise-Canceling Headphones,East,9,178.95,1610.55,0,0
2023-06-22,Smart Fitness Watch,North,24,215.85,5180.4,0,0
2023-06-22,Smart Fitness Watch,West,21,223.71,4697.91,0,0
2023-06-22,Smart Fitness Watch,South,17,217.53,3698.01,0,0
2023-06-22,Smart Fitness Watch,East,17,223.56,3800.52,0,0
2023-06-22,Ergonomic Office Chair,North,8,322.79,2582.32,0,0
2023-06-22,Ergonomic Office Chair,West,13,321.92,4184.96,0,0
2023-06-22,Ergonomic Office Chair,South,3,316.31,948.93,0,0
2023-06-22,Ergonomic Office Chair,East,10,313.61,3136.1,0,0
2023-06-23,Laptop Pro 15,North,9,1194.7,10752.3,0,0
2023-06-23,Laptop Pro 15,West,4,1186.92,4747.68,0,0
2023-06-23,Laptop Pro 15,South,5,1179.82,5899.1,0,0
2023-06-23,Laptop Pro 15,East,5,1212.26,6061.3,0,0
2023-06-23,Smartphone Ultra,North,22,737.32,16221.04,0,0
2023-06-23,Smartphone Ultra,West,17,738.13,12548.21,0,0
2023-06-23,Smartphone Ultra,South,22,763.03,16786.66,0,0
2023-06-23,Smartphone Ultra,East,11,741.14,8152.54,0,0
2023-06-23,Wireless Noise-Canceling Headphones,North,35,176.41,6174.35,0,0
2023-06-23,Wireless Noise-Canceling Headphones,West,42,183.07,7688.94,0,0
2023-06-23,Wireless Noise-Canceling Headphones,South,24,179.28,4302.72,0,0
2023-06-23,Wireless Noise-Canceling Headphones,East,26,183.06,4759.56,0,0
2023-06-23,Smart Fitness Watch,North,21,220.09,4621.89,0,0
2023-06-23,Smart Fitness Watch,West,23,217.38,4999.74,0,0
2023-06-23,Smart Fitness Watch,South,18,218.39,3931.02,0,0
2023-06-23,Smart Fitness Watch,East,11,224.14,2465.54,0,0
2023-06-23,Ergonomic Office Chair,North,17,326.34,5547.78,0,0
2023-06-23,Ergonomic Office Chair,West,9,314.45,2830.05,0,0
2023-06-23,Ergonomic Office Chair,South,6,319.09,1914.54,0,0
2023-06-23,Ergonomic Office Chair,East,7,324.21,2269.47,0,0
2023-06-24,Laptop Pro 15,North,9,1203.7,10833.3,0,0
2023-06-24,Laptop Pro 15,West,9,1189.78,10708.02,0,0
2023-06-24,Laptop Pro 15,South,7,1193.28,8352.96,0,0
2023-06-24,Laptop Pro 15,East,6,1187.85,7127.1,0,0
2023-06-24,Smartphone Ultra,North,19,754.14,14328.66,0,0
2023-06-24,Smartphone Ultra,West,20,744.15,14883.0,0,0
2023-06-24,Smartphone Ultra,South,20,736.53,14730.6,0,0
2023-06-24,Smartphone Ultra,East,18,738.78,13298.04,0,0
2023-06-24,Wireless Noise-Canceling Headphones,North,32,182.81,5849.92,0,0
2023-06-24,Wireless Noise-Canceling Headphones,West,37,177.19,6556.03,0,0
2023-06-24,Wireless Noise-Canceling Headphones,South,28,177.82,4978.96,0,0
2023-06-24,Wireless Noise-Canceling Headphones,East,20,181.02,3620.4,0,0
2023-06-24,Smart Fitness Watch,North,27,216.68,5850.36,0,0
2023-06-24,Smart Fitness Watch,West,22,217.22,4778.84,0,0
2023-06-24,Smart Fitness Watch,South,21,216.07,4537.47,0,0
2023-06-24,Smart Fitness Watch,East,22,222.89,4903.58,0,0
2023-06-24,Ergonomic Office Chair,North,10,326.38,3263.8,0,0
2023-06-24,Ergonomic Office Chair,West,15,316.03,4740.45,0,0
2023-06-24,Ergonomic Office Chair,South,12,326.21,3914.52,0,0
2023-06-24,Ergonomic Office Chair,East,8,317.91,2543.28,0,0
2023-06-25,Laptop Pro 15,North,10,1187.98,11879.8,0,0
2023-06-25,Laptop Pro 15,West,10,1183.9,11839.0,0,0
2023-06-25,Laptop Pro 15,South,7,1210.87,8476.09,0,0
2023-06-25,Laptop Pro 15,East,6,1201.78,7210.68,0,0
2023-06-25,Smartphone Ultra,North,24,747.22,17933.28,0,0
2023-06-25,Smartphone Ultra,West,19,739.41,14048.79,0,0
2023-06-25,Smartphone Ultra,South,17,736.14,12514.38,0,0
2023-06-25,Smartphone Ultra,East,11,747.09,8217.99,0,0
2023-06-25,Wireless Noise-Canceling Headphones,North,47,181.81,8545.07,0,0
2023-06-25,Wireless Noise-Canceling Headphones,West,40,179.96,7198.4,0,0
2023-06-25,Wireless Noise-Canceling Headphones,South,27,179.64,4850.28,0,0
2023-06-25,Wireless Noise-Canceling Headphones,East,36,176.72,6361.92,0,0
2023-06-25,Smart Fitness Watch,North,27,224.1,6050.7,0,0
2023-06-25,Smart Fitness Watch,West,28,221.88,6212.64,0,0
2023-06-25,Smart Fitness Watch,South,27,217.69,5877.63,0,0
2023-06-25,Smart Fitness Watch,East,25,222.13,5553.25,0,0
2023-06-25,Ergonomic Office Chair,North,8,321.03,2568.24,0,0
2023-06-25,Ergonomic Office Chair,West,10,323.36,3233.6,0,0
2023-06-25,Ergonomic Office Chair,South,8,320.66,2565.28,0,0
2023-06-25,Ergonomic Office Chair,East,10,326.22,3262.2,0,0
2023-06-26,Laptop Pro 15,North,7,1176.66,8236.62,0,0
2023-06-26,Laptop Pro 15,West,3,1217.26,3651.78,0,0
2023-06-26,Laptop Pro 15,South,12,1207.21,14486.52,0,0
2023-06-26,Laptop Pro 15,East,4,1180.38,4721.52,0,0
2023-06-26,Smartphone Ultra,North,9,759.65,6836.85,0,0
2023-06-26,Smartphone Ultra,West,20,761.91,15238.2,0,0
2023-06-26,Smartphone Ultra,South,11,736.74,8104.14,0,0
2023-06-26,Smartphone Ultra,East,15,755.96,11339.4,0,0
2023-06-26,Wireless Noise-Canceling Headphones,North,26,183.3,4765.8,0,0
2023-06-26,Wireless Noise-Canceling Headphones,West,17,178.63,3036.71,0,0
2023-06-26,Wireless Noise-Canceling Headphones,South,21,181.5,3811.5,0,0
2023-06-26,Wireless Noise-Canceling Headphones,East,20,180.58,3611.6,0,0
2023-06-26,Smart Fitness Watch,North,17,220.78,3753.26,0,0
2023-06-26,Smart Fitness Watch,West,20,223.37,4467.4,0,0
2023-06-26,Smart Fitness Watch,South,16,219.26,3508.16,0,0
2023-06-26,Smart Fitness Watch,East,14,222.54,3115.56,0,0
2023-06-26,Ergonomic Office Chair,North,13,315.48,4101.24,0,0
2023-06-26,Ergonomic Office Chair,West,7,319.01,2233.07,0,0
2023-06-26,Ergonomic Office Chair,South,9,313.7,2823.3,0,0
2023-06-26,Ergonomic Office Chair,East,6,319.43,1916.58,0,0
2023-06-27,Laptop Pro 15,North,7,1186.59,8306.13,0,0
2023-06-27,Laptop Pro 15,West,6,1205.92,7235.52,0,0
2023-06-27,Laptop Pro 15,South,4,1177.17,4708.68,0,0
2023-06-27,Laptop Pro 15,East,2,1213.1,2426.2,0,0
2023-06-27,Smartphone Ultra,North,19,760.58,14451.02,0,0
2023-06-27,Smartphone Ultra,West,13,746.98,9710.74,0,0
2023-06-27,Smartphone Ultra,South,12,737.94,8855.28,0,0
2023-06-27,Smartphone Ultra,East,23,745.23,17140.29,0,0
2023-06-27,Wireless Noise-Canceling Headphones,North,25,177.5,4437.5,0,0
2023-06-27,Wireless Noise-Canceling Headphones,West,15,182.64,2739.6,0,0
2023-06-27,Wireless Noise-Canceling Headphones,South,21,181.05,3802.05,0,0
2023-06-27,Wireless Noise-Canceling Headphones,East,15,178.13,2671.95,0,0
2023-06-27,Smart Fitness Watch,North,25,219.15,5478.75,0,0
2023-06-27,Smart Fitness Watch,West,16,223.65,3578.4,0,0
2023-06-27,Smart Fitness Watch,South,16,217.06,3472.96,0,0
2023-06-27,Smart Fitness Watch,East,13,218.99,2846.87,0,0
2023-06-27,Ergonomic Office Chair,North,6,317.05,1902.3,0,0
2023-06-27,Ergonomic Office Chair,West,10,318.23,3182.3,0,0
2023-06-27,Ergonomic Office Chair,South,10,320.16,3201.6,0,0
2023-06-27,Ergonomic Office Chair,East,6,316.07,1896.42,0,0
2023-06-28,Laptop Pro 15,North,7,1218.23,8527.61,0,0
2023-06-28,Laptop Pro 15,West,7,1181.7,8271.9,0,0
2023-06-28,Laptop Pro 15,South,4,1210.77,4843.08,0,0
2023-06-28,Laptop Pro 15,East,6,1185.27,7111.62,0,0
2023-06-28,Smartphone Ultra,North,17,745.44,12672.48,0,0
2023-06-28,Smartphone Ultra,West,12,749.7,8996.4,0,0
2023-06-28,Smartphone Ultra,South,16,737.59,11801.44,0,0
2023-06-28,Smartphone Ultra,East,17,757.61,12879.37,0,0
2023-06-28,Wireless Noise-Canceling Headphones,North,32,177.58,5682.56,0,0
2023-06-28,Wireless Noise-Canceling Headphones,West,17,179.81,3056.77,0,0
2023-06-28,Wireless Noise-Canceling Headphones,South,27,177.87,4802.49,0,0
2023-06-28,Wireless Noise-Canceling Headphones,East,11,181.44,1995.84,0,0
2023-06-28,Smart Fitness Watch,North,27,221.67,5985.09,0,0
2023-06-28,Smart Fitness Watch,West,21,216.29,4542.09,0,0
2023-06-28,Smart Fitness Watch,South,20,220.93,4418.6,0,0
2023-06-28,Smart Fitness Watch,East,12,222.63,2671.56,0,0
2023-06-28,Ergonomic Office Chair,North,10,314.88,3148.8,0,0
2023-06-28,Ergonomic Office Chair,West,8,325.02,2600.16,0,0
2023-06-28,Ergonomic Office Chair,South,8,319.77,2558.16,0,0
2023-06-28,Ergonomic Office Chair,East,9,313.64,2822.76,0,0
2023-06-29,Laptop Pro 15,North,8,1207.88,9663.04,0,0
2023-06-29,Laptop Pro 15,West,5,1221.77,6108.85,0,0
2023-06-29,Laptop Pro 15,South,6,1195.69,7174.14,0,0
2023-06-29,Laptop Pro 15,East,3,1178.05,3534.15,0,0
2023-06-29,Smartphone Ultra,North,15,741.11,11116.65,0,0
2023-06-29,Smartphone Ultra,West,17,742.66,12625.22,0,0
2023-06-29,Smartphone Ultra,South,15,749.0,11235.0,0,0
2023-06-29,Smartphone Ultra,East,10,764.34,7643.4,0,0
2023-06-29,Wireless Noise-Canceling Headphones,North,27,179.74,4852.98,0,0
2023-06-29,Wireless Noise-Canceling Headphones,West,18,178.77,3217.86,0,0
2023-06-29,Wireless Noise-Canceling Headphones,South,17,176.42,2999.14,0,0
2023-06-29,Wireless Noise-Canceling Headphones,East,18,176.57,3178.26,0,0
2023-06-29,Smart Fitness Watch,North,16,218.05,3488.8,0,0
2023-06-29,Smart Fitness Watch,West,19,217.97,4141.43,0,0
2023-06-29,Smart Fitness Watch,South,19,216.07,4105.33,0,0
2023-06-29,Smart Fitness Watch,East,17,219.99,3739.83,0,0
2023-06-29,Ergonomic Office Chair,North,12,324.99,3899.88,0,0
2023-06-29,Ergonomic Office Chair,West,11,320.28,3523.08,0,0
2023-06-29,Ergonomic Office Chair,South,9,323.35,2910.15,0,0
2023-06-29,Ergonomic Office Chair,East,7,320.24,2241.68,0,0
2023-06-30,Laptop Pro 15,North,5,1202.53,6012.65,0,0
2023-06-30,Laptop Pro 15,West,7,1178.9,8252.3,0,0
2023-06-30,Laptop Pro 15,South,8,1204.66,9637.28,0,0
2023-06-30,Laptop Pro 15,East,3,1205.2,3615.6,0,0
2023-06-30,Smartphone Ultra,North,19,764.87,14532.53,0,0
2023-06-30,Smartphone Ultra,West,25,751.23,18780.75,0,0
2023-06-30,Smartphone Ultra,South,13,762.91,9917.83,0,0
2023-06-30,Smartphone Ultra,East,12,749.95,8999.4,0,0
2023-06-30,Wireless Noise-Canceling Headphones,North,31,180.07,5582.17,0,0
2023-06-30,Wireless Noise-Canceling Headphones,West,31,178.28,5526.68,0,0
2023-06-30,Wireless Noise-Canceling Headphones,South,30,178.35,5350.5,0,0
2023-06-30,Wireless Noise-Canceling Headphones,East,20,180.08,3601.6,0,0
2023-06-30,Smart Fitness Watch,North,22,223.42,4915.24,0,0
2023-06-30,Smart Fitness Watch,West,26,216.99,5641.74,0,0
2023-06-30,Smart Fitness Watch,South,11,218.29,2401.19,0,0
2023-06-30,Smart Fitness Watch,East,15,216.17,3242.55,0,0
2023-06-30,Ergonomic Office Chair,North,11,323.79,3561.69,0,0
2023-06-30,Ergonomic Office Chair,West,12,321.54,3858.48,0,0
2023-06-30,Ergonomic Office Chair,South,6,318.29,1909.74,0,0
2023-06-30,Ergonomic Office Chair,East,9,320.97,2888.73,0,0
2023-07-01,Laptop Pro 15,North,5,1211.74,6058.7,0,0
2023-07-01,Laptop Pro 15,West,7,1180.21,8261.47,0,0
2023-07-01,Laptop Pro 15,South,9,1216.44,10947.96,0,0
2023-07-01,Laptop Pro 15,East,8,1204.48,9635.84,0,0
2023-07-01,Smartphone Ultra,North,33,762.26,25154.58,0,0
2023-07-01,Smartphone Ultra,West,32,757.63,24244.16,0,0
2023-07-01,Smartphone Ultra,South,15,758.92,11383.8,0,0
2023-07-01,Smartphone Ultra,East,12,759.36,9112.32,0,0
2023-07-01,Wireless Noise-Canceling Headphones,North,36,177.06,6374.16,0,0
2023-07-01,Wireless Noise-Canceling Headphones,West,44,180.26,7931.44,0,0
2023-07-01,Wireless Noise-Canceling Headphones,South,28,179.87,5036.36,0,0
2023-07-01,Wireless Noise-Canceling Headphones,East,26,183.26,4764.76,0,0
2023-07-01,Smart Fitness Watch,North,30,216.73,6501.9,0,0
2023-07-01,Smart Fitness Watch,West,34,220.02,7480.68,0,0
2023-07-01,Smart Fitness Watch,South,23,221.67,5098.41,0,0
2023-07-01,Smart Fitness Watch,East,26,216.36,5625.36,0,0
2023-07-01,Ergonomic Office Chair,North,15,321.59,4823.85,0,0
2023-07-01,Ergonomic Office Chair,West,14,324.03,4536.42,0,0
2023-07-01,Ergonomic Office Chair,South,5,324.99,1624.95,0,0
2023-07-01,Ergonomic Office Chair,East,11,319.91,3519.01,0,0
2023-07-02,Laptop Pro 15,North,8,1207.84,9662.72,0,0
2023-07-02,Laptop Pro 15,West,7,1182.52,8277.64,0,0
2023-07-02,Laptop Pro 15,South,9,1208.3,10874.7,0,0
2023-07-02,Laptop Pro 15,East,3,1186.5,3559.5,0,0
2023-07-02,Smartphone Ultra,North,16,746.57,11945.12,0,0
2023-07-02,Smartphone Ultra,West,23,761.84,17522.32,0,0
2023-07-02,Smartphone Ultra,South,8,757.56,6060.48,0,0
2023-07-02,Smartphone Ultra,East,18,736.86,13263.48,0,0
2023-07-02,Wireless Noise-Canceling Headphones,North,46,177.81,8179.26,0,0
2023-07-02,Wireless Noise-Canceling Headphones,West,37,176.71,6538.27,0,0
2023-07-02,Wireless Noise-Canceling Headphones,South,37,179.46,6640.02,0,0
2023-07-02,Wireless Noise-Canceling Headphones,East,22,182.97,4025.34,0,0
2023-07-02,Smart Fitness Watch,North,31,220.64,6839.84,0,0
2023-07-02,Smart Fitness Watch,West,31,223.7,6934.7,0,0
2023-07-02,Smart Fitness Watch,South,22,221.23,4867.06,0,0
2023-07-02,Smart Fitness Watch,East,18,219.3,3947.4,0,0
2023-07-02,Ergonomic Office Chair,North,8,322.44,2579.52,0,0
2023-07-02,Ergonomic Office Chair,West,15,315.72,4735.8,0,0
2023-07-02,Ergonomic Office Chair,South,9,318.88,2869.92,0,0
2023-07-02,Ergonomic Office Chair,East,7,320.04,2240.28,0,0
2023-07-03,Laptop Pro 15,North,12,1190.8,14289.6,0,0
2023-07-03,Laptop Pro 15,West,11,1204.22,13246.42,0,0
2023-07-03,Laptop Pro 15,South,4,1221.75,4887.0,0,0
2023-07-03,Laptop Pro 15,East,5,1189.66,5948.3,0,0
2023-07-03,Smartphone Ultra,North,18,736.5,13257.0,0,0
2023-07-03,Smartphone Ultra,West,20,736.89,14737.8,0,0
2023-07-03,Smartphone Ultra,South,7,740.34,5182.38,0,0
2023-07-03,Smartphone Ultra,East,14,759.14,10627.96,0,0
2023-07-03,Wireless Noise-Canceling Headphones,North,22,181.35,3989.7,0,0
2023-07-03,Wireless Noise-Canceling Headphones,West,29,183.06,5308.74,0,0
2023-07-03,Wireless Noise-Canceling Headphones,South,19,182.76,3472.44,0,0
2023-07-03,Wireless Noise-Canceling Headphones,East,12,178.08,2136.96,0,0
2023-07-03,Smart Fitness Watch,North,22,217.27,4779.94,0,0
2023-07-03,Smart Fitness Watch,West,19,217.79,4138.01,0,0
2023-07-03,Smart Fitness Watch,South,14,223.92,3134.88,0,0
2023-07-03,Smart Fitness Watch,East,16,218.83,3501.28,0,0
2023-07-03,Ergonomic Office Chair,North,7,315.51,2208.57,0,0
2023-07-03,Ergonomic Office Chair,West,5,325.52,1627.6,0,0
2023-07-03,Ergonomic Office Chair,South,8,314.26,2514.08,0,0
2023-07-03,Ergonomic Office Chair,East,9,318.61,2867.49,0,0
2023-07-04,Laptop Pro 15,North,11,1217.65,13394.15,0,1
2023-07-04,Laptop Pro 15,West,9,1208.21,10873.89,0,1
2023-07-04,Laptop Pro 15,South,7,1212.22,8485.54,0,1
2023-07-04,Laptop Pro 15,East,10,1201.7,12017.0,0,1
2023-07-04,Smartphone Ultra,North,24,758.07,18193.68,0,1
2023-07-04,Smartphone Ultra,West,22,738.54,16247.88,0,1
2023-07-04,Smartphone Ultra,South,19,758.79,14417.01,0,1
2023-07-04,Smartphone Ultra,East,27,753.17,20335.59,0,1
2023-07-04,Wireless Noise-Canceling Headphones,North,41,178.08,7301.28,0,1
2023-07-04,Wireless Noise-Canceling Headphones,West,51,182.4,9302.4,0,1
2023-07-04,Wireless Noise-Canceling Headphones,South,36,178.8,6436.8,0,1
2023-07-04,Wireless Noise-Canceling Headphones,East,31,176.91,5484.21,0,1
2023-07-04,Smart Fitness Watch,North,47,220.07,10343.29,0,1
2023-07-04,Smart Fitness Watch,West,33,216.17,7133.61,0,1
2023-07-04,Smart Fitness Watch,South,20,218.72,4374.4,0,1
2023-07-04,Smart Fitness Watch,East,23,219.16,5040.68,0,1
2023-07-04,Ergonomic Office Chair,North,19,326.37,6201.03,0,1
2023-07-04,Ergonomic Office Chair,West,18,316.98,5705.64,0,1
2023-07-04,Ergonomic Office Chair,South,10,313.95,3139.5,0,1
2023-07-04,Ergonomic Office Chair,East,12,316.41,3796.92,0,1
2023-07-05,Laptop Pro 15,North,11,1201.89,13220.79,0,0
2023-07-05,Laptop Pro 15,West,5,1205.26,6026.3,0,0
2023-07-05,Laptop Pro 15,South,6,1189.39,7136.34,0,0
2023-07-05,Laptop Pro 15,East,2,1213.52,2427.04,0,0
2023-07-05,Smartphone Ultra,North,19,764.55,14526.45,0,0
2023-07-05,Smartphone Ultra,West,17,746.47,12689.99,0,0
2023-07-05,Smartphone Ultra,South,19,743.57,14127.83,0,0
2023-07-05,Smartphone Ultra,East,7,752.87,5270.09,0,0
2023-07-05,Wireless Noise-Canceling Headphones,North,30,181.09,5432.7,0,0
2023-07-05,Wireless Noise-Canceling Headphones,West,31,182.17,5647.27,0,0
2023-07-05,Wireless Noise-Canceling Headphones,South,21,176.64,3709.44,0,0
2023-07-05,Wireless Noise-Canceling Headphones,East,19,182.69,3471.11,0,0
2023-07-05,Smart Fitness Watch,North,21,216.59,4548.39,0,0
2023-07-05,Smart Fitness Watch,West,29,218.09,6324.61,0,0
2023-07-05,Smart Fitness Watch,South,15,220.9,3313.5,0,0
2023-07-05,Smart Fitness Watch,East,21,219.65,4612.65,0,0
2023-07-05,Ergonomic Office Chair,North,11,318.4,3502.4,0,0
2023-07-05,Ergonomic Office Chair,West,11,317.38,3491.18,0,0
2023-07-05,Ergonomic Office Chair,South,7,313.89,2197.23,0,0
2023-07-05,Ergonomic Office Chair,East,4,318.94,1275.76,0,0
2023-07-06,Laptop Pro 15,North,12,1210.73,14528.76,0,0
2023-07-06,Laptop Pro 15,West,11,1220.48,13425.28,0,0
2023-07-06,Laptop Pro 15,South,3,1176.36,3529.08,0,0
2023-07-06,Laptop Pro 15,East,8,1178.55,9428.4,0,0
2023-07-06,Smartphone Ultra,North,12,743.47,8921.64,0,0
2023-07-06,Smartphone Ultra,West,18,755.3,13595.4,0,0
2023-07-06,Smartphone Ultra,South,8,750.26,6002.08,0,0
2023-07-06,Smartphone Ultra,East,17,764.06,12989.02,0,0
2023-07-06,Wireless Noise-Canceling Headphones,North,31,180.9,5607.9,0,0
2023-07-06,Wireless Noise-Canceling Headphones,West,29,180.31,5228.99,0,0
2023-07-06,Wireless Noise-Canceling Headphones,South,22,180.17,3963.74,0,0
2023-07-06,Wireless Noise-Canceling Headphones,East,14,176.86,2476.04,0,0
2023-07-06,Smart Fitness Watch,North,17,219.85,3737.45,0,0
2023-07-06,Smart Fitness Watch,West,14,216.62,3032.68,0,0
2023-07-06,Smart Fitness Watch,South,13,219.46,2852.98,0,0
2023-07-06,Smart Fitness Watch,East,18,220.94,3976.92,0,0
2023-07-06,Ergonomic Office Chair,North,10,316.54,3165.4,0,0
2023-07-06,Ergonomic Office Chair,West,7,321.32,2249.24,0,0
2023-07-06,Ergonomic Office Chair,South,6,321.86,1931.16,0,0
2023-07-06,Ergonomic Office Chair,East,3,322.01,966.03,0,0
2023-07-07,Laptop Pro 15,North,13,1222.89,15897.57,0,0
2023-07-07,Laptop Pro 15,West,9,1192.0,10728.0,0,0
2023-07-07,Laptop Pro 15,South,3,1222.31,3666.93,0,0
2023-07-07,Laptop Pro 15,East,4,1219.51,4878.04,0,0
2023-07-07,Smartphone Ultra,North,26,749.46,19485.96,0,0
2023-07-07,Smartphone Ultra,West,17,747.12,12701.04,0,0
2023-07-07,Smartphone Ultra,South,18,738.99,13301.82,0,0
2023-07-07,Smartphone Ultra,East,9,751.24,6761.16,0,0
2023-07-07,Wireless Noise-Canceling Headphones,North,38,180.54,6860.52,0,0
2023-07-07,Wireless Noise-Canceling Headphones,West,34,179.01,6086.34,0,0
2023-07-07,Wireless Noise-Canceling Headphones,South,24,177.56,4261.44,0,0
2023-07-07,Wireless Noise-Canceling Headphones,East,33,182.04,6007.32,0,0
2023-07-07,Smart Fitness Watch,North,26,221.92,5769.92,0,0
2023-07-07,Smart Fitness Watch,West,28,218.56,6119.68,0,0
2023-07-07,Smart Fitness Watch,South,16,223.39,3574.24,0,0
2023-07-07,Smart Fitness Watch,East,15,223.17,3347.55,0,0
2023-07-07,Ergonomic Office Chair,North,10,324.62,3246.2,0,0
2023-07-07,Ergonomic Office Chair,West,13,313.81,4079.53,0,0
2023-07-07,Ergonomic Office Chair,South,9,326.12,2935.08,0,0
2023-07-07,Ergonomic Office Chair,East,7,325.52,2278.64,0,0
2023-07-08,Laptop Pro 15,North,14,1178.48,16498.72,0,0
2023-07-08,Laptop Pro 15,West,5,1209.39,6046.95,0,0
2023-07-08,Laptop Pro 15,South,8,1184.07,9472.56,0,0
2023-07-08,Laptop Pro 15,East,10,1195.25,11952.5,0,0
2023-07-08,Smartphone Ultra,North,24,760.44,18250.56,0,0
2023-07-08,Smartphone Ultra,West,16,738.75,11820.0,0,0
2023-07-08,Smartphone Ultra,South,17,743.18,12634.06,0,0
2023-07-08,Smartphone Ultra,East,14,751.31,10518.34,0,0
2023-07-08,Wireless Noise-Canceling Headphones,North,34,180.06,6122.04,0,0
2023-07-08,Wireless Noise-Canceling Headphones,West,34,180.33,6131.22,0,0
2023-07-08,Wireless Noise-Canceling Headphones,South,29,182.48,5291.92,0,0
2023-07-08,Wireless Noise-Canceling Headphones,East,25,181.18,4529.5,0,0
2023-07-08,Smart Fitness Watch,North,36,219.18,7890.48,0,0
2023-07-08,Smart Fitness Watch,West,35,224.24,7848.4,0,0
2023-07-08,Smart Fitness Watch,South,27,220.27,5947.29,0,0
2023-07-08,Smart Fitness Watch,East,26,217.85,5664.1,0,0
2023-07-08,Ergonomic Office Chair,North,12,314.84,3778.08,0,0
2023-07-08,Ergonomic Office Chair,West,14,318.78,4462.92,0,0
2023-07-08,Ergonomic Office Chair,South,13,324.38,4216.94,0,0
2023-07-08,Ergonomic Office Chair,East,9,320.06,2880.54,0,0
2023-07-09,Laptop Pro 15,North,7,1217.64,8523.48,0,0
2023-07-09,Laptop Pro 15,West,14,1203.69,16851.66,0,0
2023-07-09,Laptop Pro 15,South,10,1206.64,12066.4,0,0
2023-07-09,Laptop Pro 15,East,3,1181.55,3544.65,0,0
2023-07-09,Smartphone Ultra,North,21,756.35,15883.35,0,0
2023-07-09,Smartphone Ultra,West,12,757.64,9091.68,0,0
2023-07-09,Smartphone Ultra,South,21,750.06,15751.26,0,0
2023-07-09,Smartphone Ultra,East,19,761.14,14461.66,0,0
2023-07-09,Wireless Noise-Canceling Headphones,North,41,181.59,7445.19,0,0
2023-07-09,Wireless Noise-Canceling Headphones,West,35,180.74,6325.9,0,0
2023-07-09,Wireless Noise-Canceling Headphones,South,32,176.42,5645.44,0,0
2023-07-09,Wireless Noise-Canceling Headphones,East,23,177.68,4086.64,0,0
2023-07-09,Smart Fitness Watch,North,37,219.81,8132.97,0,0
2023-07-09,Smart Fitness Watch,West,32,220.52,7056.64,0,0
2023-07-09,Smart Fitness Watch,South,17,219.82,3736.94,0,0
2023-07-09,Smart Fitness Watch,East,17,217.44,3696.48,0,0
2023-07-09,Ergonomic Office Chair,North,18,324.68,5844.24,0,0
2023-07-09,Ergonomic Office Chair,West,12,317.47,3809.64,0,0
2023-07-09,Ergonomic Office Chair,South,19,321.14,6101.66,0,0
2023-07-09,Ergonomic Office Chair,East,11,324.83,3573.13,0,0
2023-07-10,Laptop Pro 15,North,9,1177.96,10601.64,0,0
2023-07-10,Laptop Pro 15,West,11,1180.3,12983.3,0,0
2023-07-10,Laptop Pro 15,South,8,1191.6,9532.8,0,0
2023-07-10,Laptop Pro 15,East,7,1218.34,8528.38,0,0
2023-07-10,Smartphone Ultra,North,15,755.15,11327.25,0,0
2023-07-10,Smartphone Ultra,West,12,759.43,9113.16,0,0
2023-07-10,Smartphone Ultra,South,8,750.11,6000.88,0,0
2023-07-10,Smartphone Ultra,East,15,751.43,11271.45,0,0
2023-07-10,Wireless Noise-Canceling Headphones,North,31,177.21,5493.51,0,0
2023-07-10,Wireless Noise-Canceling Headphones,West,31,179.97,5579.07,0,0
2023-07-10,Wireless Noise-Canceling Headphones,South,25,181.58,4539.5,0,0
2023-07-10,Wireless Noise-Canceling Headphones,East,20,183.18,3663.6,0,0
2023-07-10,Smart Fitness Watch,North,23,218.44,5024.12,0,0
2023-07-10,Smart Fitness Watch,West,27,219.17,5917.59,0,0
2023-07-10,Smart Fitness Watch,South,6,218.1,1308.6,0,0
2023-07-10,Smart Fitness Watch,East,16,221.18,3538.88,0,0
2023-07-10,Ergonomic Office Chair,North,4,314.56,1258.24,0,0
2023-07-10,Ergonomic Office Chair,West,15,326.02,4890.3,0,0
2023-07-10,Ergonomic Office Chair,South,11,321.62,3537.82,0,0
2023-07-10,Ergonomic Office Chair,East,7,325.12,2275.84,0,0
2023-07-11,Laptop Pro 15,North,7,1215.61,8509.27,0,0
2023-07-11,Laptop Pro 15,West,6,1197.85,7187.1,0,0
2023-07-11,Laptop Pro 15,South,6,1213.87,7283.22,0,0
2023-07-11,Laptop Pro 15,East,2,1221.46,2442.92,0,0
2023-07-11,Smartphone Ultra,North,9,739.7,6657.3,0,0
2023-07-11,Smartphone Ultra,West,17,759.77,12916.09,0,0
2023-07-11,Smartphone Ultra,South,7,744.0,5208.0,0,0
2023-07-11,Smartphone Ultra,East,13,738.73,9603.49,0,0
2023-07-11,Wireless Noise-Canceling Headphones,North,39,181.53,7079.67,0,0
2023-07-11,Wireless Noise-Canceling Headphones,West,27,182.49,4927.23,0,0
2023-07-11,Wireless Noise-Canceling Headphones,South,28,180.64,5057.92,0,0
2023-07-11,Wireless Noise-Canceling Headphones,East,16,178.62,2857.92,0,0
2023-07-11,Smart Fitness Watch,North,26,215.73,5608.98,0,0
2023-07-11,Smart Fitness Watch,West,16,220.07,3521.12,0,0
2023-07-11,Smart Fitness Watch,South,13,217.72,2830.36,0,0
2023-07-11,Smart Fitness Watch,East,17,224.28,3812.76,0,0
2023-07-11,Ergonomic Office Chair,North,11,320.65,3527.15,0,0
2023-07-11,Ergonomic Office Chair,West,12,321.43,3857.16,0,0
2023-07-11,Ergonomic Office Chair,South,3,316.72,950.16,0,0
2023-07-11,Ergonomic Office Chair,East,3,319.19,957.57,0,0
2023-07-12,Laptop Pro 15,North,10,1185.34,11853.4,0,0
2023-07-12,Laptop Pro 15,West,3,1213.56,3640.68,0,0
2023-07-12,Laptop Pro 15,South,4,1196.09,4784.36,0,0
2023-07-12,Laptop Pro 15,East,2,1207.86,2415.72,0,0
2023-07-12,Smartphone Ultra,North,17,751.06,12768.02,0,0
2023-07-12,Smartphone Ultra,West,22,754.28,16594.16,0,0
2023-07-12,Smartphone Ultra,South,7,739.52,5176.64,0,0
2023-07-12,Smartphone Ultra,East,11,743.45,8177.95,0,0
2023-07-12,Wireless Noise-Canceling Headphones,North,30,178.09,5342.7,0,0
2023-07-12,Wireless Noise-Canceling Headphones,West,27,182.39,4924.53,0,0
2023-07-12,Wireless Noise-Canceling Headphones,South,29,182.11,5281.19,0,0
2023-07-12,Wireless Noise-Canceling Headphones,East,15,183.23,2748.45,0,0
2023-07-12,Smart Fitness Watch,North,23,217.15,4994.45,0,0
2023-07-12,Smart Fitness Watch,West,15,222.49,3337.35,0,0
2023-07-12,Smart Fitness Watch,South,10,220.66,2206.6,0,0
2023-07-12,Smart Fitness Watch,East,15,219.06,3285.9,0,0
2023-07-12,Ergonomic Office Chair,North,12,314.43,3773.16,0,0
2023-07-12,Ergonomic Office Chair,West,6,324.69,1948.14,0,0
2023-07-12,Ergonomic Office Chair,South,7,322.61,2258.27,0,0
2023-07-12,Ergonomic Office Chair,East,4,317.31,1269.24,0,0
2023-07-13,Laptop Pro 15,North,3,1190.45,3571.35,0,0
2023-07-13,Laptop Pro 15,West,10,1177.04,11770.4,0,0
2023-07-13,Laptop Pro 15,South,6,1184.28,7105.68,0,0
2023-07-13,Laptop Pro 15,East,2,1209.89,2419.78,0,0
2023-07-13,Smartphone Ultra,North,21,738.33,15504.93,0,0
2023-07-13,Smartphone Ultra,West,13,760.53,9886.89,0,0
2023-07-13,Smartphone Ultra,South,16,763.62,12217.92,0,0
2023-07-13,Smartphone Ultra,East,11,738.29,8121.19,0,0
2023-07-13,Wireless Noise-Canceling Headphones,North,31,177.08,5489.48,0,0
2023-07-13,Wireless Noise-Canceling Headphones,West,31,181.62,5630.22,0,0
2023-07-13,Wireless Noise-Canceling Headphones,South,19,176.48,3353.12,0,0
2023-07-13,Wireless Noise-Canceling Headphones,East,17,182.41,3100.97,0,0
2023-07-13,Smart Fitness Watch,North,19,218.7,4155.3,0,0
2023-07-13,Smart Fitness Watch,West,29,217.23,6299.67,0,0
2023-07-13,Smart Fitness Watch,South,17,216.41,3678.97,0,0
2023-07-13,Smart Fitness Watch,East,13,220.1,2861.3,0,0
2023-07-13,Ergonomic Office Chair,North,12,321.71,3860.52,0,0
2023-07-13,Ergonomic Office Chair,West,6,317.14,1902.84,0,0
2023-07-13,Ergonomic Office Chair,South,10,317.82,3178.2,0,0
2023-07-13,Ergonomic Office Chair,East,6,320.05,1920.3,0,0
2023-07-14,Laptop Pro 15,North,15,1087.17,16307.55,1,0
2023-07-14,Laptop Pro 15,West,6,1099.62,6597.72,1,0
2023-07-14,Laptop Pro 15,South,12,1050.13,12601.56,1,0
2023-07-14,Laptop Pro 15,East,14,1024.54,14343.56,1,0
2023-07-14,Smartphone Ultra,North,28,670.71,18779.88,1,0
2023-07-14,Smartphone Ultra,West,27,653.38,17641.26,1,0
2023-07-14,Smartphone Ultra,South,25,689.9,17247.5,1,0
2023-07-14,Smartphone Ultra,East,24,647.66,15543.84,1,0
2023-07-14,Wireless Noise-Canceling Headphones,North,41,154.88,6350.08,1,0
2023-07-14,Wireless Noise-Canceling Headphones,West,50,153.79,7689.5,1,0
2023-07-14,Wireless Noise-Canceling Headphones,South,48,157.17,7544.16,1,0
2023-07-14,Wireless Noise-Canceling Headphones,East,30,158.74,4762.2,1,0
2023-07-14,Smart Fitness Watch,North,32,198.91,6365.12,1,0
2023-07-14,Smart Fitness Watch,West,36,195.14,7025.04,1,0
2023-07-14,Smart Fitness Watch,South,35,188.21,6587.35,1,0
2023-07-14,Smart Fitness Watch,East,25,190.26,4756.5,1,0
2023-07-14,Ergonomic Office Chair,North,18,292.68,5268.24,1,0
2023-07-14,Ergonomic Office Chair,West,10,273.87,2738.7,1,0
2023-07-14,Ergonomic Office Chair,South,13,280.7,3649.1,1,0
2023-07-14,Ergonomic Office Chair,East,14,283.65,3971.1,1,0
2023-07-15,Laptop Pro 15,North,10,1023.62,10236.2,1,0
2023-07-15,Laptop Pro 15,West,17,1072.95,18240.15,1,0
2023-07-15,Laptop Pro 15,South,14,1081.37,15139.18,1,0
2023-07-15,Laptop Pro 15,East,12,1050.33,12603.96,1,0
2023-07-15,Smartphone Ultra,North,25,679.0,16975.0,1,0
2023-07-15,Smartphone Ultra,West,26,669.39,17404.14,1,0
2023-07-15,Smartphone Ultra,South,21,653.22,13717.62,1,0
2023-07-15,Smartphone Ultra,East,18,659.04,11862.72,1,0
2023-07-15,Wireless Noise-Canceling Headphones,North,69,159.09,10977.21,1,0
2023-07-15,Wireless Noise-Canceling Headphones,West,51,156.37,7974.87,1,0
2023-07-15,Wireless Noise-Canceling Headphones,South,47,156.92,7375.24,1,0
2023-07-15,Wireless Noise-Canceling Headphones,East,33,153.87,5077.71,1,0
2023-07-15,Smart Fitness Watch,North,45,194.64,8758.8,1,0
2023-07-15,Smart Fitness Watch,West,35,188.39,6593.65,1,0
2023-07-15,Smart Fitness Watch,South,41,200.56,8222.96,1,0
2023-07-15,Smart Fitness Watch,East,32,199.81,6393.92,1,0
2023-07-15,Ergonomic Office Chair,North,20,274.99,5499.8,1,0
2023-07-15,Ergonomic Office Chair,West,19,288.72,5485.68,1,0
2023-07-15,Ergonomic Office Chair,South,17,289.16,4915.72,1,0
2023-07-15,Ergonomic Office Chair,East,13,292.44,3801.72,1,0
2023-07-16,Laptop Pro 15,North,16,1022.09,16353.44,1,0
2023-07-16,Laptop Pro 15,West,13,1041.56,13540.28,1,0
2023-07-16,Laptop Pro 15,South,11,1027.34,11300.74,1,0
2023-07-16,Laptop Pro 15,East,15,1096.01,16440.15,1,0
2023-07-16,Smartphone Ultra,North,29,680.9,19746.1,1,0
2023-07-16,Smartphone Ultra,West,27,673.8,18192.6,1,0
2023-07-16,Smartphone Ultra,South,30,640.62,19218.6,1,0
2023-07-16,Smartphone Ultra,East,28,657.04,18397.12,1,0
2023-07-16,Wireless Noise-Canceling Headphones,North,58,155.5,9019.0,1,0
2023-07-16,Wireless Noise-Canceling Headphones,West,45,163.87,7374.15,1,0
2023-07-16,Wireless Noise-Canceling Headphones,South,40,160.27,6410.8,1,0
2023-07-16,Wireless Noise-Canceling Headphones,East,28,163.72,4584.16,1,0
2023-07-16,Smart Fitness Watch,North,39,189.71,7398.69,1,0
2023-07-16,Smart Fitness Watch,West,50,200.35,10017.5,1,0
2023-07-16,Smart Fitness Watch,South,34,194.15,6601.1,1,0
2023-07-16,Smart Fitness Watch,East,34,194.53,6614.02,1,0
2023-07-16,Ergonomic Office Chair,North,23,292.38,6724.74,1,0
2023-07-16,Ergonomic Office Chair,West,22,290.32,6387.04,1,0
2023-07-16,Ergonomic Office Chair,South,15,284.56,4268.4,1,0
2023-07-16,Ergonomic Office Chair,East,11,277.77,3055.47,1,0
2023-07-17,Laptop Pro 15,North,7,1196.37,8374.59,0,0
2023-07-17,Laptop Pro 15,West,4,1198.77,4795.08,0,0
2023-07-17,Laptop Pro 15,South,2,1207.3,2414.6,0,0
2023-07-17,Laptop Pro 15,East,4,1203.51,4814.04,0,0
2023-07-17,Smartphone Ultra,North,18,751.88,13533.84,0,0
2023-07-17,Smartphone Ultra,West,11,753.92,8293.12,0,0
2023-07-17,Smartphone Ultra,South,15,740.5,11107.5,0,0
2023-07-17,Smartphone Ultra,East,12,753.28,9039.36,0,0
2023-07-17,Wireless Noise-Canceling Headphones,North,29,182.85,5302.65,0,0
2023-07-17,Wireless Noise-Canceling Headphones,West,31,176.75,5479.25,0,0
2023-07-17,Wireless Noise-Canceling Headphones,South,29,182.27,5285.83,0,0
2023-07-17,Wireless Noise-Canceling Headphones,East,17,181.44,3084.48,0,0
2023-07-17,Smart Fitness Watch,North,28,223.18,6249.04,0,0
2023-07-17,Smart Fitness Watch,West,24,218.73,5249.52,0,0
2023-07-17,Smart Fitness Watch,South,7,219.8,1538.6,0,0
2023-07-17,Smart Fitness Watch,East,8,223.05,1784.4,0,0
2023-07-17,Ergonomic Office Chair,North,12,313.71,3764.52,0,0
2023-07-17,Ergonomic Office Chair,West,10,325.73,3257.3,0,0
2023-07-17,Ergonomic Office Chair,South,6,319.86,1919.16,0,0
2023-07-17,Ergonomic Office Chair,East,3,317.97,953.91,0,0
2023-07-18,Laptop Pro 15,North,6,1193.28,7159.68,0,0
2023-07-18,Laptop Pro 15,West,7,1213.23,8492.61,0,0
2023-07-18,Laptop Pro 15,South,4,1184.65,4738.6,0,0
2023-07-18,Laptop Pro 15,East,7,1194.19,8359.33,0,0
2023-07-18,Smartphone Ultra,North,17,745.39,12671.63,0,0
2023-07-18,Smartphone Ultra,West,21,764.46,16053.66,0,0
2023-07-18,Smartphone Ultra,South,20,758.24,15164.8,0,0
2023-07-18,Smartphone Ultra,East,9,760.95,6848.55,0,0
2023-07-18,Wireless Noise-Canceling Headphones,North,33,182.49,6022.17,0,0
2023-07-18,Wireless Noise-Canceling Headphones,West,22,179.95,3958.9,0,0
2023-07-18,Wireless Noise-Canceling Headphones,South,23,180.32,4147.36,0,0
2023-07-18,Wireless Noise-Canceling Headphones,East,17,181.93,3092.81,0,0
2023-07-18,Smart Fitness Watch,North,19,221.27,4204.13,0,0
2023-07-18,Smart Fitness Watch,West,27,216.0,5832.0,0,0
2023-07-18,Smart Fitness Watch,South,18,218.52,3933.36,0,0
2023-07-18,Smart Fitness Watch,East,16,216.52,3464.32,0,0
2023-07-18,Ergonomic Office Chair,North,7,314.92,2204.44,0,0
2023-07-18,Ergonomic Office Chair,West,6,324.35,1946.1,0,0
2023-07-18,Ergonomic Office Chair,South,10,318.78,3187.8,0,0
2023-07-18,Ergonomic Office Chair,East,5,320.26,1601.3,0,0
2023-07-19,Laptop Pro 15,North,4,1220.07,4880.28,0,0
2023-07-19,Laptop Pro 15,West,10,1216.13,12161.3,0,0
2023-07-19,Laptop Pro 15,South,6,1196.63,7179.78,0,0
2023-07-19,Laptop Pro 15,East,3,1176.13,3528.39,0,0
2023-07-19,Smartphone Ultra,North,14,741.6,10382.4,0,0
2023-07-19,Smartphone Ultra,West,14,753.24,10545.36,0,0
2023-07-19,Smartphone Ultra,South,14,752.85,10539.9,0,0
2023-07-19,Smartphone Ultra,East,10,743.88,7438.8,0,0
2023-07-19,Wireless Noise-Canceling Headphones,North,25,181.16,4529.0,0,0
2023-07-19,Wireless Noise-Canceling Headphones,West,31,178.72,5540.32,0,0
2023-07-19,Wireless Noise-Canceling Headphones,South,21,183.6,3855.6,0,0
2023-07-19,Wireless Noise-Canceling Headphones,East,22,179.21,3942.62,0,0
2023-07-19,Smart Fitness Watch,North,20,222.89,4457.8,0,0
2023-07-19,Smart Fitness Watch,West,19,222.42,4225.98,0,0
2023-07-19,Smart Fitness Watch,South,22,221.48,4872.56,0,0
2023-07-19,Smart Fitness Watch,East,7,216.0,1512.0,0,0
2023-07-19,Ergonomic Office Chair,North,8,321.94,2575.52,0,0
2023-07-19,Ergonomic Office Chair,West,11,314.85,3463.35,0,0
2023-07-19,Ergonomic Office Chair,South,9,315.46,2839.14,0,0
2023-07-19,Ergonomic Office Chair,East,6,326.19,1957.14,0,0
2023-07-20,Laptop Pro 15,North,5,1180.19,5900.95,0,0
2023-07-20,Laptop Pro 15,West,8,1214.24,9713.92,0,0
2023-07-20,Laptop Pro 15,South,5,1211.1,6055.5,0,0
2023-07-20,Laptop Pro 15,East,6,1210.51,7263.06,0,0
2023-07-20,Smartphone Ultra,North,14,762.08,10669.12,0,0
2023-07-20,Smartphone Ultra,West,16,756.49,12103.84,0,0
2023-07-20,Smartphone Ultra,South,19,755.64,14357.16,0,0
2023-07-20,Smartphone Ultra,East,14,749.69,10495.66,0,0
2023-07-20,Wireless Noise-Canceling Headphones,North,20,182.5,3650.0,0,0
2023-07-20,Wireless Noise-Canceling Headphones,West,32,181.37,5803.84,0,0
2023-07-20,Wireless Noise-Canceling Headphones,South,24,181.19,4348.56,0,0
2023-07-20,Wireless Noise-Canceling Headphones,East,21,180.79,3796.59,0,0
2023-07-20,Smart Fitness Watch,North,28,217.11,6079.08,0,0
2023-07-20,Smart Fitness Watch,West,27,221.75,5987.25,0,0
2023-07-20,Smart Fitness Watch,South,16,221.15,3538.4,0,0
2023-07-20,Smart Fitness Watch,East,14,223.67,3131.38,0,0
2023-07-20,Ergonomic Office Chair,North,11,318.98,3508.78,0,0
2023-07-20,Ergonomic Office Chair,West,12,319.46,3833.52,0,0
2023-07-20,Ergonomic Office Chair,South,6,323.76,1942.56,0,0
2023-07-20,Ergonomic Office Chair,East,9,318.39,2865.51,0,0
2023-07-21,Laptop Pro 15,North,10,1200.97,12009.7,0,0
2023-07-21,Laptop Pro 15,West,11,1204.09,13244.99,0,0
2023-07-21,Laptop Pro 15,South,7,1218.76,8531.32,0,0
2023-07-21,Laptop Pro 15,East,5,1186.09,5930.45,0,0
2023-07-21,Smartphone Ultra,North,18,748.8,13478.4,0,0
2023-07-21,Smartphone Ultra,West,17,755.59,12845.03,0,0
2023-07-21,Smartphone Ultra,South,18,758.67,13656.06,0,0
2023-07-21,Smartphone Ultra,East,9,760.81,6847.29,0,0
2023-07-21,Wireless Noise-Canceling Headphones,North,27,182.67,4932.09,0,0
2023-07-21,Wireless Noise-Canceling Headphones,West,28,179.61,5029.08,0,0
2023-07-21,Wireless Noise-Canceling Headphones,South,33,182.82,6033.06,0,0
2023-07-21,Wireless Noise-Canceling Headphones,East,25,178.74,4468.5,0,0
2023-07-21,Smart Fitness Watch,North,20,219.53,4390.6,0,0
2023-07-21,Smart Fitness Watch,West,31,220.1,6823.1,0,0
2023-07-21,Smart Fitness Watch,South,19,219.34,4167.46,0,0
2023-07-21,Smart Fitness Watch,East,14,220.85,3091.9,0,0
2023-07-21,Ergonomic Office Chair,North,11,322.8,3550.8,0,0
2023-07-21,Ergonomic Office Chair,West,6,314.41,1886.46,0,0
2023-07-21,Ergonomic Office Chair,South,14,325.81,4561.34,0,0
2023-07-21,Ergonomic Office Chair,East,8,318.94,2551.52,0,0
2023-07-22,Laptop Pro 15,North,9,1215.85,10942.65,0,0
2023-07-22,Laptop Pro 15,West,15,1195.0,17925.0,0,0
2023-07-22,Laptop Pro 15,South,7,1201.72,8412.04,0,0
2023-07-22,Laptop Pro 15,East,5,1192.36,5961.8,0,0
2023-07-22,Smartphone Ultra,North,22,757.25,16659.5,0,0
2023-07-22,Smartphone Ultra,West,28,747.22,20922.16,0,0
2023-07-22,Smartphone Ultra,South,18,755.78,13604.04,0,0
2023-07-22,Smartphone Ultra,East,12,741.91,8902.92,0,0
2023-07-22,Wireless Noise-Canceling Headphones,North,34,181.14,6158.76,0,0
2023-07-22,Wireless Noise-Canceling Headphones,West,29,180.9,5246.1,0,0
2023-07-22,Wireless Noise-Canceling Headphones,South,28,176.99,4955.72,0,0
2023-07-22,Wireless Noise-Canceling Headphones,East,20,181.14,3622.8,0,0
2023-07-22,Smart Fitness Watch,North,18,218.05,3924.9,0,0
2023-07-22,Smart Fitness Watch,West,28,219.83,6155.24,0,0
2023-07-22,Smart Fitness Watch,South,21,222.13,4664.73,0,0
2023-07-22,Smart Fitness Watch,East,11,221.99,2441.89,0,0
2023-07-22,Ergonomic Office Chair,North,20,323.1,6462.0,0,0
2023-07-22,Ergonomic Office Chair,West,5,318.09,1590.45,0,0
2023-07-22,Ergonomic Office Chair,South,9,315.1,2835.9,0,0
2023-07-22,Ergonomic Office Chair,East,11,325.41,3579.51,0,0
2023-07-23,Laptop Pro 15,North,8,1205.5,9644.0,0,0
2023-07-23,Laptop Pro 15,West,6,1216.76,7300.56,0,0
2023-07-23,Laptop Pro 15,South,5,1215.03,6075.15,0,0
2023-07-23,Laptop Pro 15,East,11,1202.87,13231.57,0,0
2023-07-23,Smartphone Ultra,North,21,749.47,15738.87,0,0
2023-07-23,Smartphone Ultra,West,27,738.44,19937.88,0,0
2023-07-23,Smartphone Ultra,South,24,738.82,17731.68,0,0
2023-07-23,Smartphone Ultra,East,10,757.53,7575.3,0,0
2023-07-23,Wireless Noise-Canceling Headphones,North,43,182.5,7847.5,0,0
2023-07-23,Wireless Noise-Canceling Headphones,West,33,179.92,5937.36,0,0
2023-07-23,Wireless Noise-Canceling Headphones,South,36,178.9,6440.4,0,0
2023-07-23,Wireless Noise-Canceling Headphones,East,33,183.42,6052.86,0,0
2023-07-23,Smart Fitness Watch,North,31,221.13,6855.03,0,0
2023-07-23,Smart Fitness Watch,West,20,224.27,4485.4,0,0
2023-07-23,Smart Fitness Watch,South,19,219.43,4169.17,0,0
2023-07-23,Smart Fitness Watch,East,22,219.74,4834.28,0,0
2023-07-23,Ergonomic Office Chair,North,14,320.83,4491.62,0,0
2023-07-23,Ergonomic Office Chair,West,13,313.82,4079.66,0,0
2023-07-23,Ergonomic Office Chair,South,7,323.46,2264.22,0,0
2023-07-23,Ergonomic Office Chair,East,11,315.41,3469.51,0,0
2023-07-24,Laptop Pro 15,North,8,1197.03,9576.24,0,0
2023-07-24,Laptop Pro 15,West,10,1218.43,12184.3,0,0
2023-07-24,Laptop Pro 15,South,7,1187.86,8315.02,0,0
2023-07-24,Laptop Pro 15,East,6,1185.16,7110.96,0,0
2023-07-24,Smartphone Ultra,North,18,763.16,13736.88,0,0
2023-07-24,Smartphone Ultra,West,16,739.9,11838.4,0,0
2023-07-24,Smartphone Ultra,South,14,761.71,10663.94,0,0
2023-07-24,Smartphone Ultra,East,13,736.4,9573.2,0,0
2023-07-24,Wireless Noise-Canceling Headphones,North,29,178.57,5178.53,0,0
2023-07-24,Wireless Noise-Canceling Headphones,West,23,180.39,4148.97,0,0
2023-07-24,Wireless Noise-Canceling Headphones,South,15,182.1,2731.5,0,0
2023-07-24,Wireless Noise-Canceling Headphones,East,22,180.11,3962.42,0,0
2023-07-24,Smart Fitness Watch,North,23,215.78,4962.94,0,0
2023-07-24,Smart Fitness Watch,West,21,218.3,4584.3,0,0
2023-07-24,Smart Fitness Watch,South,17,215.77,3668.09,0,0
2023-07-24,Smart Fitness Watch,East,12,223.52,2682.24,0,0
2023-07-24,Ergonomic Office Chair,North,14,318.98,4465.72,0,0
2023-07-24,Ergonomic Office Chair,West,13,323.44,4204.72,0,0
2023-07-24,Ergonomic Office Chair,South,12,322.31,3867.72,0,0
2023-07-24,Ergonomic Office Chair,East,9,317.31,2855.79,0,0
2023-07-25,Laptop Pro 15,North,10,1218.36,12183.6,0,0
2023-07-25,Laptop Pro 15,West,7,1223.18,8562.26,0,0
2023-07-25,Laptop Pro 15,South,8,1189.12,9512.96,0,0
2023-07-25,Laptop Pro 15,East,5,1212.51,6062.55,0,0
2023-07-25,Smartphone Ultra,North,12,763.23,9158.76,0,0
2023-07-25,Smartphone Ultra,West,17,757.09,12870.53,0,0
2023-07-25,Smartphone Ultra,South,12,762.49,9149.88,0,0
2023-07-25,Smartphone Ultra,East,8,760.57,6084.56,0,0
2023-07-25,Wireless Noise-Canceling Headphones,North,39,181.13,7064.07,0,0
2023-07-25,Wireless Noise-Canceling Headphones,West,25,179.51,4487.75,0,0
2023-07-25,Wireless Noise-Canceling Headphones,South,27,182.26,4921.02,0,0
2023-07-25,Wireless Noise-Canceling Headphones,East,23,180.94,4161.62,0,0
2023-07-25,Smart Fitness Watch,North,20,222.8,4456.0,0,0
2023-07-25,Smart Fitness Watch,West,20,221.87,4437.4,0,0
2023-07-25,Smart Fitness Watch,South,18,215.94,3886.92,0,0
2023-07-25,Smart Fitness Watch,East,14,224.26,3139.64,0,0
2023-07-25,Ergonomic Office Chair,North,10,323.54,3235.4,0,0
2023-07-25,Ergonomic Office Chair,West,11,325.18,3576.98,0,0
2023-07-25,Ergonomic Office Chair,South,16,320.06,5120.96,0,0
2023-07-25,Ergonomic Office Chair,East,6,316.68,1900.08,0,0
2023-07-26,Laptop Pro 15,North,4,1209.13,4836.52,0,0
2023-07-26,Laptop Pro 15,West,8,1191.07,9528.56,0,0
2023-07-26,Laptop Pro 15,South,4,1210.53,4842.12,0,0
2023-07-26,Laptop Pro 15,East,2,1207.87,2415.74,0,0
2023-07-26,Smartphone Ultra,North,16,749.17,11986.72,0,0
2023-07-26,Smartphone Ultra,West,16,756.97,12111.52,0,0
2023-07-26,Smartphone Ultra,South,7,744.36,5210.52,0,0
2023-07-26,Smartphone Ultra,East,7,764.53,5351.71,0,0
2023-07-26,Wireless Noise-Canceling Headphones,North,29,181.32,5258.28,0,0
2023-07-26,Wireless Noise-Canceling Headphones,West,33,181.83,6000.39,0,0
2023-07-26,Wireless Noise-Canceling Headphones,South,30,178.9,5367.0,0,0
2023-07-26,Wireless Noise-Canceling Headphones,East,17,179.31,3048.27,0,0
2023-07-26,Smart Fitness Watch,North,20,218.06,4361.2,0,0
2023-07-26,Smart Fitness Watch,West,22,223.29,4912.38,0,0
2023-07-26,Smart Fitness Watch,South,14,223.53,3129.42,0,0
2023-07-26,Smart Fitness Watch,East,14,217.01,3038.14,0,0
2023-07-26,Ergonomic Office Chair,North,16,320.73,5131.68,0,0
2023-07-26,Ergonomic Office Chair,West,7,314.62,2202.34,0,0
2023-07-26,Ergonomic Office Chair,South,6,317.94,1907.64,0,0
2023-07-26,Ergonomic Office Chair,East,5,319.58,1597.9,0,0
2023-07-27,Laptop Pro 15,North,4,1202.63,4810.52,0,0
2023-07-27,Laptop Pro 15,West,1,1217.72,1217.72,0,0
2023-07-27,Laptop Pro 15,South,7,1195.12,8365.84,0,0
2023-07-27,Laptop Pro 15,East,9,1206.43,10857.87,0,0
2023-07-27,Smartphone Ultra,North,25,735.21,18380.25,0,0
2023-07-27,Smartphone Ultra,West,15,747.01,11205.15,0,0
2023-07-27,Smartphone Ultra,South,20,760.69,15213.8,0,0
2023-07-27,Smartphone Ultra,East,17,748.41,12722.97,0,0
2023-07-27,Wireless Noise-Canceling Headphones,North,33,178.77,5899.41,0,0
2023-07-27,Wireless Noise-Canceling Headphones,West,19,177.34,3369.46,0,0
2023-07-27,Wireless Noise-Canceling Headphones,South,20,180.99,3619.8,0,0
2023-07-27,Wireless Noise-Canceling Headphones,East,30,183.07,5492.1,0,0
2023-07-27,Smart Fitness Watch,North,25,219.24,5481.0,0,0
2023-07-27,Smart Fitness Watch,West,17,223.57,3800.69,0,0
2023-07-27,Smart Fitness Watch,South,16,222.57,3561.12,0,0
2023-07-27,Smart Fitness Watch,East,12,222.68,2672.16,0,0
2023-07-27,Ergonomic Office Chair,North,10,319.65,3196.5,0,0
2023-07-27,Ergonomic Office Chair,West,10,325.65,3256.5,0,0
2023-07-27,Ergonomic Office Chair,South,9,314.15,2827.35,0,0
2023-07-27,Ergonomic Office Chair,East,8,324.47,2595.76,0,0
2023-07-28,Laptop Pro 15,North,5,1205.21,6026.05,0,0
2023-07-28,Laptop Pro 15,West,7,1191.67,8341.69,0,0
2023-07-28,Laptop Pro 15,South,6,1196.91,7181.46,0,0
2023-07-28,Laptop Pro 15,East,10,1200.71,12007.1,0,0
2023-07-28,Smartphone Ultra,North,23,737.37,16959.51,0,0
2023-07-28,Smartphone Ultra,West,21,758.27,15923.67,0,0
2023-07-28,Smartphone Ultra,South,10,743.87,7438.7,0,0
2023-07-28,Smartphone Ultra,East,16,755.52,12088.32,0,0
2023-07-28,Wireless Noise-Canceling Headphones,North,29,180.96,5247.84,0,0
2023-07-28,Wireless Noise-Canceling Headphones,West,23,183.06,4210.38,0,0
2023-07-28,Wireless Noise-Canceling Headphones,South,43,182.23,7835.89,0,0
2023-07-28,Wireless Noise-Canceling Headphones,East,21,182.07,3823.47,0,0
2023-07-28,Smart Fitness Watch,North,15,218.57,3278.55,0,0
2023-07-28,Smart Fitness Watch,West,27,221.62,5983.74,0,0
2023-07-28,Smart Fitness Watch,South,28,221.97,6215.16,0,0
2023-07-28,Smart Fitness Watch,East,9,218.42,1965.78,0,0
2023-07-28,Ergonomic Office Chair,North,10,319.95,3199.5,0,0
2023-07-28,Ergonomic Office Chair,West,11,317.74,3495.14,0,0
2023-07-28,Ergonomic Office Chair,South,12,317.36,3808.32,0,0
2023-07-28,Ergonomic Office Chair,East,4,317.71,1270.84,0,0
2023-07-29,Laptop Pro 15,North,9,1216.49,10948.41,0,0
2023-07-29,Laptop Pro 15,West,12,1214.23,14570.76,0,0
2023-07-29,Laptop Pro 15,South,6,1181.27,7087.62,0,0
2023-07-29,Laptop Pro 15,East,7,1189.5,8326.5,0,0
2023-07-29,Smartphone Ultra,North,23,737.84,16970.32,0,0
2023-07-29,Smartphone Ultra,West,19,747.87,14209.53,0,0
2023-07-29,Smartphone Ultra,South,19,758.72,14415.68,0,0
2023-07-29,Smartphone Ultra,East,11,758.55,8344.05,0,0
2023-07-29,Wireless Noise-Canceling Headphones,North,38,181.09,6881.42,0,0
2023-07-29,Wireless Noise-Canceling Headphones,West,42,178.39,7492.38,0,0
2023-07-29,Wireless Noise-Canceling Headphones,South,27,181.9,4911.3,0,0
2023-07-29,Wireless Noise-Canceling Headphones,East,30,176.45,5293.5,0,0
2023-07-29,Smart Fitness Watch,North,22,217.99,4795.78,0,0
2023-07-29,Smart Fitness Watch,West,21,216.26,4541.46,0,0
2023-07-29,Smart Fitness Watch,South,27,220.65,5957.55,0,0
2023-07-29,Smart Fitness Watch,East,32,221.8,7097.6,0,0
2023-07-29,Ergonomic Office Chair,North,16,317.74,5083.84,0,0
2023-07-29,Ergonomic Office Chair,West,12,318.73,3824.76,0,0
2023-07-29,Ergonomic Office Chair,South,16,316.69,5067.04,0,0
2023-07-29,Ergonomic Office Chair,East,8,320.61,2564.88,0,0
2023-07-30,Laptop Pro 15,North,5,1218.28,6091.4,0,0
2023-07-30,Laptop Pro 15,West,14,1203.7,16851.8,0,0
2023-07-30,Laptop Pro 15,South,6,1198.3,7189.8,0,0
2023-07-30,Laptop Pro 15,East,5,1198.08,5990.4,0,0
2023-07-30,Smartphone Ultra,North,25,757.56,18939.0,0,0
2023-07-30,Smartphone Ultra,West,16,754.68,12074.88,0,0
2023-07-30,Smartphone Ultra,South,23,756.65,17402.95,0,0
2023-07-30,Smartphone Ultra,East,14,741.51,10381.14,0,0
2023-07-30,Wireless Noise-Canceling Headphones,North,53,180.27,9554.31,0,0
2023-07-30,Wireless Noise-Canceling Headphones,West,40,181.04,7241.6,0,0
2023-07-30,Wireless Noise-Canceling Headphones,South,37,177.69,6574.53,0,0
2023-07-30,Wireless Noise-Canceling Headphones,East,22,178.92,3936.24,0,0
2023-07-30,Smart Fitness Watch,North,20,221.13,4422.6,0,0
2023-07-30,Smart Fitness Watch,West,23,217.3,4997.9,0,0
2023-07-30,Smart Fitness Watch,South,22,217.89,4793.58,0,0
2023-07-30,Smart Fitness Watch,East,18,223.46,4022.28,0,0
2023-07-30,Ergonomic Office Chair,North,17,316.44,5379.48,0,0
2023-07-30,Ergonomic Office Chair,West,13,319.36,4151.68,0,0
2023-07-30,Ergonomic Office Chair,South,10,322.6,3226.0,0,0
2023-07-30,Ergonomic Office Chair,East,13,321.62,4181.06,0,0
2023-07-31,Laptop Pro 15,North,11,1183.78,13021.58,0,0
2023-07-31,Laptop Pro 15,West,4,1179.18,4716.72,0,0
2023-07-31,Laptop Pro 15,South,5,1186.8,5934.0,0,0
2023-07-31,Laptop Pro 15,East,5,1220.86,6104.3,0,0
2023-07-31,Smartphone Ultra,North,14,756.93,10597.02,0,0
2023-07-31,Smartphone Ultra,West,16,739.38,11830.08,0,0
2023-07-31,Smartphone Ultra,South,11,744.57,8190.27,0,0
2023-07-31,Smartphone Ultra,East,11,754.22,8296.42,0,0
2023-07-31,Wireless Noise-Canceling Headphones,North,28,181.08,5070.24,0,0
2023-07-31,Wireless Noise-Canceling Headphones,West,26,177.08,4604.08,0,0
2023-07-31,Wireless Noise-Canceling Headphones,South,19,183.13,3479.47,0,0
2023-07-31,Wireless Noise-Canceling Headphones,East,19,177.4,3370.6,0,0
2023-07-31,Smart Fitness Watch,North,13,217.24,2824.12,0,0
2023-07-31,Smart Fitness Watch,West,20,222.67,4453.4,0,0
2023-07-31,Smart Fitness Watch,South,15,221.95,3329.25,0,0
2023-07-31,Smart Fitness Watch,East,14,221.42,3099.88,0,0
2023-07-31,Ergonomic Office Chair,North,12,314.54,3774.48,0,0
2023-07-31,Ergonomic Office Chair,West,6,319.51,1917.06,0,0
2023-07-31,Ergonomic Office Chair,South,5,324.78,1623.9,0,0
2023-07-31,Ergonomic Office Chair,East,4,314.53,1258.12,0,0
2023-08-01,Laptop Pro 15,North,7,1219.28,8534.96,0,0
2023-08-01,Laptop Pro 15,West,10,1206.71,12067.1,0,0
2023-08-01,Laptop Pro 15,South,1,1188.15,1188.15,0,0
2023-08-01,Laptop Pro 15,East,2,1191.41,2382.82,0,0
2023-08-01,Smartphone Ultra,North,12,754.41,9052.92,0,0
2023-08-01,Smartphone Ultra,West,10,739.79,7397.9,0,0
2023-08-01,Smartphone Ultra,South,20,754.66,15093.2,0,0
2023-08-01,Smartphone Ultra,East,12,753.63,9043.56,0,0
2023-08-01,Wireless Noise-Canceling Headphones,North,27,181.37,4896.99,0,0
2023-08-01,Wireless Noise-Canceling Headphones,West,20,182.29,3645.8,0,0
2023-08-01,Wireless Noise-Canceling Headphones,South,26,179.41,4664.66,0,0
2023-08-01,Wireless Noise-Canceling Headphones,East,18,181.73,3271.14,0,0
2023-08-01,Smart Fitness Watch,North,31,222.82,6907.42,0,0
2023-08-01,Smart Fitness Watch,West,20,216.08,4321.6,0,0
2023-08-01,Smart Fitness Watch,South,18,222.47,4004.46,0,0
2023-08-01,Smart Fitness Watch,East,18,218.75,3937.5,0,0
2023-08-01,Ergonomic Office Chair,North,7,325.02,2275.14,0,0
2023-08-01,Ergonomic Office Chair,West,1,324.18,324.18,0,0
2023-08-01,Ergonomic Office Chair,South,7,313.78,2196.46,0,0
2023-08-01,Ergonomic Office Chair,East,2,326.32,652.64,0,0
2023-08-02,Laptop Pro 15,North,4,1212.81,4851.24,0,0
2023-08-02,Laptop Pro 15,West,8,1223.41,9787.28,0,0
2023-08-02,Laptop Pro 15,South,7,1195.28,8366.96,0,0
2023-08-02,Laptop Pro 15,East,5,1215.36,6076.8,0,0
2023-08-02,Smartphone Ultra,North,17,754.89,12833.13,0,0
2023-08-02,Smartphone Ultra,West,20,754.36,15087.2,0,0
2023-08-02,Smartphone Ultra,South,9,762.28,6860.52,0,0
2023-08-02,Smartphone Ultra,East,17,756.07,12853.19,0,0
2023-08-02,Wireless Noise-Canceling Headphones,North,28,179.39,5022.92,0,0
2023-08-02,Wireless Noise-Canceling Headphones,West,18,182.09,3277.62,0,0
2023-08-02,Wireless Noise-Canceling Headphones,South,13,177.17,2303.21,0,0
2023-08-02,Wireless Noise-Canceling Headphones,East,20,176.86,3537.2,0,0
2023-08-02,Smart Fitness Watch,North,20,216.77,4335.4,0,0
2023-08-02,Smart Fitness Watch,West,17,221.33,3762.61,0,0
2023-08-02,Smart Fitness Watch,South,22,220.16,4843.52,0,0
2023-08-02,Smart Fitness Watch,East,13,217.2,2823.6,0,0
2023-08-02,Ergonomic Office Chair,North,5,322.53,1612.65,0,0
2023-08-02,Ergonomic Office Chair,West,7,314.44,2201.08,0,0
2023-08-02,Ergonomic Office Chair,South,11,319.3,3512.3,0,0
2023-08-02,Ergonomic Office Chair,East,6,319.24,1915.44,0,0
2023-08-03,Laptop Pro 15,North,15,1213.25,18198.75,0,0
2023-08-03,Laptop Pro 15,West,6,1193.72,7162.32,0,0
2023-08-03,Laptop Pro 15,South,5,1204.19,6020.95,0,0
2023-08-03,Laptop Pro 15,East,5,1198.85,5994.25,0,0
2023-08-03,Smartphone Ultra,North,18,744.79,13406.22,0,0
2023-08-03,Smartphone Ultra,West,18,764.04,13752.72,0,0
2023-08-03,Smartphone Ultra,South,8,742.05,5936.4,0,0
2023-08-03,Smartphone Ultra,East,13,763.75,9928.75,0,0
2023-08-03,Wireless Noise-Canceling Headphones,North,36,180.53,6499.08,0,0
2023-08-03,Wireless Noise-Canceling Headphones,West,26,178.57,4642.82,0,0
2023-08-03,Wireless Noise-Canceling Headphones,South,22,177.91,3914.02,0,0
2023-08-03,Wireless Noise-Canceling Headphones,East,22,178.06,3917.32,0,0
2023-08-03,Smart Fitness Watch,North,19,224.29,4261.51,0,0
2023-08-03,Smart Fitness Watch,West,25,223.64,5591.0,0,0
2023-08-03,Smart Fitness Watch,South,15,224.11,3361.65,0,0
2023-08-03,Smart Fitness Watch,East,13,218.2,2836.6,0,0
2023-08-03,Ergonomic Office Chair,North,13,321.51,4179.63,0,0
2023-08-03,Ergonomic Office Chair,West,8,320.07,2560.56,0,0
2023-08-03,Ergonomic Office Chair,South,2,316.25,632.5,0,0
2023-08-03,Ergonomic Office Chair,East,6,325.8,1954.8,0,0
2023-08-04,Laptop Pro 15,North,6,1198.18,7189.08,0,0
2023-08-04,Laptop Pro 15,West,9,1208.63,10877.67,0,0
2023-08-04,Laptop Pro 15,South,11,1187.64,13064.04,0,0
2023-08-04,Laptop Pro 15,East,3,1197.36,3592.08,0,0
2023-08-04,Smartphone Ultra,North,23,749.19,17231.37,0,0
2023-08-04,Smartphone Ultra,West,14,752.64,10536.96,0,0
2023-08-04,Smartphone Ultra,South,16,741.94,11871.04,0,0
2023-08-04,Smartphone Ultra,East,12,750.84,9010.08,0,0
2023-08-04,Wireless Noise-Canceling Headphones,North,31,181.82,5636.42,0,0
2023-08-04,Wireless Noise-Canceling Headphones,West,38,178.07,6766.66,0,0
2023-08-04,Wireless Noise-Canceling Headphones,South,27,181.4,4897.8,0,0
2023-08-04,Wireless Noise-Canceling Headphones,East,22,179.83,3956.26,0,0
2023-08-04,Smart Fitness Watch,North,30,224.21,6726.3,0,0
2023-08-04,Smart Fitness Watch,West,20,218.03,4360.6,0,0
2023-08-04,Smart Fitness Watch,South,10,216.1,2161.0,0,0
2023-08-04,Smart Fitness Watch,East,19,217.35,4129.65,0,0
2023-08-04,Ergonomic Office Chair,North,12,323.54,3882.48,0,0
2023-08-04,Ergonomic Office Chair,West,12,319.29,3831.48,0,0
2023-08-04,Ergonomic Office Chair,South,10,316.89,3168.9,0,0
2023-08-04,Ergonomic Office Chair,East,7,317.75,2224.25,0,0
2023-08-05,Laptop Pro 15,North,12,1184.86,14218.32,0,0
2023-08-05,Laptop Pro 15,West,9,1190.83,10717.47,0,0
2023-08-05,Laptop Pro 15,South,3,1188.75,3566.25,0,0
2023-08-05,Laptop Pro 15,East,8,1191.82,9534.56,0,0
2023-08-05,Smartphone Ultra,North,24,755.19,18124.56,0,0
2023-08-05,Smartphone Ultra,West,18,745.42,13417.56,0,0
2023-08-05,Smartphone Ultra,South,18,755.59,13600.62,0,0
2023-08-05,Smartphone Ultra,East,19,764.25,14520.75,0,0
2023-08-05,Wireless Noise-Canceling Headphones,North,42,177.53,7456.26,0,0
2023-08-05,Wireless Noise-Canceling Headphones,West,38,179.49,6820.62,0,0
2023-08-05,Wireless Noise-Canceling Headphones,South,31,177.79,5511.49,0,0
2023-08-05,Wireless Noise-Canceling Headphones,East,33,179.6,5926.8,0,0
2023-08-05,Smart Fitness Watch,North,33,218.31,7204.23,0,0
2023-08-05,Smart Fitness Watch,West,25,220.83,5520.75,0,0
2023-08-05,Smart Fitness Watch,South,21,220.7,4634.7,0,0
2023-08-05,Smart Fitness Watch,East,14,217.55,3045.7,0,0
2023-08-05,Ergonomic Office Chair,North,11,320.09,3520.99,0,0
2023-08-05,Ergonomic Office Chair,West,15,325.71,4885.65,0,0
2023-08-05,Ergonomic Office Chair,South,9,322.37,2901.33,0,0
2023-08-05,Ergonomic Office Chair,East,12,319.5,3834.0,0,0
2023-08-06,Laptop Pro 15,North,8,1216.33,9730.64,0,0
2023-08-06,Laptop Pro 15,West,11,1221.48,13436.28,0,0
2023-08-06,Laptop Pro 15,South,6,1184.55,7107.3,0,0
2023-08-06,Laptop Pro 15,East,4,1188.64,4754.56,0,0
2023-08-06,Smartphone Ultra,North,21,758.78,15934.38,0,0
2023-08-06,Smartphone Ultra,West,21,752.06,15793.26,0,0
2023-08-06,Smartphone Ultra,South,17,755.5,12843.5,0,0
2023-08-06,Smartphone Ultra,East,17,755.49,12843.33,0,0
2023-08-06,Wireless Noise-Canceling Headphones,North,37,177.57,6570.09,0,0
2023-08-06,Wireless Noise-Canceling Headphones,West,46,177.3,8155.8,0,0
2023-08-06,Wireless Noise-Canceling Headphones,South,34,182.27,6197.18,0,0
2023-08-06,Wireless Noise-Canceling Headphones,East,26,178.62,4644.12,0,0
2023-08-06,Smart Fitness Watch,North,23,220.94,5081.62,0,0
2023-08-06,Smart Fitness Watch,West,30,224.29,6728.7,0,0
2023-08-06,Smart Fitness Watch,South,17,218.34,3711.78,0,0
2023-08-06,Smart Fitness Watch,East,14,220.17,3082.38,0,0
2023-08-06,Ergonomic Office Chair,North,13,326.03,4238.39,0,0
2023-08-06,Ergonomic Office Chair,West,17,317.93,5404.81,0,0
2023-08-06,Ergonomic Office Chair,South,8,320.57,2564.56,0,0
2023-08-06,Ergonomic Office Chair,East,8,316.85,2534.8,0,0
2023-08-07,Laptop Pro 15,North,4,1178.19,4712.76,0,0
2023-08-07,Laptop Pro 15,West,5,1189.21,5946.05,0,0
2023-08-07,Laptop Pro 15,South,4,1212.44,4849.76,0,0
2023-08-07,Laptop Pro 15,East,9,1205.29,10847.61,0,0
2023-08-07,Smartphone Ultra,North,12,748.7,8984.4,0,0
2023-08-07,Smartphone Ultra,West,17,748.03,12716.51,0,0
2023-08-07,Smartphone Ultra,South,14,736.24,10307.36,0,0
2023-08-07,Smartphone Ultra,East,13,764.69,9940.97,0,0
2023-08-07,Wireless Noise-Canceling Headphones,North,29,181.14,5253.06,0,0
2023-08-07,Wireless Noise-Canceling Headphones,West,24,178.62,4286.88,0,0
2023-08-07,Wireless Noise-Canceling Headphones,South,29,178.91,5188.39,0,0
2023-08-07,Wireless Noise-Canceling Headphones,East,23,177.8,4089.4,0,0
2023-08-07,Smart Fitness Watch,North,19,221.0,4199.0,0,0
2023-08-07,Smart Fitness Watch,West,18,217.42,3913.56,0,0
2023-08-07,Smart Fitness Watch,South,16,224.07,3585.12,0,0
2023-08-07,Smart Fitness Watch,East,14,217.64,3046.96,0,0
2023-08-07,Ergonomic Office Chair,North,10,319.44,3194.4,0,0
2023-08-07,Ergonomic Office Chair,West,7,316.06,2212.42,0,0
2023-08-07,Ergonomic Office Chair,South,8,325.92,2607.36,0,0
2023-08-07,Ergonomic Office Chair,East,4,321.98,1287.92,0,0
2023-08-08,Laptop Pro 15,North,4,1193.11,4772.44,0,0
2023-08-08,Laptop Pro 15,West,7,1183.71,8285.97,0,0
2023-08-08,Laptop Pro 15,South,3,1221.49,3664.47,0,0
2023-08-08,Laptop Pro 15,East,3,1211.47,3634.41,0,0
2023-08-08,Smartphone Ultra,North,20,756.97,15139.4,0,0
2023-08-08,Smartphone Ultra,West,11,763.28,8396.08,0,0
2023-08-08,Smartphone Ultra,South,8,736.87,5894.96,0,0
2023-08-08,Smartphone Ultra,East,13,740.26,9623.38,0,0
2023-08-08,Wireless Noise-Canceling Headphones,North,24,177.58,4261.92,0,0
2023-08-08,Wireless Noise-Canceling Headphones,West,33,176.65,5829.45,0,0
2023-08-08,Wireless Noise-Canceling Headphones,South,16,181.81,2908.96,0,0
2023-08-08,Wireless Noise-Canceling Headphones,East,17,177.84,3023.28,0,0
2023-08-08,Smart Fitness Watch,North,20,219.57,4391.4,0,0
2023-08-08,Smart Fitness Watch,West,20,217.92,4358.4,0,0
2023-08-08,Smart Fitness Watch,South,14,221.07,3094.98,0,0
2023-08-08,Smart Fitness Watch,East,13,222.71,2895.23,0,0
2023-08-08,Ergonomic Office Chair,North,4,319.55,1278.2,0,0
2023-08-08,Ergonomic Office Chair,West,11,321.72,3538.92,0,0
2023-08-08,Ergonomic Office Chair,South,6,322.98,1937.88,0,0
2023-08-08,Ergonomic Office Chair,East,8,316.48,2531.84,0,0
2023-08-09,Laptop Pro 15,North,4,1181.09,4724.36,0,0
2023-08-09,Laptop Pro 15,West,7,1220.89,8546.23,0,0
2023-08-09,Laptop Pro 15,South,5,1180.17,5900.85,0,0
2023-08-09,Laptop Pro 15,East,10,1217.14,12171.4,0,0
2023-08-09,Smartphone Ultra,North,22,745.42,16399.24,0,0
2023-08-09,Smartphone Ultra,West,18,737.44,13273.92,0,0
2023-08-09,Smartphone Ultra,South,18,752.09,13537.62,0,0
2023-08-09,Smartphone Ultra,East,14,737.74,10328.36,0,0
2023-08-09,Wireless Noise-Canceling Headphones,North,42,181.19,7609.98,0,0
2023-08-09,Wireless Noise-Canceling Headphones,West,28,183.26,5131.28,0,0
2023-08-09,Wireless Noise-Canceling Headphones,South,28,183.47,5137.16,0,0
2023-08-09,Wireless Noise-Canceling Headphones,East,23,180.8,4158.4,0,0
2023-08-09,Smart Fitness Watch,North,14,216.25,3027.5,0,0
2023-08-09,Smart Fitness Watch,West,20,223.3,4466.0,0,0
2023-08-09,Smart Fitness Watch,South,20,223.42,4468.4,0,0
2023-08-09,Smart Fitness Watch,East,15,217.09,3256.35,0,0
2023-08-09,Ergonomic Office Chair,North,11,316.16,3477.76,0,0
2023-08-09,Ergonomic Office Chair,West,10,318.86,3188.6,0,0
2023-08-09,Ergonomic Office Chair,South,12,321.98,3863.76,0,0
2023-08-09,Ergonomic Office Chair,East,4,319.1,1276.4,0,0
2023-08-10,Laptop Pro 15,North,8,1199.06,9592.48,0,0
2023-08-10,Laptop Pro 15,West,5,1193.64,5968.2,0,0
2023-08-10,Laptop Pro 15,South,3,1195.31,3585.93,0,0
2023-08-10,Laptop Pro 15,East,6,1205.72,7234.32,0,0
2023-08-10,Smartphone Ultra,North,17,756.83,12866.11,0,0
2023-08-10,Smartphone Ultra,West,16,755.03,12080.48,0,0
2023-08-10,Smartphone Ultra,South,15,735.03,11025.45,0,0
2023-08-10,Smartphone Ultra,East,12,737.83,8853.96,0,0
2023-08-10,Wireless Noise-Canceling Headphones,North,29,179.37,5201.73,0,0
2023-08-10,Wireless Noise-Canceling Headphones,West,30,179.55,5386.5,0,0
2023-08-10,Wireless Noise-Canceling Headphones,South,20,178.92,3578.4,0,0
2023-08-10,Wireless Noise-Canceling Headphones,East,22,177.07,3895.54,0,0
2023-08-10,Smart Fitness Watch,North,23,219.39,5045.97,0,0
2023-08-10,Smart Fitness Watch,West,14,222.55,3115.7,0,0
2023-08-10,Smart Fitness Watch,South,23,216.13,4970.99,0,0
2023-08-10,Smart Fitness Watch,East,16,218.37,3493.92,0,0
2023-08-10,Ergonomic Office Chair,North,13,319.43,4152.59,0,0
2023-08-10,Ergonomic Office Chair,West,7,315.99,2211.93,0,0
2023-08-10,Ergonomic Office Chair,South,10,314.48,3144.8,0,0
2023-08-10,Ergonomic Office Chair,East,5,322.74,1613.7,0,0
2023-08-11,Laptop Pro 15,North,6,1217.19,7303.14,0,0
2023-08-11,Laptop Pro 15,West,13,1182.6,15373.8,0,0
2023-08-11,Laptop Pro 15,South,5,1215.32,6076.6,0,0
2023-08-11,Laptop Pro 15,East,11,1200.39,13204.29,0,0
2023-08-11,Smartphone Ultra,North,23,742.32,17073.36,0,0
2023-08-11,Smartphone Ultra,West,21,753.45,15822.45,0,0
2023-08-11,Smartphone Ultra,South,15,750.96,11264.4,0,0
2023-08-11,Smartphone Ultra,East,11,749.01,8239.11,0,0
2023-08-11,Wireless Noise-Canceling Headphones,North,34,179.3,6096.2,0,0
2023-08-11,Wireless Noise-Canceling Headphones,West,27,177.3,4787.1,0,0
2023-08-11,Wireless Noise-Canceling Headphones,South,21,182.18,3825.78,0,0
2023-08-11,Wireless Noise-Canceling Headphones,East,22,177.12,3896.64,0,0
2023-08-11,Smart Fitness Watch,North,21,218.81,4595.01,0,0
2023-08-11,Smart Fitness Watch,West,17,220.49,3748.33,0,0
2023-08-11,Smart Fitness Watch,South,18,221.53,3987.54,0,0
2023-08-11,Smart Fitness Watch,East,19,218.61,4153.59,0,0
2023-08-11,Ergonomic Office Chair,North,11,322.57,3548.27,0,0
2023-08-11,Ergonomic Office Chair,West,11,321.83,3540.13,0,0
2023-08-11,Ergonomic Office Chair,South,13,318.23,4136.99,0,0
2023-08-11,Ergonomic Office Chair,East,7,314.04,2198.28,0,0
2023-08-12,Laptop Pro 15,North,12,1180.64,14167.68,0,0
2023-08-12,Laptop Pro 15,West,14,1214.98,17009.72,0,0
2023-08-12,Laptop Pro 15,South,7,1217.04,8519.28,0,0
2023-08-12,Laptop Pro 15,East,4,1206.27,4825.08,0,0
2023-08-12,Smartphone Ultra,North,21,737.94,15496.74,0,0
2023-08-12,Smartphone Ultra,West,24,758.86,18212.64,0,0
2023-08-12,Smartphone Ultra,South,17,763.03,12971.51,0,0
2023-08-12,Smartphone Ultra,East,19,743.79,14132.01,0,0
2023-08-12,Wireless Noise-Canceling Headphones,North,39,177.79,6933.81,0,0
2023-08-12,Wireless Noise-Canceling Headphones,West,36,179.85,6474.6,0,0
2023-08-12,Wireless Noise-Canceling Headphones,South,34,178.62,6073.08,0,0
2023-08-12,Wireless Noise-Canceling Headphones,East,30,177.86,5335.8,0,0
2023-08-12,Smart Fitness Watch,North,18,219.1,3943.8,0,0
2023-08-12,Smart Fitness Watch,West,26,223.52,5811.52,0,0
2023-08-12,Smart Fitness Watch,South,21,216.42,4544.82,0,0
2023-08-12,Smart Fitness Watch,East,11,223.49,2458.39,0,0
2023-08-12,Ergonomic Office Chair,North,9,317.47,2857.23,0,0
2023-08-12,Ergonomic Office Chair,West,16,321.5,5144.0,0,0
2023-08-12,Ergonomic Office Chair,South,7,320.02,2240.14,0,0
2023-08-12,Ergonomic Office Chair,East,13,317.15,4122.95,0,0
2023-08-13,Laptop Pro 15,North,8,1215.12,9720.96,0,0
2023-08-13,Laptop Pro 15,West,7,1195.81,8370.67,0,0
2023-08-13,Laptop Pro 15,South,7,1217.89,8525.23,0,0
2023-08-13,Laptop Pro 15,East,4,1216.51,4866.04,0,0
2023-08-13,Smartphone Ultra,North,26,753.74,19597.24,0,0
2023-08-13,Smartphone Ultra,West,15,740.34,11105.1,0,0
2023-08-13,Smartphone Ultra,South,14,751.91,10526.74,0,0
2023-08-13,Smartphone Ultra,East,15,738.62,11079.3,0,0
2023-08-13,Wireless Noise-Canceling Headphones,North,40,179.6,7184.0,0,0
2023-08-13,Wireless Noise-Canceling Headphones,West,36,181.42,6531.12,0,0
2023-08-13,Wireless Noise-Canceling Headphones,South,30,176.61,5298.3,0,0
2023-08-13,Wireless Noise-Canceling Headphones,East,26,180.77,4700.02,0,0
2023-08-13,Smart Fitness Watch,North,25,219.86,5496.5,0,0
2023-08-13,Smart Fitness Watch,West,30,222.09,6662.7,0,0
2023-08-13,Smart Fitness Watch,South,29,217.32,6302.28,0,0
2023-08-13,Smart Fitness Watch,East,17,223.09,3792.53,0,0
2023-08-13,Ergonomic Office Chair,North,10,317.23,3172.3,0,0
2023-08-13,Ergonomic Office Chair,West,7,315.43,2208.01,0,0
2023-08-13,Ergonomic Office Chair,South,12,323.97,3887.64,0,0
2023-08-13,Ergonomic Office Chair,East,13,316.99,4120.87,0,0
2023-08-14,Laptop Pro 15,North,5,1198.55,5992.75,0,0
2023-08-14,Laptop Pro 15,West,7,1184.53,8291.71,0,0
2023-08-14,Laptop Pro 15,South,3,1216.22,3648.66,0,0
2023-08-14,Laptop Pro 15,East,5,1187.56,5937.8,0,0
2023-08-14,Smartphone Ultra,North,11,755.72,8312.92,0,0
2023-08-14,Smartphone Ultra,West,17,757.88,12883.96,0,0
2023-08-14,Smartphone Ultra,South,15,746.45,11196.75,0,0
2023-08-14,Smartphone Ultra,East,8,756.23,6049.84,0,0
2023-08-14,Wireless Noise-Canceling Headphones,North,23,176.95,4069.85,0,0
2023-08-14,Wireless Noise-Canceling Headphones,West,36,178.88,6439.68,0,0
2023-08-14,Wireless Noise-Canceling Headphones,South,20,181.54,3630.8,0,0
2023-08-14,Wireless Noise-Canceling Headphones,East,26,181.34,4714.84,0,0
2023-08-14,Smart Fitness Watch,North,18,220.14,3962.52,0,0
2023-08-14,Smart Fitness Watch,West,14,221.74,3104.36,0,0
2023-08-14,Smart Fitness Watch,South,20,221.56,4431.2,0,0
2023-08-14,Smart Fitness Watch,East,15,220.85,3312.75,0,0
2023-08-14,Ergonomic Office Chair,North,8,316.35,2530.8,0,0
2023-08-14,Ergonomic Office Chair,West,18,321.17,5781.06,0,0
2023-08-14,Ergonomic Office Chair,South,9,320.55,2884.95,0,0
2023-08-14,Ergonomic Office Chair,East,4,326.3,1305.2,0,0
2023-08-15,Laptop Pro 15,North,6,1207.57,7245.42,0,0
2023-08-15,Laptop Pro 15,West,7,1192.95,8350.65,0,0
2023-08-15,Laptop Pro 15,South,2,1189.5,2379.0,0,0
2023-08-15,Laptop Pro 15,East,7,1199.39,8395.73,0,0
2023-08-15,Smartphone Ultra,North,18,750.59,13510.62,0,0
2023-08-15,Smartphone Ultra,West,17,742.05,12614.85,0,0
2023-08-15,Smartphone Ultra,South,11,764.49,8409.39,0,0
2023-08-15,Smartphone Ultra,East,6,736.73,4420.38,0,0
2023-08-15,Wireless Noise-Canceling Headphones,North,21,176.44,3705.24,0,0
2023-08-15,Wireless Noise-Canceling Headphones,West,31,177.33,5497.23,0,0
2023-08-15,Wireless Noise-Canceling Headphones,South,21,177.17,3720.57,0,0
2023-08-15,Wireless Noise-Canceling Headphones,East,16,183.37,2933.92,0,0
2023-08-15,Smart Fitness Watch,North,22,221.33,4869.26,0,0
2023-08-15,Smart Fitness Watch,West,14,216.76,3034.64,0,0
2023-08-15,Smart Fitness Watch,South,16,220.52,3528.32,0,0
2023-08-15,Smart Fitness Watch,East,9,222.62,2003.58,0,0
2023-08-15,Ergonomic Office Chair,North,9,315.08,2835.72,0,0
2023-08-15,Ergonomic Office Chair,West,10,326.31,3263.1,0,0
2023-08-15,Ergonomic Office Chair,South,5,320.73,1603.65,0,0
2023-08-15,Ergonomic Office Chair,East,7,314.54,2201.78,0,0
2023-08-16,Laptop Pro 15,North,6,1220.49,7322.94,0,0
2023-08-16,Laptop Pro 15,West,5,1199.57,5997.85,0,0
2023-08-16,Laptop Pro 15,South,7,1218.52,8529.64,0,0
2023-08-16,Laptop Pro 15,East,4,1190.6,4762.4,0,0
2023-08-16,Smartphone Ultra,North,13,760.1,9881.3,0,0
2023-08-16,Smartphone Ultra,West,10,751.89,7518.9,0,0
2023-08-16,Smartphone Ultra,South,14,752.24,10531.36,0,0
2023-08-16,Smartphone Ultra,East,9,750.07,6750.63,0,0
2023-08-16,Wireless Noise-Canceling Headphones,North,26,181.64,4722.64,0,0
2023-08-16,Wireless Noise-Canceling Headphones,West,26,183.03,4758.78,0,0
2023-08-16,Wireless Noise-Canceling Headphones,South,24,182.99,4391.76,0,0
2023-08-16,Wireless Noise-Canceling Headphones,East,15,178.76,2681.4,0,0
2023-08-16,Smart Fitness Watch,North,13,220.92,2871.96,0,0
2023-08-16,Smart Fitness Watch,West,32,216.05,6913.6,0,0
2023-08-16,Smart Fitness Watch,South,13,218.57,2841.41,0,0
2023-08-16,Smart Fitness Watch,East,15,216.19,3242.85,0,0
2023-08-16,Ergonomic Office Chair,North,8,319.28,2554.24,0,0
2023-08-16,Ergonomic Office Chair,West,11,316.35,3479.85,0,0
2023-08-16,Ergonomic Office Chair,South,7,315.6,2209.2,0,0
2023-08-16,Ergonomic Office Chair,East,5,319.64,1598.2,0,0
2023-08-17,Laptop Pro 15,North,6,1179.4,7076.4,0,0
2023-08-17,Laptop Pro 15,West,9,1185.27,10667.43,0,0
2023-08-17,Laptop Pro 15,South,11,1203.04,13233.44,0,0
2023-08-17,Laptop Pro 15,East,8,1197.9,9583.2,0,0
2023-08-17,Smartphone Ultra,North,13,762.11,9907.43,0,0
2023-08-17,Smartphone Ultra,West,17,739.99,12579.83,0,0
2023-08-17,Smartphone Ultra,South,19,735.95,13983.05,0,0
2023-08-17,Smartphone Ultra,East,6,762.46,4574.76,0,0
2023-08-17,Wireless Noise-Canceling Headphones,North,28,180.92,5065.76,0,0
2023-08-17,Wireless Noise-Canceling Headphones,West,27,178.61,4822.47,0,0
2023-08-17,Wireless Noise-Canceling Headphones,South,30,182.77,5483.1,0,0
2023-08-17,Wireless Noise-Canceling Headphones,East,28,178.44,4996.32,0,0
2023-08-17,Smart Fitness Watch,North,14,223.93,3135.02,0,0
2023-08-17,Smart Fitness Watch,West,21,216.59,4548.39,0,0
2023-08-17,Smart Fitness Watch,South,12,223.97,2687.64,0,0
2023-08-17,Smart Fitness Watch,East,13,216.66,2816.58,0,0
2023-08-17,Ergonomic Office Chair,North,5,325.76,1628.8,0,0
2023-08-17,Ergonomic Office Chair,West,9,325.48,2929.32,0,0
2023-08-17,Ergonomic Office Chair,South,10,317.86,3178.6,0,0
2023-08-17,Ergonomic Office Chair,East,7,322.86,2260.02,0,0
2023-08-18,Laptop Pro 15,North,13,1208.48,15710.24,0,0
2023-08-18,Laptop Pro 15,West,7,1186.53,8305.71,0,0
2023-08-18,Laptop Pro 15,South,3,1208.39,3625.17,0,0
2023-08-18,Laptop Pro 15,East,2,1188.11,2376.22,0,0
2023-08-18,Smartphone Ultra,North,21,738.23,15502.83,0,0
2023-08-18,Smartphone Ultra,West,20,744.65,14893.0,0,0
2023-08-18,Smartphone Ultra,South,24,759.3,18223.2,0,0
2023-08-18,Smartphone Ultra,East,13,758.04,9854.52,0,0
2023-08-18,Wireless Noise-Canceling Headphones,North,33,178.28,5883.24,0,0
2023-08-18,Wireless Noise-Canceling Headphones,West,24,183.19,4396.56,0,0
2023-08-18,Wireless Noise-Canceling Headphones,South,27,180.89,4884.03,0,0
2023-08-18,Wireless Noise-Canceling Headphones,East,17,181.49,3085.33,0,0
2023-08-18,Smart Fitness Watch,North,39,219.21,8549.19,0,0
2023-08-18,Smart Fitness Watch,West,15,218.92,3283.8,0,0
2023-08-18,Smart Fitness Watch,South,20,217.6,4352.0,0,0
2023-08-18,Smart Fitness Watch,East,14,217.87,3050.18,0,0
2023-08-18,Ergonomic Office Chair,North,16,323.87,5181.92,0,0
2023-08-18,Ergonomic Office Chair,West,10,316.96,3169.6,0,0
2023-08-18,Ergonomic Office Chair,South,6,317.58,1905.48,0,0
2023-08-18,Ergonomic Office Chair,East,10,319.64,3196.4,0,0
2023-08-19,Laptop Pro 15,North,5,1195.59,5977.95,0,0
2023-08-19,Laptop Pro 15,West,7,1192.04,8344.28,0,0
2023-08-19,Laptop Pro 15,South,12,1209.88,14518.56,0,0
2023-08-19,Laptop Pro 15,East,5,1200.64,6003.2,0,0
2023-08-19,Smartphone Ultra,North,14,748.2,10474.8,0,0
2023-08-19,Smartphone Ultra,West,21,756.17,15879.57,0,0
2023-08-19,Smartphone Ultra,South,9,736.83,6631.47,0,0
2023-08-19,Smartphone Ultra,East,15,757.38,11360.7,0,0
2023-08-19,Wireless Noise-Canceling Headphones,North,39,182.02,7098.78,0,0
2023-08-19,Wireless Noise-Canceling Headphones,West,41,183.13,7508.33,0,0
2023-08-19,Wireless Noise-Canceling Headphones,South,31,179.14,5553.34,0,0
2023-08-19,Wireless Noise-Canceling Headphones,East,33,178.48,5889.84,0,0
2023-08-19,Smart Fitness Watch,North,31,217.62,6746.22,0,0
2023-08-19,Smart Fitness Watch,West,24,223.43,5362.32,0,0
2023-08-19,Smart Fitness Watch,South,26,220.38,5729.88,0,0
2023-08-19,Smart Fitness Watch,East,11,220.48,2425.28,0,0
2023-08-19,Ergonomic Office Chair,North,10,319.57,3195.7,0,0
2023-08-19,Ergonomic Office Chair,West,14,323.87,4534.18,0,0
2023-08-19,Ergonomic Office Chair,South,11,318.9,3507.9,0,0
2023-08-19,Ergonomic Office Chair,East,7,324.67,2272.69,0,0
2023-08-20,Laptop Pro 15,North,12,1194.29,14331.48,0,0
2023-08-20,Laptop Pro 15,West,12,1207.38,14488.56,0,0
2023-08-20,Laptop Pro 15,South,6,1220.53,7323.18,0,0
2023-08-20,Laptop Pro 15,East,6,1182.6,7095.6,0,0
2023-08-20,Smartphone Ultra,North,11,745.47,8200.17,0,0
2023-08-20,Smartphone Ultra,West,24,735.77,17658.48,0,0
2023-08-20,Smartphone Ultra,South,19,757.71,14396.49,0,0
2023-08-20,Smartphone Ultra,East,13,742.68,9654.84,0,0
2023-08-20,Wireless Noise-Canceling Headphones,North,35,179.79,6292.65,0,0
2023-08-20,Wireless Noise-Canceling Headphones,West,34,179.07,6088.38,0,0
2023-08-20,Wireless Noise-Canceling Headphones,South,50,182.29,9114.5,0,0
2023-08-20,Wireless Noise-Canceling Headphones,East,30,183.55,5506.5,0,0
2023-08-20,Smart Fitness Watch,North,33,219.17,7232.61,0,0
2023-08-20,Smart Fitness Watch,West,28,215.91,6045.48,0,0
2023-08-20,Smart Fitness Watch,South,18,222.12,3998.16,0,0
2023-08-20,Smart Fitness Watch,East,15,219.32,3289.8,0,0
2023-08-20,Ergonomic Office Chair,North,7,323.35,2263.45,0,0
2023-08-20,Ergonomic Office Chair,West,15,320.33,4804.95,0,0
2023-08-20,Ergonomic Office Chair,South,14,319.04,4466.56,0,0
2023-08-20,Ergonomic Office Chair,East,4,316.6,1266.4,0,0
2023-08-21,Laptop Pro 15,North,5,1198.08,5990.4,0,0
2023-08-21,Laptop Pro 15,West,6,1201.41,7208.46,0,0
2023-08-21,Laptop Pro 15,South,9,1211.75,10905.75,0,0
2023-08-21,Laptop Pro 15,East,1,1214.92,1214.92,0,0
2023-08-21,Smartphone Ultra,North,16,753.23,12051.68,0,0
2023-08-21,Smartphone Ultra,West,18,740.56,13330.08,0,0
2023-08-21,Smartphone Ultra,South,23,746.7,17174.1,0,0
2023-08-21,Smartphone Ultra,East,15,742.25,11133.75,0,0
2023-08-21,Wireless Noise-Canceling Headphones,North,23,182.59,4199.57,0,0
2023-08-21,Wireless Noise-Canceling Headphones,West,17,182.83,3108.11,0,0
2023-08-21,Wireless Noise-Canceling Headphones,South,17,177.94,3024.98,0,0
2023-08-21,Wireless Noise-Canceling Headphones,East,21,177.13,3719.73,0,0
2023-08-21,Smart Fitness Watch,North,22,221.59,4874.98,0,0
2023-08-21,Smart Fitness Watch,West,22,220.17,4843.74,0,0
2023-08-21,Smart Fitness Watch,South,19,221.36,4205.84,0,0
2023-08-21,Smart Fitness Watch,East,15,217.45,3261.75,0,0
2023-08-21,Ergonomic Office Chair,North,10,317.75,3177.5,0,0
2023-08-21,Ergonomic Office Chair,West,8,319.29,2554.32,0,0
2023-08-21,Ergonomic Office Chair,South,6,314.99,1889.94,0,0
2023-08-21,Ergonomic Office Chair,East,4,324.11,1296.44,0,0
2023-08-22,Laptop Pro 15,North,6,1195.55,7173.3,0,0
2023-08-22,Laptop Pro 15,West,9,1182.05,10638.45,0,0
2023-08-22,Laptop Pro 15,South,10,1198.97,11989.7,0,0
2023-08-22,Laptop Pro 15,East,1,1198.75,1198.75,0,0
2023-08-22,Smartphone Ultra,North,11,748.9,8237.9,0,0
2023-08-22,Smartphone Ultra,West,16,746.53,11944.48,0,0
2023-08-22,Smartphone Ultra,South,10,758.76,7587.6,0,0
2023-08-22,Smartphone Ultra,East,11,756.12,8317.32,0,0
2023-08-22,Wireless Noise-Canceling Headphones,North,23,179.6,4130.8,0,0
2023-08-22,Wireless Noise-Canceling Headphones,West,26,183.47,4770.22,0,0
2023-08-22,Wireless Noise-Canceling Headphones,South,15,179.58,2693.7,0,0
2023-08-22,Wireless Noise-Canceling Headphones,East,22,182.9,4023.8,0,0
2023-08-22,Smart Fitness Watch,North,30,223.11,6693.3,0,0
2023-08-22,Smart Fitness Watch,West,20,222.51,4450.2,0,0
2023-08-22,Smart Fitness Watch,South,11,221.5,2436.5,0,0
2023-08-22,Smart Fitness Watch,East,15,217.07,3256.05,0,0
2023-08-22,Ergonomic Office Chair,North,9,320.46,2884.14,0,0
2023-08-22,Ergonomic Office Chair,West,6,322.6,1935.6,0,0
2023-08-22,Ergonomic Office Chair,South,7,317.1,2219.7,0,0
2023-08-22,Ergonomic Office Chair,East,6,316.07,1896.42,0,0
2023-08-23,Laptop Pro 15,North,8,1201.8,9614.4,0,0
2023-08-23,Laptop Pro 15,West,5,1183.67,5918.35,0,0
2023-08-23,Laptop Pro 15,South,5,1213.79,6068.95,0,0
2023-08-23,Laptop Pro 15,East,2,1223.66,2447.32,0,0
2023-08-23,Smartphone Ultra,North,18,743.17,13377.06,0,0
2023-08-23,Smartphone Ultra,West,11,758.92,8348.12,0,0
2023-08-23,Smartphone Ultra,South,14,744.94,10429.16,0,0
2023-08-23,Smartphone Ultra,East,12,744.24,8930.88,0,0
2023-08-23,Wireless Noise-Canceling Headphones,North,31,180.84,5606.04,0,0
2023-08-23,Wireless Noise-Canceling Headphones,West,34,182.86,6217.24,0,0
2023-08-23,Wireless Noise-Canceling Headphones,South,15,180.8,2712.0,0,0
2023-08-23,Wireless Noise-Canceling Headphones,East,21,182.15,3825.15,0,0
2023-08-23,Smart Fitness Watch,North,35,223.48,7821.8,0,0
2023-08-23,Smart Fitness Watch,West,15,216.13,3241.95,0,0
2023-08-23,Smart Fitness Watch,South,23,218.86,5033.78,0,0
2023-08-23,Smart Fitness Watch,East,16,219.51,3512.16,0,0
2023-08-23,Ergonomic Office Chair,North,9,324.87,2923.83,0,0
2023-08-23,Ergonomic Office Chair,West,7,325.73,2280.11,0,0
2023-08-23,Ergonomic Office Chair,South,5,324.68,1623.4,0,0
2023-08-23,Ergonomic Office Chair,East,7,323.94,2267.58,0,0
2023-08-24,Laptop Pro 15,North,12,1189.06,14268.72,0,0
2023-08-24,Laptop Pro 15,West,9,1206.6,10859.4,0,0
2023-08-24,Laptop Pro 15,South,6,1220.58,7323.48,0,0
2023-08-24,Laptop Pro 15,East,2,1212.41,2424.82,0,0
2023-08-24,Smartphone Ultra,North,16,744.67,11914.72,0,0
2023-08-24,Smartphone Ultra,West,21,763.31,16029.51,0,0
2023-08-24,Smartphone Ultra,South,7,757.99,5305.93,0,0
2023-08-24,Smartphone Ultra,East,13,764.17,9934.21,0,0
2023-08-24,Wireless Noise-Canceling Headphones,North,25,179.9,4497.5,0,0
2023-08-24,Wireless Noise-Canceling Headphones,West,28,179.23,5018.44,0,0
2023-08-24,Wireless Noise-Canceling Headphones,South,23,179.24,4122.52,0,0
2023-08-24,Wireless Noise-Canceling Headphones,East,27,179.68,4851.36,0,0
2023-08-24,Smart Fitness Watch,North,15,216.94,3254.1,0,0
2023-08-24,Smart Fitness Watch,West,15,220.7,3310.5,0,0
2023-08-24,Smart Fitness Watch,South,27,219.87,5936.49,0,0
2023-08-24,Smart Fitness Watch,East,17,222.37,3780.29,0,0
2023-08-24,Ergonomic Office Chair,North,10,315.19,3151.9,0,0
2023-08-24,Ergonomic Office Chair,West,9,315.46,2839.14,0,0
2023-08-24,Ergonomic Office Chair,South,5,324.14,1620.7,0,0
2023-08-24,Ergonomic Office Chair,East,5,321.62,1608.1,0,0
2023-08-25,Laptop Pro 15,North,11,1193.91,13133.01,0,0
2023-08-25,Laptop Pro 15,West,9,1205.8,10852.2,0,0
2023-08-25,Laptop Pro 15,South,10,1197.89,11978.9,0,0
2023-08-25,Laptop Pro 15,East,5,1192.47,5962.35,0,0
2023-08-25,Smartphone Ultra,North,20,757.26,15145.2,0,0
2023-08-25,Smartphone Ultra,West,17,736.73,12524.41,0,0
2023-08-25,Smartphone Ultra,South,23,757.23,17416.29,0,0
2023-08-25,Smartphone Ultra,East,13,743.48,9665.24,0,0
2023-08-25,Wireless Noise-Canceling Headphones,North,29,183.59,5324.11,0,0
2023-08-25,Wireless Noise-Canceling Headphones,West,32,182.06,5825.92,0,0
2023-08-25,Wireless Noise-Canceling Headphones,South,32,179.18,5733.76,0,0
2023-08-25,Wireless Noise-Canceling Headphones,East,20,183.52,3670.4,0,0
2023-08-25,Smart Fitness Watch,North,15,218.73,3280.95,0,0
2023-08-25,Smart Fitness Watch,West,22,216.4,4760.8,0,0
2023-08-25,Smart Fitness Watch,South,18,221.75,3991.5,0,0
2023-08-25,Smart Fitness Watch,East,20,216.13,4322.6,0,0
2023-08-25,Ergonomic Office Chair,North,7,318.31,2228.17,0,0
2023-08-25,Ergonomic Office Chair,West,9,313.79,2824.11,0,0
2023-08-25,Ergonomic Office Chair,South,1,314.41,314.41,0,0
2023-08-25,Ergonomic Office Chair,East,9,321.64,2894.76,0,0
2023-08-26,Laptop Pro 15,North,4,1188.45,4753.8,0,0
2023-08-26,Laptop Pro 15,West,10,1191.81,11918.1,0,0
2023-08-26,Laptop Pro 15,South,8,1187.93,9503.44,0,0
2023-08-26,Laptop Pro 15,East,4,1188.31,4753.24,0,0
2023-08-26,Smartphone Ultra,North,19,745.44,14163.36,0,0
2023-08-26,Smartphone Ultra,West,21,754.45,15843.45,0,0
2023-08-26,Smartphone Ultra,South,28,758.82,21246.96,0,0
2023-08-26,Smartphone Ultra,East,25,753.51,18837.75,0,0
2023-08-26,Wireless Noise-Canceling Headphones,North,48,183.44,8805.12,0,0
2023-08-26,Wireless Noise-Canceling Headphones,West,28,183.44,5136.32,0,0
2023-08-26,Wireless Noise-Canceling Headphones,South,30,176.62,5298.6,0,0
2023-08-26,Wireless Noise-Canceling Headphones,East,25,176.6,4415.0,0,0
2023-08-26,Smart Fitness Watch,North,36,216.54,7795.44,0,0
2023-08-26,Smart Fitness Watch,West,33,218.25,7202.25,0,0
2023-08-26,Smart Fitness Watch,South,28,224.02,6272.56,0,0
2023-08-26,Smart Fitness Watch,East,20,220.09,4401.8,0,0
2023-08-26,Ergonomic Office Chair,North,20,316.54,6330.8,0,0
2023-08-26,Ergonomic Office Chair,West,10,319.97,3199.7,0,0
2023-08-26,Ergonomic Office Chair,South,9,315.31,2837.79,0,0
2023-08-26,Ergonomic Office Chair,East,7,314.56,2201.92,0,0
2023-08-27,Laptop Pro 15,North,6,1202.75,7216.5,0,0
2023-08-27,Laptop Pro 15,West,4,1205.69,4822.76,0,0
2023-08-27,Laptop Pro 15,South,9,1178.72,10608.48,0,0
2023-08-27,Laptop Pro 15,East,6,1180.99,7085.94,0,0
2023-08-27,Smartphone Ultra,North,20,764.21,15284.2,0,0
2023-08-27,Smartphone Ultra,West,20,740.0,14800.0,0,0
2023-08-27,Smartphone Ultra,South,14,757.87,10610.18,0,0
2023-08-27,Smartphone Ultra,East,16,745.73,11931.68,0,0
2023-08-27,Wireless Noise-Canceling Headphones,North,43,178.77,7687.11,0,0
2023-08-27,Wireless Noise-Canceling Headphones,West,33,178.5,5890.5,0,0
2023-08-27,Wireless Noise-Canceling Headphones,South,31,177.02,5487.62,0,0
2023-08-27,Wireless Noise-Canceling Headphones,East,22,181.39,3990.58,0,0
2023-08-27,Smart Fitness Watch,North,27,221.84,5989.68,0,0
2023-08-27,Smart Fitness Watch,West,22,222.14,4887.08,0,0
2023-08-27,Smart Fitness Watch,South,25,222.11,5552.75,0,0
2023-08-27,Smart Fitness Watch,East,11,218.0,2398.0,0,0
2023-08-27,Ergonomic Office Chair,North,13,324.34,4216.42,0,0
2023-08-27,Ergonomic Office Chair,West,12,323.76,3885.12,0,0
2023-08-27,Ergonomic Office Chair,South,11,325.39,3579.29,0,0
2023-08-27,Ergonomic Office Chair,East,11,319.32,3512.52,0,0
2023-08-28,Laptop Pro 15,North,4,1192.13,4768.52,0,0
2023-08-28,Laptop Pro 15,West,9,1207.11,10863.99,0,0
2023-08-28,Laptop Pro 15,South,7,1218.51,8529.57,0,0
2023-08-28,Laptop Pro 15,East,4,1213.02,4852.08,0,0
2023-08-28,Smartphone Ultra,North,11,759.52,8354.72,0,0
2023-08-28,Smartphone Ultra,West,18,747.09,13447.62,0,0
2023-08-28,Smartphone Ultra,South,10,764.3,7643.0,0,0
2023-08-28,Smartphone Ultra,East,9,747.01,6723.09,0,0
2023-08-28,Wireless Noise-Canceling Headphones,North,26,180.35,4689.1,0,0
2023-08-28,Wireless Noise-Canceling Headphones,West,24,180.28,4326.72,0,0
2023-08-28,Wireless Noise-Canceling Headphones,South,18,176.9,3184.2,0,0
2023-08-28,Wireless Noise-Canceling Headphones,East,13,177.25,2304.25,0,0
2023-08-28,Smart Fitness Watch,North,20,221.95,4439.0,0,0
2023-08-28,Smart Fitness Watch,West,30,217.18,6515.4,0,0
2023-08-28,Smart Fitness Watch,South,25,219.77,5494.25,0,0
2023-08-28,Smart Fitness Watch,East,14,223.48,3128.72,0,0
2023-08-28,Ergonomic Office Chair,North,11,322.18,3543.98,0,0
2023-08-28,Ergonomic Office Chair,West,5,314.05,1570.25,0,0
2023-08-28,Ergonomic Office Chair,South,10,317.56,3175.6,0,0
2023-08-28,Ergonomic Office Chair,East,7,317.94,2225.58,0,0
2023-08-29,Laptop Pro 15,North,6,1201.0,7206.0,0,0
2023-08-29,Laptop Pro 15,West,10,1185.41,11854.1,0,0
2023-08-29,Laptop Pro 15,South,8,1181.78,9454.24,0,0
2023-08-29,Laptop Pro 15,East,2,1196.68,2393.36,0,0
2023-08-29,Smartphone Ultra,North,17,746.76,12694.92,0,0
2023-08-29,Smartphone Ultra,West,14,760.49,10646.86,0,0
2023-08-29,Smartphone Ultra,South,11,759.75,8357.25,0,0
2023-08-29,Smartphone Ultra,East,6,748.45,4490.7,0,0
2023-08-29,Wireless Noise-Canceling Headphones,North,23,179.46,4127.58,0,0
2023-08-29,Wireless Noise-Canceling Headphones,West,23,180.29,4146.67,0,0
2023-08-29,Wireless Noise-Canceling Headphones,South,21,178.42,3746.82,0,0
2023-08-29,Wireless Noise-Canceling Headphones,East,19,183.34,3483.46,0,0
2023-08-29,Smart Fitness Watch,North,26,222.11,5774.86,0,0
2023-08-29,Smart Fitness Watch,West,22,218.58,4808.76,0,0
2023-08-29,Smart Fitness Watch,South,17,220.38,3746.46,0,0
2023-08-29,Smart Fitness Watch,East,14,219.98,3079.72,0,0
2023-08-29,Ergonomic Office Chair,North,10,318.66,3186.6,0,0
2023-08-29,Ergonomic Office Chair,West,7,321.49,2250.43,0,0
2023-08-29,Ergonomic Office Chair,South,7,317.03,2219.21,0,0
2023-08-29,Ergonomic Office Chair,East,8,317.84,2542.72,0,0
2023-08-30,Laptop Pro 15,North,8,1220.83,9766.64,0,0
2023-08-30,Laptop Pro 15,West,5,1205.02,6025.1,0,0
2023-08-30,Laptop Pro 15,South,1,1222.83,1222.83,0,0
2023-08-30,Laptop Pro 15,East,3,1223.96,3671.88,0,0
2023-08-30,Smartphone Ultra,North,14,761.14,10655.96,0,0
2023-08-30,Smartphone Ultra,West,18,761.95,13715.1,0,0
2023-08-30,Smartphone Ultra,South,17,754.31,12823.27,0,0
2023-08-30,Smartphone Ultra,East,18,757.01,13626.18,0,0
2023-08-30,Wireless Noise-Canceling Headphones,North,20,180.68,3613.6,0,0
2023-08-30,Wireless Noise-Canceling Headphones,West,26,181.45,4717.7,0,0
2023-08-30,Wireless Noise-Canceling Headphones,South,24,176.95,4246.8,0,0
2023-08-30,Wireless Noise-Canceling Headphones,East,21,181.34,3808.14,0,0
2023-08-30,Smart Fitness Watch,North,19,222.78,4232.82,0,0
2023-08-30,Smart Fitness Watch,West,29,222.01,6438.29,0,0
2023-08-30,Smart Fitness Watch,South,16,222.96,3567.36,0,0
2023-08-30,Smart Fitness Watch,East,8,217.49,1739.92,0,0
2023-08-30,Ergonomic Office Chair,North,6,323.02,1938.12,0,0
2023-08-30,Ergonomic Office Chair,West,7,315.17,2206.19,0,0
2023-08-30,Ergonomic Office Chair,South,7,323.71,2265.97,0,0
2023-08-30,Ergonomic Office Chair,East,5,323.16,1615.8,0,0
2023-08-31,Laptop Pro 15,North,11,1178.88,12967.68,0,0
2023-08-31,Laptop Pro 15,West,6,1196.28,7177.68,0,0
2023-08-31,Laptop Pro 15,South,8,1218.76,9750.08,0,0
2023-08-31,Laptop Pro 15,East,7,1211.35,8479.45,0,0
2023-08-31,Smartphone Ultra,North,12,738.0,8856.0,0,0
2023-08-31,Smartphone Ultra,West,21,755.83,15872.43,0,0
2023-08-31,Smartphone Ultra,South,10,756.87,7568.7,0,0
2023-08-31,Smartphone Ultra,East,12,762.56,9150.72,0,0
2023-08-31,Wireless Noise-Canceling Headphones,North,26,179.71,4672.46,0,0
2023-08-31,Wireless Noise-Canceling Headphones,West,33,180.62,5960.46,0,0
2023-08-31,Wireless Noise-Canceling Headphones,South,18,180.89,3256.02,0,0
2023-08-31,Wireless Noise-Canceling Headphones,East,23,180.22,4145.06,0,0
2023-08-31,Smart Fitness Watch,North,22,220.01,4840.22,0,0
2023-08-31,Smart Fitness Watch,West,23,222.29,5112.67,0,0
2023-08-31,Smart Fitness Watch,South,18,217.52,3915.36,0,0
2023-08-31,Smart Fitness Watch,East,19,219.15,4163.85,0,0
2023-08-31,Ergonomic Office Chair,North,4,317.33,1269.32,0,0
2023-08-31,Ergonomic Office Chair,West,7,320.17,2241.19,0,0
2023-08-31,Ergonomic Office Chair,South,11,316.18,3477.98,0,0
2023-08-31,Ergonomic Office Chair,East,8,321.29,2570.32,0,0
2023-09-01,Laptop Pro 15,North,7,1182.0,8274.0,0,0
2023-09-01,Laptop Pro 15,West,7,1180.6,8264.2,0,0
2023-09-01,Laptop Pro 15,South,10,1216.47,12164.7,0,0
2023-09-01,Laptop Pro 15,East,2,1179.74,2359.48,0,0
2023-09-01,Smartphone Ultra,North,19,738.8,14037.2,0,0
2023-09-01,Smartphone Ultra,West,21,735.57,15446.97,0,0
2023-09-01,Smartphone Ultra,South,15,744.56,11168.4,0,0
2023-09-01,Smartphone Ultra,East,13,753.49,9795.37,0,0
2023-09-01,Wireless Noise-Canceling Headphones,North,44,179.8,7911.2,0,0
2023-09-01,Wireless Noise-Canceling Headphones,West,26,177.41,4612.66,0,0
2023-09-01,Wireless Noise-Canceling Headphones,South,27,181.14,4890.78,0,0
2023-09-01,Wireless Noise-Canceling Headphones,East,18,182.24,3280.32,0,0
2023-09-01,Smart Fitness Watch,North,24,221.85,5324.4,0,0
2023-09-01,Smart Fitness Watch,West,24,220.38,5289.12,0,0
2023-09-01,Smart Fitness Watch,South,24,221.29,5310.96,0,0
2023-09-01,Smart Fitness Watch,East,15,221.4,3321.0,0,0
2023-09-01,Ergonomic Office Chair,North,13,323.58,4206.54,0,0
2023-09-01,Ergonomic Office Chair,West,8,319.1,2552.8,0,0
2023-09-01,Ergonomic Office Chair,South,13,314.77,4092.01,0,0
2023-09-01,Ergonomic Office Chair,East,8,321.02,2568.16,0,0
2023-09-02,Laptop Pro 15,North,9,1191.13,10720.17,0,0
2023-09-02,Laptop Pro 15,West,8,1198.04,9584.32,0,0
2023-09-02,Laptop Pro 15,South,10,1178.88,11788.8,0,0
2023-09-02,Laptop Pro 15,East,6,1207.53,7245.18,0,0
2023-09-02,Smartphone Ultra,North,15,756.66,11349.9,0,0
2023-09-02,Smartphone Ultra,West,19,762.46,14486.74,0,0
2023-09-02,Smartphone Ultra,South,11,738.58,8124.38,0,0
2023-09-02,Smartphone Ultra,East,14,758.37,10617.18,0,0
2023-09-02,Wireless Noise-Canceling Headphones,North,37,179.52,6642.24,0,0
2023-09-02,Wireless Noise-Canceling Headphones,West,43,178.06,7656.58,0,0
2023-09-02,Wireless Noise-Canceling Headphones,South,41,176.93,7254.13,0,0
2023-09-02,Wireless Noise-Canceling Headphones,East,27,179.4,4843.8,0,0
2023-09-02,Smart Fitness Watch,North,31,218.74,6780.94,0,0
2023-09-02,Smart Fitness Watch,West,32,218.47,6991.04,0,0
2023-09-02,Smart Fitness Watch,South,26,220.81,5741.06,0,0
2023-09-02,Smart Fitness Watch,East,16,222.67,3562.72,0,0
2023-09-02,Ergonomic Office Chair,North,16,314.58,5033.28,0,0
2023-09-02,Ergonomic Office Chair,West,13,318.59,4141.67,0,0
2023-09-02,Ergonomic Office Chair,South,7,324.18,2269.26,0,0
2023-09-02,Ergonomic Office Chair,East,7,321.52,2250.64,0,0
2023-09-03,Laptop Pro 15,North,8,1196.48,9571.84,0,0
2023-09-03,Laptop Pro 15,West,5,1186.93,5934.65,0,0
2023-09-03,Laptop Pro 15,South,7,1217.42,8521.94,0,0
2023-09-03,Laptop Pro 15,East,12,1189.04,14268.48,0,0
2023-09-03,Smartphone Ultra,North,20,739.02,14780.4,0,0
2023-09-03,Smartphone Ultra,West,20,742.94,14858.8,0,0
2023-09-03,Smartphone Ultra,South,7,756.15,5293.05,0,0
2023-09-03,Smartphone Ultra,East,16,740.01,11840.16,0,0
2023-09-03,Wireless Noise-Canceling Headphones,North,34,182.14,6192.76,0,0
2023-09-03,Wireless Noise-Canceling Headphones,West,32,180.89,5788.48,0,0
2023-09-03,Wireless Noise-Canceling Headphones,South,22,177.17,3897.74,0,0
2023-09-03,Wireless Noise-Canceling Headphones,East,28,178.08,4986.24,0,0
2023-09-03,Smart Fitness Watch,North,34,221.75,7539.5,0,0
2023-09-03,Smart Fitness Watch,West,27,224.14,6051.78,0,0
2023-09-03,Smart Fitness Watch,South,24,219.17,5260.08,0,0
2023-09-03,Smart Fitness Watch,East,17,223.81,3804.77,0,0
2023-09-03,Ergonomic Office Chair,North,17,318.11,5407.87,0,0
2023-09-03,Ergonomic Office Chair,West,15,321.17,4817.55,0,0
2023-09-03,Ergonomic Office Chair,South,12,322.64,3871.68,0,0
2023-09-03,Ergonomic Office Chair,East,6,321.94,1931.64,0,0
2023-09-04,Laptop Pro 15,North,6,1177.47,7064.82,0,0
2023-09-04,Laptop Pro 15,West,7,1217.5,8522.5,0,0
2023-09-04,Laptop Pro 15,South,4,1219.31,4877.24,0,0
2023-09-04,Laptop Pro 15,East,7,1194.43,8361.01,0,0
2023-09-04,Smartphone Ultra,North,12,747.62,8971.44,0,0
2023-09-04,Smartphone Ultra,West,19,745.02,14155.38,0,0
2023-09-04,Smartphone Ultra,South,18,764.99,13769.82,0,0
2023-09-04,Smartphone Ultra,East,5,755.09,3775.45,0,0
2023-09-04,Wireless Noise-Canceling Headphones,North,21,179.59,3771.39,0,0
2023-09-04,Wireless Noise-Canceling Headphones,West,23,183.36,4217.28,0,0
2023-09-04,Wireless Noise-Canceling Headphones,South,20,180.26,3605.2,0,0
2023-09-04,Wireless Noise-Canceling Headphones,East,22,181.83,4000.26,0,0
2023-09-04,Smart Fitness Watch,North,22,219.09,4819.98,0,0
2023-09-04,Smart Fitness Watch,West,12,216.16,2593.92,0,0
2023-09-04,Smart Fitness Watch,South,13,219.67,2855.71,0,0
2023-09-04,Smart Fitness Watch,East,13,221.88,2884.44,0,0
2023-09-04,Ergonomic Office Chair,North,12,318.54,3822.48,0,0
2023-09-04,Ergonomic Office Chair,West,8,316.68,2533.44,0,0
2023-09-04,Ergonomic Office Chair,South,10,317.58,3175.8,0,0
2023-09-04,Ergonomic Office Chair,East,4,324.96,1299.84,0,0
2023-09-05,Laptop Pro 15,North,17,1192.03,20264.51,0,0
2023-09-05,Laptop Pro 15,West,11,1220.46,13425.06,0,0
2023-09-05,Laptop Pro 15,South,6,1197.86,7187.16,0,0
2023-09-05,Laptop Pro 15,East,7,1182.4,8276.8,0,0
2023-09-05,Smartphone Ultra,North,18,758.96,13661.28,0,0
2023-09-05,Smartphone Ultra,West,17,764.17,12990.89,0,0
2023-09-05,Smartphone Ultra,South,9,754.95,6794.55,0,0
2023-09-05,Smartphone Ultra,East,10,759.41,7594.1,0,0
2023-09-05,Wireless Noise-Canceling Headphones,North,29,180.29,5228.41,0,0
2023-09-05,Wireless Noise-Canceling Headphones,West,27,177.86,4802.22,0,0
2023-09-05,Wireless Noise-Canceling Headphones,South,31,181.3,5620.3,0,0
2023-09-05,Wireless Noise-Canceling Headphones,East,30,176.98,5309.4,0,0
2023-09-05,Smart Fitness Watch,North,22,222.47,4894.34,0,0
2023-09-05,Smart Fitness Watch,West,12,218.04,2616.48,0,0
2023-09-05,Smart Fitness Watch,South,24,223.51,5364.24,0,0
2023-09-05,Smart Fitness Watch,East,12,223.93,2687.16,0,0
2023-09-05,Ergonomic Office Chair,North,8,322.63,2581.04,0,0
2023-09-05,Ergonomic Office Chair,West,6,314.51,1887.06,0,0
2023-09-05,Ergonomic Office Chair,South,6,320.2,1921.2,0,0
2023-09-05,Ergonomic Office Chair,East,5,313.77,1568.85,0,0
2023-09-06,Laptop Pro 15,North,5,1177.24,5886.2,0,0
2023-09-06,Laptop Pro 15,West,6,1176.01,7056.06,0,0
2023-09-06,Laptop Pro 15,South,6,1196.35,7178.1,0,0
2023-09-06,Laptop Pro 15,East,3,1187.35,3562.05,0,0
2023-09-06,Smartphone Ultra,North,12,752.63,9031.56,0,0
2023-09-06,Smartphone Ultra,West,14,738.57,10339.98,0,0
2023-09-06,Smartphone Ultra,South,17,745.93,12680.81,0,0
2023-09-06,Smartphone Ultra,East,8,758.36,6066.88,0,0
2023-09-06,Wireless Noise-Canceling Headphones,North,26,177.94,4626.44,0,0
2023-09-06,Wireless Noise-Canceling Headphones,West,17,179.32,3048.44,0,0
2023-09-06,Wireless Noise-Canceling Headphones,South,32,182.0,5824.0,0,0
2023-09-06,Wireless Noise-Canceling Headphones,East,18,180.1,3241.8,0,0
2023-09-06,Smart Fitness Watch,North,13,223.32,2903.16,0,0
2023-09-06,Smart Fitness Watch,West,12,222.85,2674.2,0,0
2023-09-06,Smart Fitness Watch,South,14,221.81,3105.34,0,0
2023-09-06,Smart Fitness Watch,East,8,221.24,1769.92,0,0
2023-09-06,Ergonomic Office Chair,North,11,313.9,3452.9,0,0
2023-09-06,Ergonomic Office Chair,West,10,320.0,3200.0,0,0
2023-09-06,Ergonomic Office Chair,South,8,322.87,2582.96,0,0
2023-09-06,Ergonomic Office Chair,East,4,319.83,1279.32,0,0
2023-09-07,Laptop Pro 15,North,8,1209.97,9679.76,0,0
2023-09-07,Laptop Pro 15,West,4,1178.83,4715.32,0,0
2023-09-07,Laptop Pro 15,South,3,1183.65,3550.95,0,0
2023-09-07,Laptop Pro 15,East,8,1195.42,9563.36,0,0
2023-09-07,Smartphone Ultra,North,9,760.29,6842.61,0,0
2023-09-07,Smartphone Ultra,West,15,754.69,11320.35,0,0
2023-09-07,Smartphone Ultra,South,14,762.66,10677.24,0,0
2023-09-07,Smartphone Ultra,East,13,742.21,9648.73,0,0
2023-09-07,Wireless Noise-Canceling Headphones,North,28,182.42,5107.76,0,0
2023-09-07,Wireless Noise-Canceling Headphones,West,38,179.19,6809.22,0,0
2023-09-07,Wireless Noise-Canceling Headphones,South,21,182.94,3841.74,0,0
2023-09-07,Wireless Noise-Canceling Headphones,East,20,177.67,3553.4,0,0
2023-09-07,Smart Fitness Watch,North,21,220.52,4630.92,0,0
2023-09-07,Smart Fitness Watch,West,16,218.56,3496.96,0,0
2023-09-07,Smart Fitness Watch,South,18,220.97,3977.46,0,0
2023-09-07,Smart Fitness Watch,East,15,215.85,3237.75,0,0
2023-09-07,Ergonomic Office Chair,North,9,322.06,2898.54,0,0
2023-09-07,Ergonomic Office Chair,West,7,317.89,2225.23,0,0
2023-09-07,Ergonomic Office Chair,South,12,316.12,3793.44,0,0
2023-09-07,Ergonomic Office Chair,East,6,320.16,1920.96,0,0
2023-09-08,Laptop Pro 15,North,7,1181.37,8269.59,0,0
2023-09-08,Laptop Pro 15,West,7,1210.23,8471.61,0,0
2023-09-08,Laptop Pro 15,South,5,1192.04,5960.2,0,0
2023-09-08,Laptop Pro 15,East,10,1182.14,11821.4,0,0
2023-09-08,Smartphone Ultra,North,24,745.44,17890.56,0,0
2023-09-08,Smartphone Ultra,West,32,761.74,24375.68,0,0
2023-09-08,Smartphone Ultra,South,14,746.74,10454.36,0,0
2023-09-08,Smartphone Ultra,East,14,751.13,10515.82,0,0
2023-09-08,Wireless Noise-Canceling Headphones,North,39,178.94,6978.66,0,0
2023-09-08,Wireless Noise-Canceling Headphones,West,29,176.75,5125.75,0,0
2023-09-08,Wireless Noise-Canceling Headphones,South,27,182.84,4936.68,0,0
2023-09-08,Wireless Noise-Canceling Headphones,East,16,179.33,2869.28,0,0
2023-09-08,Smart Fitness Watch,North,31,221.28,6859.68,0,0
2023-09-08,Smart Fitness Watch,West,24,219.42,5266.08,0,0
2023-09-08,Smart Fitness Watch,South,18,220.92,3976.56,0,0
2023-09-08,Smart Fitness Watch,East,26,223.37,5807.62,0,0
2023-09-08,Ergonomic Office Chair,North,9,319.52,2875.68,0,0
2023-09-08,Ergonomic Office Chair,West,12,319.74,3836.88,0,0
2023-09-08,Ergonomic Office Chair,South,8,323.46,2587.68,0,0
2023-09-08,Ergonomic Office Chair,East,4,319.2,1276.8,0,0
2023-09-09,Laptop Pro 15,North,9,1218.08,10962.72,0,0
2023-09-09,Laptop Pro 15,West,7,1201.56,8410.92,0,0
2023-09-09,Laptop Pro 15,South,8,1220.04,9760.32,0,0
2023-09-09,Laptop Pro 15,East,7,1216.4,8514.8,0,0
2023-09-09,Smartphone Ultra,North,35,741.74,25960.9,0,0
2023-09-09,Smartphone Ultra,West,15,755.87,11338.05,0,0
2023-09-09,Smartphone Ultra,South,16,756.46,12103.36,0,0
2023-09-09,Smartphone Ultra,East,21,757.44,15906.24,0,0
2023-09-09,Wireless Noise-Canceling Headphones,North,35,177.75,6221.25,0,0
2023-09-09,Wireless Noise-Canceling Headphones,West,35,178.44,6245.4,0,0
2023-09-09,Wireless Noise-Canceling Headphones,South,35,176.93,6192.55,0,0
2023-09-09,Wireless Noise-Canceling Headphones,East,24,178.69,4288.56,0,0
2023-09-09,Smart Fitness Watch,North,27,215.68,5823.36,0,0
2023-09-09,Smart Fitness Watch,West,24,216.72,5201.28,0,0
2023-09-09,Smart Fitness Watch,South,36,220.24,7928.64,0,0
2023-09-09,Smart Fitness Watch,East,23,217.72,5007.56,0,0
2023-09-09,Ergonomic Office Chair,North,11,323.29,3556.19,0,0
2023-09-09,Ergonomic Office Chair,West,10,316.9,3169.0,0,0
2023-09-09,Ergonomic Office Chair,South,9,319.73,2877.57,0,0
2023-09-09,Ergonomic Office Chair,East,6,318.34,1910.04,0,0
2023-09-10,Laptop Pro 15,North,9,1189.09,10701.81,0,0
2023-09-10,Laptop Pro 15,West,8,1195.89,9567.12,0,0
2023-09-10,Laptop Pro 15,South,7,1209.9,8469.3,0,0
2023-09-10,Laptop Pro 15,East,7,1181.97,8273.79,0,0
2023-09-10,Smartphone Ultra,North,32,735.81,23545.92,0,0
2023-09-10,Smartphone Ultra,West,24,764.18,18340.32,0,0
2023-09-10,Smartphone Ultra,South,24,756.6,18158.4,0,0
2023-09-10,Smartphone Ultra,East,16,755.96,12095.36,0,0
2023-09-10,Wireless Noise-Canceling Headphones,North,40,181.06,7242.4,0,0
2023-09-10,Wireless Noise-Canceling Headphones,West,40,178.91,7156.4,0,0
2023-09-10,Wireless Noise-Canceling Headphones,South,34,182.54,6206.36,0,0
2023-09-10,Wireless Noise-Canceling Headphones,East,20,180.86,3617.2,0,0
2023-09-10,Smart Fitness Watch,North,27,222.72,6013.44,0,0
2023-09-10,Smart Fitness Watch,West,17,215.94,3670.98,0,0
2023-09-10,Smart Fitness Watch,South,19,222.82,4233.58,0,0
2023-09-10,Smart Fitness Watch,East,15,221.54,3323.1,0,0
2023-09-10,Ergonomic Office Chair,North,10,319.29,3192.9,0,0
2023-09-10,Ergonomic Office Chair,West,16,316.25,5060.0,0,0
2023-09-10,Ergonomic Office Chair,South,14,314.93,4409.02,0,0
2023-09-10,Ergonomic Office Chair,East,5,313.99,1569.95,0,0
2023-09-11,Laptop Pro 15,North,9,1176.06,10584.54,0,0
2023-09-11,Laptop Pro 15,West,7,1215.39,8507.73,0,0
2023-09-11,Laptop Pro 15,South,8,1202.89,9623.12,0,0
2023-09-11,Laptop Pro 15,East,5,1209.15,6045.75,0,0
2023-09-11,Smartphone Ultra,North,19,757.86,14399.34,0,0
2023-09-11,Smartphone Ultra,West,12,746.84,8962.08,0,0
2023-09-11,Smartphone Ultra,South,12,740.08,8880.96,0,0
2023-09-11,Smartphone Ultra,East,9,749.19,6742.71,0,0
2023-09-11,Wireless Noise-Canceling Headphones,North,34,181.66,6176.44,0,0
2023-09-11,Wireless Noise-Canceling Headphones,West,24,181.27,4350.48,0,0
2023-09-11,Wireless Noise-Canceling Headphones,South,26,180.84,4701.84,0,0
2023-09-11,Wireless Noise-Canceling Headphones,East,15,180.92,2713.8,0,0
2023-09-11,Smart Fitness Watch,North,25,218.22,5455.5,0,0
2023-09-11,Smart Fitness Watch,West,12,216.42,2597.04,0,0
2023-09-11,Smart Fitness Watch,South,14,223.58,3130.12,0,0
2023-09-11,Smart Fitness Watch,East,17,222.65,3785.05,0,0
2023-09-11,Ergonomic Office Chair,North,6,322.69,1936.14,0,0
2023-09-11,Ergonomic Office Chair,West,15,313.93,4708.95,0,0
2023-09-11,Ergonomic Office Chair,South,9,326.4,2937.6,0,0
2023-09-11,Ergonomic Office Chair,East,7,317.4,2221.8,0,0
2023-09-12,Laptop Pro 15,North,4,1212.06,4848.24,0,0
2023-09-12,Laptop Pro 15,West,3,1193.4,3580.2,0,0
2023-09-12,Laptop Pro 15,South,7,1185.22,8296.54,0,0
2023-09-12,Laptop Pro 15,East,5,1203.64,6018.2,0,0
2023-09-12,Smartphone Ultra,North,18,757.09,13627.62,0,0
2023-09-12,Smartphone Ultra,West,17,757.38,12875.46,0,0
2023-09-12,Smartphone Ultra,South,9,755.66,6800.94,0,0
2023-09-12,Smartphone Ultra,East,16,764.4,12230.4,0,0
2023-09-12,Wireless Noise-Canceling Headphones,North,24,179.13,4299.12,0,0
2023-09-12,Wireless Noise-Canceling Headphones,West,37,179.79,6652.23,0,0
2023-09-12,Wireless Noise-Canceling Headphones,South,19,182.57,3468.83,0,0
2023-09-12,Wireless Noise-Canceling Headphones,East,17,182.96,3110.32,0,0
2023-09-12,Smart Fitness Watch,North,13,217.85,2832.05,0,0
2023-09-12,Smart Fitness Watch,West,15,221.81,3327.15,0,0
2023-09-12,Smart Fitness Watch,South,16,223.6,3577.6,0,0
2023-09-12,Smart Fitness Watch,East,17,219.97,3739.49,0,0
2023-09-12,Ergonomic Office Chair,North,7,317.08,2219.56,0,0
2023-09-12,Ergonomic Office Chair,West,5,319.63,1598.15,0,0
2023-09-12,Ergonomic Office Chair,South,12,317.62,3811.44,0,0
2023-09-12,Ergonomic Office Chair,East,9,324.03,2916.27,0,0
2023-09-13,Laptop Pro 15,North,7,1177.66,8243.62,0,0
2023-09-13,Laptop Pro 15,West,7,1221.47,8550.29,0,0
2023-09-13,Laptop Pro 15,South,7,1197.85,8384.95,0,0
2023-09-13,Laptop Pro 15,East,9,1191.59,10724.31,0,0
2023-09-13,Smartphone Ultra,North,15,764.97,11474.55,0,0
2023-09-13,Smartphone Ultra,West,20,735.31,14706.2,0,0
2023-09-13,Smartphone Ultra,South,16,753.99,12063.84,0,0
2023-09-13,Smartphone Ultra,East,13,763.33,9923.29,0,0
2023-09-13,Wireless Noise-Canceling Headphones,North,27,181.26,4894.02,0,0
2023-09-13,Wireless Noise-Canceling Headphones,West,22,181.65,3996.3,0,0
2023-09-13,Wireless Noise-Canceling Headphones,South,20,178.18,3563.6,0,0
2023-09-13,Wireless Noise-Canceling Headphones,East,21,178.78,3754.38,0,0
2023-09-13,Smart Fitness Watch,North,22,216.43,4761.46,0,0
2023-09-13,Smart Fitness Watch,West,23,216.68,4983.64,0,0
2023-09-13,Smart Fitness Watch,South,18,222.83,4010.94,0,0
2023-09-13,Smart Fitness Watch,East,5,220.18,1100.9,0,0
2023-09-13,Ergonomic Office Chair,North,10,326.26,3262.6,0,0
2023-09-13,Ergonomic Office Chair,West,10,316.27,3162.7,0,0
2023-09-13,Ergonomic Office Chair,South,5,320.97,1604.85,0,0
2023-09-13,Ergonomic Office Chair,East,5,321.54,1607.7,0,0
2023-09-14,Laptop Pro 15,North,5,1208.69,6043.45,0,0
2023-09-14,Laptop Pro 15,West,11,1196.65,13163.15,0,0
2023-09-14,Laptop Pro 15,South,2,1200.48,2400.96,0,0
2023-09-14,Laptop Pro 15,East,5,1205.45,6027.25,0,0
2023-09-14,Smartphone Ultra,North,13,736.51,9574.63,0,0
2023-09-14,Smartphone Ultra,West,15,758.52,11377.8,0,0
2023-09-14,Smartphone Ultra,South,15,763.89,11458.35,0,0
2023-09-14,Smartphone Ultra,East,10,743.53,7435.3,0,0
2023-09-14,Wireless Noise-Canceling Headphones,North,32,177.35,5675.2,0,0
2023-09-14,Wireless Noise-Canceling Headphones,West,20,178.11,3562.2,0,0
2023-09-14,Wireless Noise-Canceling Headphones,South,17,182.18,3097.06,0,0
2023-09-14,Wireless Noise-Canceling Headphones,East,17,182.4,3100.8,0,0
2023-09-14,Smart Fitness Watch,North,15,224.0,3360.0,0,0
2023-09-14,Smart Fitness Watch,West,25,218.42,5460.5,0,0
2023-09-14,Smart Fitness Watch,South,19,217.66,4135.54,0,0
2023-09-14,Smart Fitness Watch,East,11,219.23,2411.53,0,0
2023-09-14,Ergonomic Office Chair,North,10,326.3,3263.0,0,0
2023-09-14,Ergonomic Office Chair,West,9,323.71,2913.39,0,0
2023-09-14,Ergonomic Office Chair,South,4,326.22,1304.88,0,0
2023-09-14,Ergonomic Office Chair,East,3,314.08,942.24,0,0
2023-09-15,Laptop Pro 15,North,12,1063.62,12763.44,1,0
2023-09-15,Laptop Pro 15,West,7,1070.23,7491.61,1,0
2023-09-15,Laptop Pro 15,South,8,1037.61,8300.88,1,0
2023-09-15,Laptop Pro 15,East,8,1092.68,8741.44,1,0
2023-09-15,Smartphone Ultra,North,19,655.11,12447.09,1,0
2023-09-15,Smartphone Ultra,West,22,665.61,14643.42,1,0
2023-09-15,Smartphone Ultra,South,18,689.44,12409.92,1,0
2023-09-15,Smartphone Ultra,East,19,648.78,12326.82,1,0
2023-09-15,Wireless Noise-Canceling Headphones,North,43,157.23,6760.89,1,0
2023-09-15,Wireless Noise-Canceling Headphones,West,45,157.12,7070.4,1,0
2023-09-15,Wireless Noise-Canceling Headphones,South,34,157.4,5351.6,1,0
2023-09-15,Wireless Noise-Canceling Headphones,East,33,161.78,5338.74,1,0
2023-09-15,Smart Fitness Watch,North,42,190.73,8010.66,1,0
2023-09-15,Smart Fitness Watch,West,37,196.85,7283.45,1,0
2023-09-15,Smart Fitness Watch,South,20,194.91,3898.2,1,0
2023-09-15,Smart Fitness Watch,East,17,193.88,3295.96,1,0
2023-09-15,Ergonomic Office Chair,North,12,283.02,3396.24,1,0
2023-09-15,Ergonomic Office Chair,West,16,290.43,4646.88,1,0
2023-09-15,Ergonomic Office Chair,South,11,278.21,3060.31,1,0
2023-09-15,Ergonomic Office Chair,East,13,284.37,3696.81,1,0
2023-09-16,Laptop Pro 15,North,11,1052.16,11573.76,1,0
2023-09-16,Laptop Pro 15,West,9,1077.49,9697.41,1,0
2023-09-16,Laptop Pro 15,South,15,1039.62,15594.3,1,0
2023-09-16,Laptop Pro 15,East,7,1069.42,7485.94,1,0
2023-09-16,Smartphone Ultra,North,31,659.98,20459.38,1,0
2023-09-16,Smartphone Ultra,West,35,650.54,22768.9,1,0
2023-09-16,Smartphone Ultra,South,29,688.63,19970.27,1,0
2023-09-16,Smartphone Ultra,East,21,689.37,14476.77,1,0
2023-09-16,Wireless Noise-Canceling Headphones,North,46,154.69,7115.74,1,0
2023-09-16,Wireless Noise-Canceling Headphones,West,54,154.6,8348.4,1,0
2023-09-16,Wireless Noise-Canceling Headphones,South,49,161.75,7925.75,1,0
2023-09-16,Wireless Noise-Canceling Headphones,East,36,153.27,5517.72,1,0
2023-09-16,Smart Fitness Watch,North,44,201.16,8851.04,1,0
2023-09-16,Smart Fitness Watch,West,42,191.06,8024.52,1,0
2023-09-16,Smart Fitness Watch,South,43,192.03,8257.29,1,0
2023-09-16,Smart Fitness Watch,East,40,195.2,7808.0,1,0
2023-09-16,Ergonomic Office Chair,North,14,276.57,3871.98,1,0
2023-09-16,Ergonomic Office Chair,West,14,275.54,3857.56,1,0
2023-09-16,Ergonomic Office Chair,South,24,286.29,6870.96,1,0
2023-09-16,Ergonomic Office Chair,East,21,272.13,5714.73,1,0
2023-09-17,Laptop Pro 15,North,8,1192.95,9543.6,0,0
2023-09-17,Laptop Pro 15,West,14,1187.76,16628.64,0,0
2023-09-17,Laptop Pro 15,South,3,1180.18,3540.54,0,0
2023-09-17,Laptop Pro 15,East,6,1190.52,7143.12,0,0
2023-09-17,Smartphone Ultra,North,22,762.46,16774.12,0,0
2023-09-17,Smartphone Ultra,West,10,759.26,7592.6,0,0
2023-09-17,Smartphone Ultra,South,24,764.21,18341.04,0,0
2023-09-17,Smartphone Ultra,East,18,748.68,13476.24,0,0
2023-09-17,Wireless Noise-Canceling Headphones,North,35,178.5,6247.5,0,0
2023-09-17,Wireless Noise-Canceling Headphones,West,39,179.02,6981.78,0,0
2023-09-17,Wireless Noise-Canceling Headphones,South,30,181.04,5431.2,0,0
2023-09-17,Wireless Noise-Canceling Headphones,East,31,180.62,5599.22,0,0
2023-09-17,Smart Fitness Watch,North,27,217.05,5860.35,0,0
2023-09-17,Smart Fitness Watch,West,23,223.43,5138.89,0,0
2023-09-17,Smart Fitness Watch,South,16,219.29,3508.64,0,0
2023-09-17,Smart Fitness Watch,East,21,223.0,4683.0,0,0
2023-09-17,Ergonomic Office Chair,North,14,325.75,4560.5,0,0
2023-09-17,Ergonomic Office Chair,West,11,325.4,3579.4,0,0
2023-09-17,Ergonomic Office Chair,South,10,318.43,3184.3,0,0
2023-09-17,Ergonomic Office Chair,East,6,321.36,1928.16,0,0
2023-09-18,Laptop Pro 15,North,4,1219.12,4876.48,0,0
2023-09-18,Laptop Pro 15,West,9,1184.44,10659.96,0,0
2023-09-18,Laptop Pro 15,South,4,1222.33,4889.32,0,0
2023-09-18,Laptop Pro 15,East,4,1198.43,4793.72,0,0
2023-09-18,Smartphone Ultra,North,18,762.57,13726.26,0,0
2023-09-18,Smartphone Ultra,West,13,738.37,9598.81,0,0
2023-09-18,Smartphone Ultra,South,13,741.74,9642.62,0,0
2023-09-18,Smartphone Ultra,East,13,738.08,9595.04,0,0
2023-09-18,Wireless Noise-Canceling Headphones,North,29,177.22,5139.38,0,0
2023-09-18,Wireless Noise-Canceling Headphones,West,36,177.26,6381.36,0,0
2023-09-18,Wireless Noise-Canceling Headphones,South,19,177.05,3363.95,0,0
2023-09-18,Wireless Noise-Canceling Headphones,East,24,179.2,4300.8,0,0
2023-09-18,Smart Fitness Watch,North,31,217.07,6729.17,0,0
2023-09-18,Smart Fitness Watch,West,17,219.99,3739.83,0,0
2023-09-18,Smart Fitness Watch,South,15,221.49,3322.35,0,0
2023-09-18,Smart Fitness Watch,East,18,217.41,3913.38,0,0
2023-09-18,Ergonomic Office Chair,North,7,326.13,2282.91,0,0
2023-09-18,Ergonomic Office Chair,West,10,314.41,3144.1,0,0
2023-09-18,Ergonomic Office Chair,South,9,318.29,2864.61,0,0
2023-09-18,Ergonomic Office Chair,East,4,322.84,1291.36,0,0
2023-09-19,Laptop Pro 15,North,8,1211.23,9689.84,0,0
2023-09-19,Laptop Pro 15,West,8,1187.16,9497.28,0,0
2023-09-19,Laptop Pro 15,South,10,1215.87,12158.7,0,0
2023-09-19,Laptop Pro 15,East,2,1209.58,2419.16,0,0
2023-09-19,Smartphone Ultra,North,19,737.82,14018.58,0,0
2023-09-19,Smartphone Ultra,West,14,763.85,10693.9,0,0
2023-09-19,Smartphone Ultra,South,11,752.22,8274.42,0,0
2023-09-19,Smartphone Ultra,East,15,761.92,11428.8,0,0
2023-09-19,Wireless Noise-Canceling Headphones,North,24,177.55,4261.2,0,0
2023-09-19,Wireless Noise-Canceling Headphones,West,33,182.14,6010.62,0,0
2023-09-19,Wireless Noise-Canceling Headphones,South,24,182.21,4373.04,0,0
2023-09-19,Wireless Noise-Canceling Headphones,East,19,177.12,3365.28,0,0
2023-09-19,Smart Fitness Watch,North,23,223.51,5140.73,0,0
2023-09-19,Smart Fitness Watch,West,16,219.41,3510.56,0,0
2023-09-19,Smart Fitness Watch,South,16,216.78,3468.48,0,0
2023-09-19,Smart Fitness Watch,East,13,216.31,2812.03,0,0
2023-09-19,Ergonomic Office Chair,North,16,324.17,5186.72,0,0
2023-09-19,Ergonomic Office Chair,West,10,321.02,3210.2,0,0
2023-09-19,Ergonomic Office Chair,South,7,325.84,2280.88,0,0
2023-09-19,Ergonomic Office Chair,East,6,319.99,1919.94,0,0
2023-09-20,Laptop Pro 15,North,5,1194.12,5970.6,0,0
2023-09-20,Laptop Pro 15,West,7,1216.01,8512.07,0,0
2023-09-20,Laptop Pro 15,South,3,1216.02,3648.06,0,0
2023-09-20,Laptop Pro 15,East,7,1209.87,8469.09,0,0
2023-09-20,Smartphone Ultra,North,30,737.81,22134.3,0,0
2023-09-20,Smartphone Ultra,West,11,743.72,8180.92,0,0
2023-09-20,Smartphone Ultra,South,18,749.54,13491.72,0,0
2023-09-20,Smartphone Ultra,East,14,745.6,10438.4,0,0
2023-09-20,Wireless Noise-Canceling Headphones,North,33,176.5,5824.5,0,0
2023-09-20,Wireless Noise-Canceling Headphones,West,21,178.93,3757.53,0,0
2023-09-20,Wireless Noise-Canceling Headphones,South,21,182.36,3829.56,0,0
2023-09-20,Wireless Noise-Canceling Headphones,East,15,179.05,2685.75,0,0
2023-09-20,Smart Fitness Watch,North,21,223.46,4692.66,0,0
2023-09-20,Smart Fitness Watch,West,15,221.12,3316.8,0,0
2023-09-20,Smart Fitness Watch,South,16,216.63,3466.08,0,0
2023-09-20,Smart Fitness Watch,East,15,224.38,3365.7,0,0
2023-09-20,Ergonomic Office Chair,North,11,315.91,3475.01,0,0
2023-09-20,Ergonomic Office Chair,West,6,315.0,1890.0,0,0
2023-09-20,Ergonomic Office Chair,South,11,320.73,3528.03,0,0
2023-09-20,Ergonomic Office Chair,East,9,326.13,2935.17,0,0
2023-09-21,Laptop Pro 15,North,7,1203.08,8421.56,0,0
2023-09-21,Laptop Pro 15,West,8,1189.44,9515.52,0,0
2023-09-21,Laptop Pro 15,South,7,1207.83,8454.81,0,0
2023-09-21,Laptop Pro 15,East,5,1183.96,5919.8,0,0
2023-09-21,Smartphone Ultra,North,17,736.34,12517.78,0,0
2023-09-21,Smartphone Ultra,West,13,750.61,9757.93,0,0
2023-09-21,Smartphone Ultra,South,15,759.82,11397.3,0,0
2023-09-21,Smartphone Ultra,East,14,762.47,10674.58,0,0
2023-09-21,Wireless Noise-Canceling Headphones,North,27,181.16,4891.32,0,0
2023-09-21,Wireless Noise-Canceling Headphones,West,29,178.87,5187.23,0,0
2023-09-21,Wireless Noise-Canceling Headphones,South,22,181.51,3993.22,0,0
2023-09-21,Wireless Noise-Canceling Headphones,East,22,179.26,3943.72,0,0
2023-09-21,Smart Fitness Watch,North,19,216.35,4110.65,0,0
2023-09-21,Smart Fitness Watch,West,17,220.42,3747.14,0,0
2023-09-21,Smart Fitness Watch,South,21,223.91,4702.11,0,0
2023-09-21,Smart Fitness Watch,East,20,220.87,4417.4,0,0
2023-09-21,Ergonomic Office Chair,North,12,325.27,3903.24,0,0
2023-09-21,Ergonomic Office Chair,West,11,322.48,3547.28,0,0
2023-09-21,Ergonomic Office Chair,South,3,320.2,960.6,0,0
2023-09-21,Ergonomic Office Chair,East,7,324.46,2271.22,0,0
2023-09-22,Laptop Pro 15,North,6,1205.09,7230.54,0,0
2023-09-22,Laptop Pro 15,West,8,1196.14,9569.12,0,0
2023-09-22,Laptop Pro 15,South,4,1196.33,4785.32,0,0
2023-09-22,Laptop Pro 15,East,3,1210.06,3630.18,0,0
2023-09-22,Smartphone Ultra,North,21,752.15,15795.15,0,0
2023-09-22,Smartphone Ultra,West,19,737.92,14020.48,0,0
2023-09-22,Smartphone Ultra,South,22,755.93,16630.46,0,0
2023-09-22,Smartphone Ultra,East,13,752.53,9782.89,0,0
2023-09-22,Wireless Noise-Canceling Headphones,North,30,177.03,5310.9,0,0
2023-09-22,Wireless Noise-Canceling Headphones,West,36,181.44,6531.84,0,0
2023-09-22,Wireless Noise-Canceling Headphones,South,36,180.44,6495.84,0,0
2023-09-22,Wireless Noise-Canceling Headphones,East,17,180.96,3076.32,0,0
2023-09-22,Smart Fitness Watch,North,29,216.29,6272.41,0,0
2023-09-22,Smart Fitness Watch,West,14,220.91,3092.74,0,0
2023-09-22,Smart Fitness Watch,South,27,216.2,5837.4,0,0
2023-09-22,Smart Fitness Watch,East,13,222.44,2891.72,0,0
2023-09-22,Ergonomic Office Chair,North,10,316.6,3166.0,0,0
2023-09-22,Ergonomic Office Chair,West,5,322.58,1612.9,0,0
2023-09-22,Ergonomic Office Chair,South,7,316.0,2212.0,0,0
2023-09-22,Ergonomic Office Chair,East,8,319.35,2554.8,0,0
2023-09-23,Laptop Pro 15,North,9,1211.33,10901.97,0,0
2023-09-23,Laptop Pro 15,West,12,1195.69,14348.28,0,0
2023-09-23,Laptop Pro 15,South,8,1206.02,9648.16,0,0
2023-09-23,Laptop Pro 15,East,5,1184.74,5923.7,0,0
2023-09-23,Smartphone Ultra,North,24,744.32,17863.68,0,0
2023-09-23,Smartphone Ultra,West,27,739.5,19966.5,0,0
2023-09-23,Smartphone Ultra,South,18,746.8,13442.4,0,0
2023-09-23,Smartphone Ultra,East,16,763.11,12209.76,0,0
2023-09-23,Wireless Noise-Canceling Headphones,North,40,181.88,7275.2,0,0
2023-09-23,Wireless Noise-Canceling Headphones,West,41,176.42,7233.22,0,0
2023-09-23,Wireless Noise-Canceling Headphones,South,34,177.25,6026.5,0,0
2023-09-23,Wireless Noise-Canceling Headphones,East,26,183.32,4766.32,0,0
2023-09-23,Smart Fitness Watch,North,27,223.09,6023.43,0,0
2023-09-23,Smart Fitness Watch,West,25,218.08,5452.0,0,0
2023-09-23,Smart Fitness Watch,South,31,218.5,6773.5,0,0
2023-09-23,Smart Fitness Watch,East,19,223.85,4253.15,0,0
2023-09-23,Ergonomic Office Chair,North,12,315.67,3788.04,0,0
2023-09-23,Ergonomic Office Chair,West,12,319.85,3838.2,0,0
2023-09-23,Ergonomic Office Chair,South,14,324.7,4545.8,0,0
2023-09-23,Ergonomic Office Chair,East,8,317.35,2538.8,0,0
2023-09-24,Laptop Pro 15,North,6,1187.21,7123.26,0,0
2023-09-24,Laptop Pro 15,West,14,1194.62,16724.68,0,0
2023-09-24,Laptop Pro 15,South,15,1199.84,17997.6,0,0
2023-09-24,Laptop Pro 15,East,8,1193.61,9548.88,0,0
2023-09-24,Smartphone Ultra,North,20,745.73,14914.6,0,0
2023-09-24,Smartphone Ultra,West,22,759.06,16699.32,0,0
2023-09-24,Smartphone Ultra,South,15,738.9,11083.5,0,0
2023-09-24,Smartphone Ultra,East,9,740.67,6666.03,0,0
2023-09-24,Wireless Noise-Canceling Headphones,North,40,176.78,7071.2,0,0
2023-09-24,Wireless Noise-Canceling Headphones,West,29,181.21,5255.09,0,0
2023-09-24,Wireless Noise-Canceling Headphones,South,35,180.96,6333.6,0,0
2023-09-24,Wireless Noise-Canceling Headphones,East,26,182.17,4736.42,0,0
2023-09-24,Smart Fitness Watch,North,26,223.29,5805.54,0,0
2023-09-24,Smart Fitness Watch,West,23,221.82,5101.86,0,0
2023-09-24,Smart Fitness Watch,South,26,217.22,5647.72,0,0
2023-09-24,Smart Fitness Watch,East,18,220.36,3966.48,0,0
2023-09-24,Ergonomic Office Chair,North,10,313.6,3136.0,0,0
2023-09-24,Ergonomic Office Chair,West,5,325.86,1629.3,0,0
2023-09-24,Ergonomic Office Chair,South,9,317.52,2857.68,0,0
2023-09-24,Ergonomic Office Chair,East,5,314.77,1573.85,0,0
2023-09-25,Laptop Pro 15,North,6,1197.27,7183.62,0,0
2023-09-25,Laptop Pro 15,West,7,1200.04,8400.28,0,0
2023-09-25,Laptop Pro 15,South,5,1191.17,5955.85,0,0
2023-09-25,Laptop Pro 15,East,4,1177.88,4711.52,0,0
2023-09-25,Smartphone Ultra,North,13,761.06,9893.78,0,0
2023-09-25,Smartphone Ultra,West,10,735.72,7357.2,0,0
2023-09-25,Smartphone Ultra,South,5,759.02,3795.1,0,0
2023-09-25,Smartphone Ultra,East,10,758.64,7586.4,0,0
2023-09-25,Wireless Noise-Canceling Headphones,North,29,176.48,5117.92,0,0
2023-09-25,Wireless Noise-Canceling Headphones,West,29,181.91,5275.39,0,0
2023-09-25,Wireless Noise-Canceling Headphones,South,20,181.05,3621.0,0,0
2023-09-25,Wireless Noise-Canceling Headphones,East,22,178.32,3923.04,0,0
2023-09-25,Smart Fitness Watch,North,27,217.2,5864.4,0,0
2023-09-25,Smart Fitness Watch,West,21,218.75,4593.75,0,0
2023-09-25,Smart Fitness Watch,South,19,216.17,4107.23,0,0
2023-09-25,Smart Fitness Watch,East,16,224.33,3589.28,0,0
2023-09-25,Ergonomic Office Chair,North,3,321.46,964.38,0,0
2023-09-25,Ergonomic Office Chair,West,7,321.73,2252.11,0,0
2023-09-25,Ergonomic Office Chair,South,7,318.33,2228.31,0,0
2023-09-25,Ergonomic Office Chair,East,5,326.28,1631.4,0,0
2023-09-26,Laptop Pro 15,North,9,1209.87,10888.83,0,0
2023-09-26,Laptop Pro 15,West,7,1178.39,8248.73,0,0
2023-09-26,Laptop Pro 15,South,2,1207.74,2415.48,0,0
2023-09-26,Laptop Pro 15,East,8,1178.82,9430.56,0,0
2023-09-26,Smartphone Ultra,North,19,743.5,14126.5,0,0
2023-09-26,Smartphone Ultra,West,17,763.8,12984.6,0,0
2023-09-26,Smartphone Ultra,South,8,736.32,5890.56,0,0
2023-09-26,Smartphone Ultra,East,11,757.34,8330.74,0,0
2023-09-26,Wireless Noise-Canceling Headphones,North,37,180.93,6694.41,0,0
2023-09-26,Wireless Noise-Canceling Headphones,West,15,178.51,2677.65,0,0
2023-09-26,Wireless Noise-Canceling Headphones,South,19,177.34,3369.46,0,0
2023-09-26,Wireless Noise-Canceling Headphones,East,26,181.52,4719.52,0,0
2023-09-26,Smart Fitness Watch,North,22,218.55,4808.1,0,0
2023-09-26,Smart Fitness Watch,West,23,223.81,5147.63,0,0
2023-09-26,Smart Fitness Watch,South,14,218.38,3057.32,0,0
2023-09-26,Smart Fitness Watch,East,18,219.61,3952.98,0,0
2023-09-26,Ergonomic Office Chair,North,8,320.19,2561.52,0,0
2023-09-26,Ergonomic Office Chair,West,4,318.07,1272.28,0,0
2023-09-26,Ergonomic Office Chair,South,6,317.87,1907.22,0,0
2023-09-26,Ergonomic Office Chair,East,7,315.94,2211.58,0,0
2023-09-27,Laptop Pro 15,North,3,1220.88,3662.64,0,0
2023-09-27,Laptop Pro 15,West,6,1197.13,7182.78,0,0
2023-09-27,Laptop Pro 15,South,6,1176.72,7060.32,0,0
2023-09-27,Laptop Pro 15,East,6,1218.46,7310.76,0,0
2023-09-27,Smartphone Ultra,North,19,755.51,14354.69,0,0
2023-09-27,Smartphone Ultra,West,10,740.07,7400.7,0,0
2023-09-27,Smartphone Ultra,South,5,739.52,3697.6,0,0
2023-09-27,Smartphone Ultra,East,13,739.46,9612.98,0,0
2023-09-27,Wireless Noise-Canceling Headphones,North,29,182.44,5290.76,0,0
2023-09-27,Wireless Noise-Canceling Headphones,West,31,181.59,5629.29,0,0
2023-09-27,Wireless Noise-Canceling Headphones,South,20,180.34,3606.8,0,0
2023-09-27,Wireless Noise-Canceling Headphones,East,22,176.83,3890.26,0,0
2023-09-27,Smart Fitness Watch,North,22,223.04,4906.88,0,0
2023-09-27,Smart Fitness Watch,West,23,218.41,5023.43,0,0
2023-09-27,Smart Fitness Watch,South,13,218.12,2835.56,0,0
2023-09-27,Smart Fitness Watch,East,13,217.09,2822.17,0,0
2023-09-27,Ergonomic Office Chair,North,11,324.87,3573.57,0,0
2023-09-27,Ergonomic Office Chair,West,18,317.5,5715.0,0,0
2023-09-27,Ergonomic Office Chair,South,11,318.1,3499.1,0,0
2023-09-27,Ergonomic Office Chair,East,6,326.12,1956.72,0,0
2023-09-28,Laptop Pro 15,North,11,1193.74,13131.14,0,0
2023-09-28,Laptop Pro 15,West,5,1205.85,6029.25,0,0
2023-09-28,Laptop Pro 15,South,7,1204.51,8431.57,0,0
2023-09-28,Laptop Pro 15,East,3,1190.66,3571.98,0,0
2023-09-28,Smartphone Ultra,North,15,764.75,11471.25,0,0
2023-09-28,Smartphone Ultra,West,14,739.33,10350.62,0,0
2023-09-28,Smartphone Ultra,South,17,742.81,12627.77,0,0
2023-09-28,Smartphone Ultra,East,8,737.23,5897.84,0,0
2023-09-28,Wireless Noise-Canceling Headphones,North,27,181.02,4887.54,0,0
2023-09-28,Wireless Noise-Canceling Headphones,West,32,180.07,5762.24,0,0
2023-09-28,Wireless Noise-Canceling Headphones,South,26,178.9,4651.4,0,0
2023-09-28,Wireless Noise-Canceling Headphones,East,18,180.35,3246.3,0,0
2023-09-28,Smart Fitness Watch,North,19,219.17,4164.23,0,0
2023-09-28,Smart Fitness Watch,West,25,220.64,5516.0,0,0
2023-09-28,Smart Fitness Watch,South,18,219.3,3947.4,0,0
2023-09-28,Smart Fitness Watch,East,18,223.27,4018.86,0,0
2023-09-28,Ergonomic Office Chair,North,12,324.48,3893.76,0,0
2023-09-28,Ergonomic Office Chair,West,7,319.07,2233.49,0,0
2023-09-28,Ergonomic Office Chair,South,5,321.79,1608.95,0,0
2023-09-28,Ergonomic Office Chair,East,9,323.58,2912.22,0,0
2023-09-29,Laptop Pro 15,North,9,1188.09,10692.81,0,0
2023-09-29,Laptop Pro 15,West,12,1203.97,14447.64,0,0
2023-09-29,Laptop Pro 15,South,13,1211.36,15747.68,0,0
2023-09-29,Laptop Pro 15,East,6,1204.86,7229.16,0,0
2023-09-29,Smartphone Ultra,North,20,738.88,14777.6,0,0
2023-09-29,Smartphone Ultra,West,20,761.21,15224.2,0,0
2023-09-29,Smartphone Ultra,South,20,735.48,14709.6,0,0
2023-09-29,Smartphone Ultra,East,12,755.23,9062.76,0,0
2023-09-29,Wireless Noise-Canceling Headphones,North,36,179.77,6471.72,0,0
2023-09-29,Wireless Noise-Canceling Headphones,West,35,181.26,6344.1,0,0
2023-09-29,Wireless Noise-Canceling Headphones,South,33,180.84,5967.72,0,0
2023-09-29,Wireless Noise-Canceling Headphones,East,22,182.29,4010.38,0,0
2023-09-29,Smart Fitness Watch,North,26,219.11,5696.86,0,0
2023-09-29,Smart Fitness Watch,West,20,223.88,4477.6,0,0
2023-09-29,Smart Fitness Watch,South,19,221.65,4211.35,0,0
2023-09-29,Smart Fitness Watch,East,22,220.55,4852.1,0,0
2023-09-29,Ergonomic Office Chair,North,7,314.56,2201.92,0,0
2023-09-29,Ergonomic Office Chair,West,9,321.48,2893.32,0,0
2023-09-29,Ergonomic Office Chair,South,9,317.71,2859.39,0,0
2023-09-29,Ergonomic Office Chair,East,15,313.74,4706.1,0,0
2023-09-30,Laptop Pro 15,North,11,1208.73,13296.03,0,0
2023-09-30,Laptop Pro 15,West,8,1192.64,9541.12,0,0
2023-09-30,Laptop Pro 15,South,9,1186.44,10677.96,0,0
2023-09-30,Laptop Pro 15,East,7,1191.89,8343.23,0,0
2023-09-30,Smartphone Ultra,North,23,737.65,16965.95,0,0
2023-09-30,Smartphone Ultra,West,19,746.8,14189.2,0,0
2023-09-30,Smartphone Ultra,South,13,742.85,9657.05,0,0
2023-09-30,Smartphone Ultra,East,9,737.17,6634.53,0,0
2023-09-30,Wireless Noise-Canceling Headphones,North,43,178.75,7686.25,0,0
2023-09-30,Wireless Noise-Canceling Headphones,West,29,178.08,5164.32,0,0
2023-09-30,Wireless Noise-Canceling Headphones,South,28,181.48,5081.44,0,0
2023-09-30,Wireless Noise-Canceling Headphones,East,20,180.95,3619.0,0,0
2023-09-30,Smart Fitness Watch,North,26,222.06,5773.56,0,0
2023-09-30,Smart Fitness Watch,West,24,219.78,5274.72,0,0
2023-09-30,Smart Fitness Watch,South,28,223.57,6259.96,0,0
2023-09-30,Smart Fitness Watch,East,21,222.53,4673.13,0,0
2023-09-30,Ergonomic Office Chair,North,7,316.71,2216.97,0,0
2023-09-30,Ergonomic Office Chair,West,9,325.14,2926.26,0,0
2023-09-30,Ergonomic Office Chair,South,11,323.54,3558.94,0,0
2023-09-30,Ergonomic Office Chair,East,7,315.92,2211.44,0,0
2023-10-01,Laptop Pro 15,North,15,1207.13,18106.95,0,0
2023-10-01,Laptop Pro 15,West,11,1182.22,13004.42,0,0
2023-10-01,Laptop Pro 15,South,12,1201.33,14415.96,0,0
2023-10-01,Laptop Pro 15,East,13,1195.22,15537.86,0,0
2023-10-01,Smartphone Ultra,North,40,740.62,29624.8,0,0
2023-10-01,Smartphone Ultra,West,28,752.34,21065.52,0,0
2023-10-01,Smartphone Ultra,South,34,739.36,25138.24,0,0
2023-10-01,Smartphone Ultra,East,21,744.65,15637.65,0,0
2023-10-01,Wireless Noise-Canceling Headphones,North,56,181.7,10175.2,0,0
2023-10-01,Wireless Noise-Canceling Headphones,West,61,182.96,11160.56,0,0
2023-10-01,Wireless Noise-Canceling Headphones,South,42,176.85,7427.7,0,0
2023-10-01,Wireless Noise-Canceling Headphones,East,30,180.47,5414.1,0,0
2023-10-01,Smart Fitness Watch,North,40,218.16,8726.4,0,0
2023-10-01,Smart Fitness Watch,West,43,217.51,9352.93,0,0
2023-10-01,Smart Fitness Watch,South,30,217.84,6535.2,0,0
2023-10-01,Smart Fitness Watch,East,24,221.59,5318.16,0,0
2023-10-01,Ergonomic Office Chair,North,11,316.46,3481.06,0,0
2023-10-01,Ergonomic Office Chair,West,12,323.06,3876.72,0,0
2023-10-01,Ergonomic Office Chair,South,7,321.65,2251.55,0,0
2023-10-01,Ergonomic Office Chair,East,7,325.79,2280.53,0,0
2023-10-02,Laptop Pro 15,North,9,1215.63,10940.67,0,0
2023-10-02,Laptop Pro 15,West,10,1207.75,12077.5,0,0
2023-10-02,Laptop Pro 15,South,10,1206.32,12063.2,0,0
2023-10-02,Laptop Pro 15,East,7,1177.58,8243.06,0,0
2023-10-02,Smartphone Ultra,North,22,750.37,16508.14,0,0
2023-10-02,Smartphone Ultra,West,19,754.07,14327.33,0,0
2023-10-02,Smartphone Ultra,South,14,752.46,10534.44,0,0
2023-10-02,Smartphone Ultra,East,23,764.48,17583.04,0,0
2023-10-02,Wireless Noise-Canceling Headphones,North,50,180.57,9028.5,0,0
2023-10-02,Wireless Noise-Canceling Headphones,West,48,176.86,8489.28,0,0
2023-10-02,Wireless Noise-Canceling Headphones,South,39,182.29,7109.31,0,0
2023-10-02,Wireless Noise-Canceling Headphones,East,17,178.38,3032.46,0,0
2023-10-02,Smart Fitness Watch,North,20,218.85,4377.0,0,0
2023-10-02,Smart Fitness Watch,West,32,218.43,6989.76,0,0
2023-10-02,Smart Fitness Watch,South,23,219.13,5039.99,0,0
2023-10-02,Smart Fitness Watch,East,17,223.73,3803.41,0,0
2023-10-02,Ergonomic Office Chair,North,13,320.06,4160.78,0,0
2023-10-02,Ergonomic Office Chair,West,12,324.76,3897.12,0,0
2023-10-02,Ergonomic Office Chair,South,4,323.25,1293.0,0,0
2023-10-02,Ergonomic Office Chair,East,4,314.16,1256.64,0,0
2023-10-03,Laptop Pro 15,North,7,1184.31,8290.17,0,0
2023-10-03,Laptop Pro 15,West,10,1178.16,11781.6,0,0
2023-10-03,Laptop Pro 15,South,15,1201.13,18016.95,0,0
2023-10-03,Laptop Pro 15,East,6,1199.95,7199.7,0,0
2023-10-03,Smartphone Ultra,North,19,748.95,14230.05,0,0
2023-10-03,Smartphone Ultra,West,33,752.2,24822.6,0,0
2023-10-03,Smartphone Ultra,South,16,763.24,12211.84,0,0
2023-10-03,Smartphone Ultra,East,16,747.43,11958.88,0,0
2023-10-03,Wireless Noise-Canceling Headphones,North,40,180.85,7234.0,0,0
2023-10-03,Wireless Noise-Canceling Headphones,West,42,177.09,7437.78,0,0
2023-10-03,Wireless Noise-Canceling Headphones,South,41,177.22,7266.02,0,0
2023-10-03,Wireless Noise-Canceling Headphones,East,32,176.83,5658.56,0,0
2023-10-03,Smart Fitness Watch,North,25,221.01,5525.25,0,0
2023-10-03,Smart Fitness Watch,West,24,221.16,5307.84,0,0
2023-10-03,Smart Fitness Watch,South,29,222.75,6459.75,0,0
2023-10-03,Smart Fitness Watch,East,19,223.49,4246.31,0,0
2023-10-03,Ergonomic Office Chair,North,9,321.56,2894.04,0,0
2023-10-03,Ergonomic Office Chair,West,10,314.1,3141.0,0,0
2023-10-03,Ergonomic Office Chair,South,6,314.49,1886.94,0,0
2023-10-03,Ergonomic Office Chair,East,9,320.51,2884.59,0,0
2023-10-04,Laptop Pro 15,North,4,1221.95,4887.8,0,0
2023-10-04,Laptop Pro 15,West,14,1203.55,16849.7,0,0
2023-10-04,Laptop Pro 15,South,9,1192.51,10732.59,0,0
2023-10-04,Laptop Pro 15,East,8,1216.15,9729.2,0,0
2023-10-04,Smartphone Ultra,North,19,735.95,13983.05,0,0
2023-10-04,Smartphone Ultra,West,23,748.31,17211.13,0,0
2023-10-04,Smartphone Ultra,South,24,744.26,17862.24,0,0
2023-10-04,Smartphone Ultra,East,21,759.83,15956.43,0,0
2023-10-04,Wireless Noise-Canceling Headphones,North,41,177.6,7281.6,0,0
2023-10-04,Wireless Noise-Canceling Headphones,West,52,183.49,9541.48,0,0
2023-10-04,Wireless Noise-Canceling Headphones,South,34,179.39,6099.26,0,0
2023-10-04,Wireless Noise-Canceling Headphones,East,29,177.68,5152.72,0,0
2023-10-04,Smart Fitness Watch,North,23,222.54,5118.42,0,0
2023-10-04,Smart Fitness Watch,West,24,224.39,5385.36,0,0
2023-10-04,Smart Fitness Watch,South,21,221.08,4642.68,0,0
2023-10-04,Smart Fitness Watch,East,23,221.05,5084.15,0,0
2023-10-04,Ergonomic Office Chair,North,7,319.58,2237.06,0,0
2023-10-04,Ergonomic Office Chair,West,9,317.4,2856.6,0,0
2023-10-04,Ergonomic Office Chair,South,6,322.67,1936.02,0,0
2023-10-04,Ergonomic Office Chair,East,10,322.4,3224.0,0,0
2023-10-05,Laptop Pro 15,North,11,1176.81,12944.91,0,0
2023-10-05,Laptop Pro 15,West,11,1210.49,13315.39,0,0
2023-10-05,Laptop Pro 15,South,5,1218.75,6093.75,0,0
2023-10-05,Laptop Pro 15,East,10,1205.73,12057.3,0,0
2023-10-05,Smartphone Ultra,North,24,762.66,18303.84,0,0
2023-10-05,Smartphone Ultra,West,31,735.23,22792.13,0,0
2023-10-05,Smartphone Ultra,South,12,741.92,8903.04,0,0
2023-10-05,Smartphone Ultra,East,17,743.68,12642.56,0,0
2023-10-05,Wireless Noise-Canceling Headphones,North,37,183.14,6776.18,0,0
2023-10-05,Wireless Noise-Canceling Headphones,West,27,181.02,4887.54,0,0
2023-10-05,Wireless Noise-Canceling Headphones,South,30,180.83,5424.9,0,0
2023-10-05,Wireless Noise-Canceling Headphones,East,36,183.33,6599.88,0,0
2023-10-05,Smart Fitness Watch,North,32,216.13,6916.16,0,0
2023-10-05,Smart Fitness Watch,West,19,217.34,4129.46,0,0
2023-10-05,Smart Fitness Watch,South,29,222.47,6451.63,0,0
2023-10-05,Smart Fitness Watch,East,9,221.09,1989.81,0,0
2023-10-05,Ergonomic Office Chair,North,13,317.78,4131.14,0,0
2023-10-05,Ergonomic Office Chair,West,11,318.06,3498.66,0,0
2023-10-05,Ergonomic Office Chair,South,10,318.52,3185.2,0,0
2023-10-05,Ergonomic Office Chair,East,9,322.34,2901.06,0,0
2023-10-06,Laptop Pro 15,North,14,1216.81,17035.34,0,0
2023-10-06,Laptop Pro 15,West,15,1202.9,18043.5,0,0
2023-10-06,Laptop Pro 15,South,6,1202.18,7213.08,0,0
2023-10-06,Laptop Pro 15,East,8,1221.96,9775.68,0,0
2023-10-06,Smartphone Ultra,North,31,737.29,22855.99,0,0
2023-10-06,Smartphone Ultra,West,22,753.5,16577.0,0,0
2023-10-06,Smartphone Ultra,South,19,741.36,14085.84,0,0
2023-10-06,Smartphone Ultra,East,9,745.41,6708.69,0,0
2023-10-06,Wireless Noise-Canceling Headphones,North,51,177.43,9048.93,0,0
2023-10-06,Wireless Noise-Canceling Headphones,West,47,180.58,8487.26,0,0
2023-10-06,Wireless Noise-Canceling Headphones,South,41,178.63,7323.83,0,0
2023-10-06,Wireless Noise-Canceling Headphones,East,33,177.61,5861.13,0,0
2023-10-06,Smart Fitness Watch,North,36,217.97,7846.92,0,0
2023-10-06,Smart Fitness Watch,West,29,217.47,6306.63,0,0
2023-10-06,Smart Fitness Watch,South,36,223.32,8039.52,0,0
2023-10-06,Smart Fitness Watch,East,19,218.93,4159.67,0,0
2023-10-06,Ergonomic Office Chair,North,12,313.69,3764.28,0,0
2023-10-06,Ergonomic Office Chair,West,11,323.62,3559.82,0,0
2023-10-06,Ergonomic Office Chair,South,9,321.17,2890.53,0,0
2023-10-06,Ergonomic Office Chair,East,8,324.03,2592.24,0,0
2023-10-07,Laptop Pro 15,North,16,1221.14,19538.24,0,0
2023-10-07,Laptop Pro 15,West,20,1212.23,24244.6,0,0
2023-10-07,Laptop Pro 15,South,14,1187.22,16621.08,0,0
2023-10-07,Laptop Pro 15,East,12,1206.57,14478.84,0,0
2023-10-07,Smartphone Ultra,North,38,747.75,28414.5,0,0
2023-10-07,Smartphone Ultra,West,23,743.28,17095.44,0,0
2023-10-07,Smartphone Ultra,South,21,764.44,16053.24,0,0
2023-10-07,Smartphone Ultra,East,24,744.58,17869.92,0,0
2023-10-07,Wireless Noise-Canceling Headphones,North,61,182.76,11148.36,0,0
2023-10-07,Wireless Noise-Canceling Headphones,West,49,180.09,8824.41,0,0
2023-10-07,Wireless Noise-Canceling Headphones,South,51,182.69,9317.19,0,0
2023-10-07,Wireless Noise-Canceling Headphones,East,40,180.98,7239.2,0,0
2023-10-07,Smart Fitness Watch,North,29,220.45,6393.05,0,0
2023-10-07,Smart Fitness Watch,West,29,218.19,6327.51,0,0
2023-10-07,Smart Fitness Watch,South,34,221.29,7523.86,0,0
2023-10-07,Smart Fitness Watch,East,21,219.39,4607.19,0,0
2023-10-07,Ergonomic Office Chair,North,8,314.73,2517.84,0,0
2023-10-07,Ergonomic Office Chair,West,14,317.36,4443.04,0,0
2023-10-07,Ergonomic Office Chair,South,9,318.87,2869.83,0,0
2023-10-07,Ergonomic Office Chair,East,10,316.83,3168.3,0,0
2023-10-08,Laptop Pro 15,North,11,1203.63,13239.93,0,0
2023-10-08,Laptop Pro 15,West,10,1223.29,12232.9,0,0
2023-10-08,Laptop Pro 15,South,11,1193.68,13130.48,0,0
2023-10-08,Laptop Pro 15,East,8,1211.93,9695.44,0,0
2023-10-08,Smartphone Ultra,North,29,739.76,21453.04,0,0
2023-10-08,Smartphone Ultra,West,30,743.19,22295.7,0,0
2023-10-08,Smartphone Ultra,South,36,736.99,26531.64,0,0
2023-10-08,Smartphone Ultra,East,24,763.59,18326.16,0,0
2023-10-08,Wireless Noise-Canceling Headphones,North,66,183.44,12107.04,0,0
2023-10-08,Wireless Noise-Canceling Headphones,West,69,180.42,12448.98,0,0
2023-10-08,Wireless Noise-Canceling Headphones,South,50,183.49,9174.5,0,0
2023-10-08,Wireless Noise-Canceling Headphones,East,28,177.88,4980.64,0,0
2023-10-08,Smart Fitness Watch,North,38,217.77,8275.26,0,0
2023-10-08,Smart Fitness Watch,West,34,222.3,7558.2,0,0
2023-10-08,Smart Fitness Watch,South,32,219.34,7018.88,0,0
2023-10-08,Smart Fitness Watch,East,30,217.75,6532.5,0,0
2023-10-08,Ergonomic Office Chair,North,15,313.9,4708.5,0,0
2023-10-08,Ergonomic Office Chair,West,14,314.61,4404.54,0,0
2023-10-08,Ergonomic Office Chair,South,14,323.79,4533.06,0,0
2023-10-08,Ergonomic Office Chair,East,11,315.0,3465.0,0,0
2023-10-09,Laptop Pro 15,North,11,1221.87,13440.57,0,0
2023-10-09,Laptop Pro 15,West,4,1194.68,4778.72,0,0
2023-10-09,Laptop Pro 15,South,7,1202.04,8414.28,0,0
2023-10-09,Laptop Pro 15,East,6,1177.98,7067.88,0,0
2023-10-09,Smartphone Ultra,North,25,740.15,18503.75,0,0
2023-10-09,Smartphone Ultra,West,29,759.57,22027.53,0,0
2023-10-09,Smartphone Ultra,South,19,757.01,14383.19,0,0
2023-10-09,Smartphone Ultra,East,22,756.77,16648.94,0,0
2023-10-09,Wireless Noise-Canceling Headphones,North,42,181.54,7624.68,0,0
2023-10-09,Wireless Noise-Canceling Headphones,West,41,178.86,7333.26,0,0
2023-10-09,Wireless Noise-Canceling Headphones,South,38,181.52,6897.76,0,0
2023-10-09,Wireless Noise-Canceling Headphones,East,32,182.91,5853.12,0,0
2023-10-09,Smart Fitness Watch,North,21,224.36,4711.56,0,0
2023-10-09,Smart Fitness Watch,West,20,221.98,4439.6,0,0
2023-10-09,Smart Fitness Watch,South,25,217.49,5437.25,0,0
2023-10-09,Smart Fitness Watch,East,21,221.42,4649.82,0,0
2023-10-09,Ergonomic Office Chair,North,10,317.44,3174.4,0,0
2023-10-09,Ergonomic Office Chair,West,14,323.27,4525.78,0,0
2023-10-09,Ergonomic Office Chair,South,6,319.83,1918.98,0,0
2023-10-09,Ergonomic Office Chair,East,1,324.97,324.97,0,0
2023-10-10,Laptop Pro 15,North,7,1187.43,8312.01,0,0
2023-10-10,Laptop Pro 15,West,2,1186.58,2373.16,0,0
2023-10-10,Laptop Pro 15,South,9,1200.41,10803.69,0,0
2023-10-10,Laptop Pro 15,East,8,1217.3,9738.4,0,0
2023-10-10,Smartphone Ultra,North,29,746.8,21657.2,0,0
2023-10-10,Smartphone Ultra,West,24,747.35,17936.4,0,0
2023-10-10,Smartphone Ultra,South,19,761.3,14464.7,0,0
2023-10-10,Smartphone Ultra,East,20,738.73,14774.6,0,0
2023-10-10,Wireless Noise-Canceling Headphones,North,51,179.2,9139.2,0,0
2023-10-10,Wireless Noise-Canceling Headphones,West,43,182.96,7867.28,0,0
2023-10-10,Wireless Noise-Canceling Headphones,South,41,181.66,7448.06,0,0
2023-10-10,Wireless Noise-Canceling Headphones,East,22,177.47,3904.34,0,0
2023-10-10,Smart Fitness Watch,North,30,222.44,6673.2,0,0
2023-10-10,Smart Fitness Watch,West,27,221.81,5988.87,0,0
2023-10-10,Smart Fitness Watch,South,21,224.33,4710.93,0,0
2023-10-10,Smart Fitness Watch,East,20,220.23,4404.6,0,0
2023-10-10,Ergonomic Office Chair,North,10,323.81,3238.1,0,0
2023-10-10,Ergonomic Office Chair,West,6,325.11,1950.66,0,0
2023-10-10,Ergonomic Office Chair,South,9,317.53,2857.77,0,0
2023-10-10,Ergonomic Office Chair,East,5,317.88,1589.4,0,0
2023-10-11,Laptop Pro 15,North,10,1193.07,11930.7,0,0
2023-10-11,Laptop Pro 15,West,8,1213.67,9709.36,0,0
2023-10-11,Laptop Pro 15,South,7,1184.15,8289.05,0,0
2023-10-11,Laptop Pro 15,East,13,1178.01,15314.13,0,0
2023-10-11,Smartphone Ultra,North,27,759.45,20505.15,0,0
2023-10-11,Smartphone Ultra,West,14,742.43,10394.02,0,0
2023-10-11,Smartphone Ultra,South,26,760.29,19767.54,0,0
2023-10-11,Smartphone Ultra,East,9,742.05,6678.45,0,0
2023-10-11,Wireless Noise-Canceling Headphones,North,40,177.35,7094.0,0,0
2023-10-11,Wireless Noise-Canceling Headphones,West,40,182.56,7302.4,0,0
2023-10-11,Wireless Noise-Canceling Headphones,South,22,180.95,3980.9,0,0
2023-10-11,Wireless Noise-Canceling Headphones,East,39,182.85,7131.15,0,0
2023-10-11,Smart Fitness Watch,North,24,219.14,5259.36,0,0
2023-10-11,Smart Fitness Watch,West,28,219.36,6142.08,0,0
2023-10-11,Smart Fitness Watch,South,23,222.58,5119.34,0,0
2023-10-11,Smart Fitness Watch,East,21,217.63,4570.23,0,0
2023-10-11,Ergonomic Office Chair,North,7,315.82,2210.74,0,0
2023-10-11,Ergonomic Office Chair,West,7,326.3,2284.1,0,0
2023-10-11,Ergonomic Office Chair,South,10,324.28,3242.8,0,0
2023-10-11,Ergonomic Office Chair,East,7,320.53,2243.71,0,0
2023-10-12,Laptop Pro 15,North,13,1214.12,15783.56,0,0
2023-10-12,Laptop Pro 15,West,8,1214.51,9716.08,0,0
2023-10-12,Laptop Pro 15,South,13,1190.92,15481.96,0,0
2023-10-12,Laptop Pro 15,East,10,1190.0,11900.0,0,0
2023-10-12,Smartphone Ultra,North,31,763.82,23678.42,0,0
2023-10-12,Smartphone Ultra,West,25,746.91,18672.75,0,0
2023-10-12,Smartphone Ultra,South,26,755.43,19641.18,0,0
2023-10-12,Smartphone Ultra,East,10,761.37,7613.7,0,0
2023-10-12,Wireless Noise-Canceling Headphones,North,36,176.58,6356.88,0,0
2023-10-12,Wireless Noise-Canceling Headphones,West,39,181.14,7064.46,0,0
2023-10-12,Wireless Noise-Canceling Headphones,South,31,176.53,5472.43,0,0
2023-10-12,Wireless Noise-Canceling Headphones,East,18,180.86,3255.48,0,0
2023-10-12,Smart Fitness Watch,North,28,221.29,6196.12,0,0
2023-10-12,Smart Fitness Watch,West,33,222.92,7356.36,0,0
2023-10-12,Smart Fitness Watch,South,25,218.9,5472.5,0,0
2023-10-12,Smart Fitness Watch,East,19,218.13,4144.47,0,0
2023-10-12,Ergonomic Office Chair,North,9,315.92,2843.28,0,0
2023-10-12,Ergonomic Office Chair,West,9,324.3,2918.7,0,0
2023-10-12,Ergonomic Office Chair,South,5,324.12,1620.6,0,0
2023-10-12,Ergonomic Office Chair,East,13,315.95,4107.35,0,0
2023-10-13,Laptop Pro 15,North,12,1186.22,14234.64,0,0
2023-10-13,Laptop Pro 15,West,13,1178.96,15326.48,0,0
2023-10-13,Laptop Pro 15,South,8,1208.85,9670.8,0,0
2023-10-13,Laptop Pro 15,East,9,1178.15,10603.35,0,0
2023-10-13,Smartphone Ultra,North,23,737.78,16968.94,0,0
2023-10-13,Smartphone Ultra,West,27,753.87,20354.49,0,0
2023-10-13,Smartphone Ultra,South,17,756.47,12859.99,0,0
2023-10-13,Smartphone Ultra,East,14,739.58,10354.12,0,0
2023-10-13,Wireless Noise-Canceling Headphones,North,44,181.25,7975.0,0,0
2023-10-13,Wireless Noise-Canceling Headphones,West,46,176.74,8130.04,0,0
2023-10-13,Wireless Noise-Canceling Headphones,South,49,178.99,8770.51,0,0
2023-10-13,Wireless Noise-Canceling Headphones,East,24,181.19,4348.56,0,0
2023-10-13,Smart Fitness Watch,North,35,220.46,7716.1,0,0
2023-10-13,Smart Fitness Watch,West,43,219.55,9440.65,0,0
2023-10-13,Smart Fitness Watch,South,22,220.42,4849.24,0,0
2023-10-13,Smart Fitness Watch,East,19,217.41,4130.79,0,0
2023-10-13,Ergonomic Office Chair,North,10,324.77,3247.7,0,0
2023-10-13,Ergonomic Office Chair,West,14,321.6,4502.4,0,0
2023-10-13,Ergonomic Office Chair,South,10,315.32,3153.2,0,0
2023-10-13,Ergonomic Office Chair,East,4,324.89,1299.56,0,0
2023-10-14,Laptop Pro 15,North,21,1051.21,22075.41,1,0
2023-10-14,Laptop Pro 15,West,18,1056.83,19022.94,1,0
2023-10-14,Laptop Pro 15,South,18,1090.39,19627.02,1,0
2023-10-14,Laptop Pro 15,East,19,1040.14,19762.66,1,0
2023-10-14,Smartphone Ultra,North,60,671.11,40266.6,1,0
2023-10-14,Smartphone Ultra,West,49,641.05,31411.45,1,0
2023-10-14,Smartphone Ultra,South,30,659.59,19787.7,1,0
2023-10-14,Smartphone Ultra,East,33,641.16,21158.28,1,0
2023-10-14,Wireless Noise-Canceling Headphones,North,88,162.36,14287.68,1,0
2023-10-14,Wireless Noise-Canceling Headphones,West,91,154.88,14094.08,1,0
2023-10-14,Wireless Noise-Canceling Headphones,South,79,155.81,12308.99,1,0
2023-10-14,Wireless Noise-Canceling Headphones,East,59,156.75,9248.25,1,0
2023-10-14,Smart Fitness Watch,North,66,188.29,12427.14,1,0
2023-10-14,Smart Fitness Watch,West,56,191.88,10745.28,1,0
2023-10-14,Smart Fitness Watch,South,36,191.32,6887.52,1,0
2023-10-14,Smart Fitness Watch,East,42,201.71,8471.82,1,0
2023-10-14,Ergonomic Office Chair,North,23,287.55,6613.65,1,0
2023-10-14,Ergonomic Office Chair,West,25,278.72,6968.0,1,0
2023-10-14,Ergonomic Office Chair,South,19,292.43,5556.17,1,0
2023-10-14,Ergonomic Office Chair,East,14,289.38,4051.32,1,0
2023-10-15,Laptop Pro 15,North,13,1063.3,13822.9,1,0
2023-10-15,Laptop Pro 15,West,24,1028.77,24690.48,1,0
2023-10-15,Laptop Pro 15,South,9,1094.31,9848.79,1,0
2023-10-15,Laptop Pro 15,East,5,1078.23,5391.15,1,0
2023-10-15,Smartphone Ultra,North,52,658.35,34234.2,1,0
2023-10-15,Smartphone Ultra,West,46,687.44,31622.24,1,0
2023-10-15,Smartphone Ultra,South,37,672.62,24886.94,1,0
2023-10-15,Smartphone Ultra,East,37,642.56,23774.72,1,0
2023-10-15,Wireless Noise-Canceling Headphones,North,86,165.04,14193.44,1,0
2023-10-15,Wireless Noise-Canceling Headphones,West,82,159.91,13112.62,1,0
2023-10-15,Wireless Noise-Canceling Headphones,South,58,165.57,9603.06,1,0
2023-10-15,Wireless Noise-Canceling Headphones,East,53,157.7,8358.1,1,0
2023-10-15,Smart Fitness Watch,North,65,193.89,12602.85,1,0
2023-10-15,Smart Fitness Watch,West,59,188.33,11111.47,1,0
2023-10-15,Smart Fitness Watch,South,45,194.68,8760.6,1,0
2023-10-15,Smart Fitness Watch,East,32,191.53,6128.96,1,0
2023-10-15,Ergonomic Office Chair,North,28,275.76,7721.28,1,0
2023-10-15,Ergonomic Office Chair,West,19,272.82,5183.58,1,0
2023-10-15,Ergonomic Office Chair,South,16,272.21,4355.36,1,0
2023-10-15,Ergonomic Office Chair,East,11,280.83,3089.13,1,0
2023-10-16,Laptop Pro 15,North,10,1221.31,12213.1,0,0
2023-10-16,Laptop Pro 15,West,8,1186.93,9495.44,0,0
2023-10-16,Laptop Pro 15,South,14,1187.84,16629.76,0,0
2023-10-16,Laptop Pro 15,East,11,1187.07,13057.77,0,0
2023-10-16,Smartphone Ultra,North,25,735.64,18391.0,0,0
2023-10-16,Smartphone Ultra,West,16,749.51,11992.16,0,0
2023-10-16,Smartphone Ultra,South,14,742.59,10396.26,0,0
2023-10-16,Smartphone Ultra,East,14,764.11,10697.54,0,0
2023-10-16,Wireless Noise-Canceling Headphones,North,50,179.34,8967.0,0,0
2023-10-16,Wireless Noise-Canceling Headphones,West,50,180.49,9024.5,0,0
2023-10-16,Wireless Noise-Canceling Headphones,South,36,181.0,6516.0,0,0
2023-10-16,Wireless Noise-Canceling Headphones,East,30,182.26,5467.8,0,0
2023-10-16,Smart Fitness Watch,North,20,220.7,4414.0,0,0
2023-10-16,Smart Fitness Watch,West,29,222.07,6440.03,0,0
2023-10-16,Smart Fitness Watch,South,16,222.87,3565.92,0,0
2023-10-16,Smart Fitness Watch,East,25,218.35,5458.75,0,0
2023-10-16,Ergonomic Office Chair,North,6,320.51,1923.06,0,0
2023-10-16,Ergonomic Office Chair,West,9,321.47,2893.23,0,0
2023-10-16,Ergonomic Office Chair,South,9,321.96,2897.64,0,0
2023-10-16,Ergonomic Office Chair,East,6,314.23,1885.38,0,0
2023-10-17,Laptop Pro 15,North,11,1222.74,13450.14,0,0
2023-10-17,Laptop Pro 15,West,11,1217.57,13393.27,0,0
2023-10-17,Laptop Pro 15,South,13,1190.93,15482.09,0,0
2023-10-17,Laptop Pro 15,East,9,1197.07,10773.63,0,0
2023-10-17,Smartphone Ultra,North,19,749.13,14233.47,0,0
2023-10-17,Smartphone Ultra,West,17,743.33,12636.61,0,0
2023-10-17,Smartphone Ultra,South,20,762.58,15251.6,0,0
2023-10-17,Smartphone Ultra,East,14,743.48,10408.72,0,0
2023-10-17,Wireless Noise-Canceling Headphones,North,41,176.43,7233.63,0,0
2023-10-17,Wireless Noise-Canceling Headphones,West,49,182.88,8961.12,0,0
2023-10-17,Wireless Noise-Canceling Headphones,South,42,181.48,7622.16,0,0
2023-10-17,Wireless Noise-Canceling Headphones,East,25,178.68,4467.0,0,0
2023-10-17,Smart Fitness Watch,North,25,215.72,5393.0,0,0
2023-10-17,Smart Fitness Watch,West,21,221.77,4657.17,0,0
2023-10-17,Smart Fitness Watch,South,25,223.34,5583.5,0,0
2023-10-17,Smart Fitness Watch,East,13,221.98,2885.74,0,0
2023-10-17,Ergonomic Office Chair,North,11,313.82,3452.02,0,0
2023-10-17,Ergonomic Office Chair,West,5,323.57,1617.85,0,0
2023-10-17,Ergonomic Office Chair,South,9,326.04,2934.36,0,0
2023-10-17,Ergonomic Office Chair,East,8,313.69,2509.52,0,0
2023-10-18,Laptop Pro 15,North,9,1198.95,10790.55,0,0
2023-10-18,Laptop Pro 15,West,6,1180.93,7085.58,0,0
2023-10-18,Laptop Pro 15,South,8,1213.2,9705.6,0,0
2023-10-18,Laptop Pro 15,East,5,1190.31,5951.55,0,0
2023-10-18,Smartphone Ultra,North,28,757.28,21203.84,0,0
2023-10-18,Smartphone Ultra,West,19,747.85,14209.15,0,0
2023-10-18,Smartphone Ultra,South,14,752.08,10529.12,0,0
2023-10-18,Smartphone Ultra,East,10,746.42,7464.2,0,0
2023-10-18,Wireless Noise-Canceling Headphones,North,37,183.07,6773.59,0,0
2023-10-18,Wireless Noise-Canceling Headphones,West,40,182.51,7300.4,0,0
2023-10-18,Wireless Noise-Canceling Headphones,South,54,178.59,9643.86,0,0
2023-10-18,Wireless Noise-Canceling Headphones,East,28,176.48,4941.44,0,0
2023-10-18,Smart Fitness Watch,North,23,219.17,5040.91,0,0
2023-10-18,Smart Fitness Watch,West,24,223.67,5368.08,0,0
2023-10-18,Smart Fitness Watch,South,33,223.63,7379.79,0,0
2023-10-18,Smart Fitness Watch,East,22,220.97,4861.34,0,0
2023-10-18,Ergonomic Office Chair,North,12,315.81,3789.72,0,0
2023-10-18,Ergonomic Office Chair,West,10,315.87,3158.7,0,0
2023-10-18,Ergonomic Office Chair,South,9,315.87,2842.83,0,0
2023-10-18,Ergonomic Office Chair,East,9,321.34,2892.06,0,0
2023-10-19,Laptop Pro 15,North,10,1222.57,12225.7,0,0
2023-10-19,Laptop Pro 15,West,12,1189.13,14269.56,0,0
2023-10-19,Laptop Pro 15,South,13,1189.41,15462.33,0,0
2023-10-19,Laptop Pro 15,East,8,1195.87,9566.96,0,0
2023-10-19,Smartphone Ultra,North,31,763.01,23653.31,0,0
2023-10-19,Smartphone Ultra,West,22,748.5,16467.0,0,0
2023-10-19,Smartphone Ultra,South,17,751.24,12771.08,0,0
2023-10-19,Smartphone Ultra,East,16,737.64,11802.24,0,0
2023-10-19,Wireless Noise-Canceling Headphones,North,50,182.31,9115.5,0,0
2023-10-19,Wireless Noise-Canceling Headphones,West,48,176.43,8468.64,0,0
2023-10-19,Wireless Noise-Canceling Headphones,South,27,176.54,4766.58,0,0
2023-10-19,Wireless Noise-Canceling Headphones,East,38,176.86,6720.68,0,0
2023-10-19,Smart Fitness Watch,North,25,219.83,5495.75,0,0
2023-10-19,Smart Fitness Watch,West,20,219.43,4388.6,0,0
2023-10-19,Smart Fitness Watch,South,24,216.81,5203.44,0,0
2023-10-19,Smart Fitness Watch,East,22,220.62,4853.64,0,0
2023-10-19,Ergonomic Office Chair,North,16,315.98,5055.68,0,0
2023-10-19,Ergonomic Office Chair,West,9,315.43,2838.87,0,0
2023-10-19,Ergonomic Office Chair,South,5,322.42,1612.1,0,0
2023-10-19,Ergonomic Office Chair,East,6,322.96,1937.76,0,0
2023-10-20,Laptop Pro 15,North,8,1222.88,9783.04,0,0
2023-10-20,Laptop Pro 15,West,15,1211.71,18175.65,0,0
2023-10-20,Laptop Pro 15,South,10,1181.92,11819.2,0,0
2023-10-20,Laptop Pro 15,East,12,1198.98,14387.76,0,0
2023-10-20,Smartphone Ultra,North,30,761.72,22851.6,0,0
2023-10-20,Smartphone Ultra,West,25,738.04,18451.0,0,0
2023-10-20,Smartphone Ultra,South,15,754.56,11318.4,0,0
2023-10-20,Smartphone Ultra,East,13,737.83,9591.79,0,0
2023-10-20,Wireless Noise-Canceling Headphones,North,52,181.71,9448.92,0,0
2023-10-20,Wireless Noise-Canceling Headphones,West,51,181.22,9242.22,0,0
2023-10-20,Wireless Noise-Canceling Headphones,South,42,181.31,7615.02,0,0
2023-10-20,Wireless Noise-Canceling Headphones,East,36,178.87,6439.32,0,0
2023-10-20,Smart Fitness Watch,North,31,222.99,6912.69,0,0
2023-10-20,Smart Fitness Watch,West,35,217.76,7621.6,0,0
2023-10-20,Smart Fitness Watch,South,9,217.57,1958.13,0,0
2023-10-20,Smart Fitness Watch,East,20,221.81,4436.2,0,0
2023-10-20,Ergonomic Office Chair,North,5,314.23,1571.15,0,0
2023-10-20,Ergonomic Office Chair,West,12,317.55,3810.6,0,0
2023-10-20,Ergonomic Office Chair,South,4,317.46,1269.84,0,0
2023-10-20,Ergonomic Office Chair,East,4,316.83,1267.32,0,0
2023-10-21,Laptop Pro 15,North,15,1214.53,18217.95,0,0
2023-10-21,Laptop Pro 15,West,11,1207.51,13282.61,0,0
2023-10-21,Laptop Pro 15,South,10,1179.21,11792.1,0,0
2023-10-21,Laptop Pro 15,East,15,1204.25,18063.75,0,0
2023-10-21,Smartphone Ultra,North,39,740.88,28894.32,0,0
2023-10-21,Smartphone Ultra,West,29,740.14,21464.06,0,0
2023-10-21,Smartphone Ultra,South,15,759.56,11393.4,0,0
2023-10-21,Smartphone Ultra,East,24,742.08,17809.92,0,0
2023-10-21,Wireless Noise-Canceling Headphones,North,60,178.47,10708.2,0,0
2023-10-21,Wireless Noise-Canceling Headphones,West,56,182.86,10240.16,0,0
2023-10-21,Wireless Noise-Canceling Headphones,South,36,182.49,6569.64,0,0
2023-10-21,Wireless Noise-Canceling Headphones,East,39,178.93,6978.27,0,0
2023-10-21,Smart Fitness Watch,North,39,222.81,8689.59,0,0
2023-10-21,Smart Fitness Watch,West,34,223.66,7604.44,0,0
2023-10-21,Smart Fitness Watch,South,41,221.2,9069.2,0,0
2023-10-21,Smart Fitness Watch,East,27,216.69,5850.63,0,0
2023-10-21,Ergonomic Office Chair,North,14,320.99,4493.86,0,0
2023-10-21,Ergonomic Office Chair,West,15,314.07,4711.05,0,0
2023-10-21,Ergonomic Office Chair,South,4,315.57,1262.28,0,0
2023-10-21,Ergonomic Office Chair,East,9,319.82,2878.38,0,0
2023-10-22,Laptop Pro 15,North,13,1215.25,15798.25,0,0
2023-10-22,Laptop Pro 15,West,8,1196.55,9572.4,0,0
2023-10-22,Laptop Pro 15,South,11,1186.47,13051.17,0,0
2023-10-22,Laptop Pro 15,East,6,1188.47,7130.82,0,0
2023-10-22,Smartphone Ultra,North,23,735.81,16923.63,0,0
2023-10-22,Smartphone Ultra,West,46,755.85,34769.1,0,0
2023-10-22,Smartphone Ultra,South,31,757.46,23481.26,0,0
2023-10-22,Smartphone Ultra,East,27,764.77,20648.79,0,0
2023-10-22,Wireless Noise-Canceling Headphones,North,66,181.43,11974.38,0,0
2023-10-22,Wireless Noise-Canceling Headphones,West,56,179.36,10044.16,0,0
2023-10-22,Wireless Noise-Canceling Headphones,South,43,181.08,7786.44,0,0
2023-10-22,Wireless Noise-Canceling Headphones,East,40,179.4,7176.0,0,0
2023-10-22,Smart Fitness Watch,North,38,220.0,8360.0,0,0
2023-10-22,Smart Fitness Watch,West,31,218.57,6775.67,0,0
2023-10-22,Smart Fitness Watch,South,37,218.52,8085.24,0,0
2023-10-22,Smart Fitness Watch,East,18,221.39,3985.02,0,0
2023-10-22,Ergonomic Office Chair,North,12,320.21,3842.52,0,0
2023-10-22,Ergonomic Office Chair,West,11,321.59,3537.49,0,0
2023-10-22,Ergonomic Office Chair,South,7,318.61,2230.27,0,0
2023-10-22,Ergonomic Office Chair,East,11,317.38,3491.18,0,0
2023-10-23,Laptop Pro 15,North,10,1188.55,11885.5,0,0
2023-10-23,Laptop Pro 15,West,11,1187.12,13058.32,0,0
2023-10-23,Laptop Pro 15,South,9,1185.87,10672.83,0,0
2023-10-23,Laptop Pro 15,East,6,1178.52,7071.12,0,0
2023-10-23,Smartphone Ultra,North,35,755.05,26426.75,0,0
2023-10-23,Smartphone Ultra,West,30,741.54,22246.2,0,0
2023-10-23,Smartphone Ultra,South,17,753.38,12807.46,0,0
2023-10-23,Smartphone Ultra,East,17,735.33,12500.61,0,0
2023-10-23,Wireless Noise-Canceling Headphones,North,50,177.41,8870.5,0,0
2023-10-23,Wireless Noise-Canceling Headphones,West,38,179.97,6838.86,0,0
2023-10-23,Wireless Noise-Canceling Headphones,South,27,182.03,4914.81,0,0
2023-10-23,Wireless Noise-Canceling Headphones,East,24,182.38,4377.12,0,0
2023-10-23,Smart Fitness Watch,North,29,219.82,6374.78,0,0
2023-10-23,Smart Fitness Watch,West,27,224.12,6051.24,0,0
2023-10-23,Smart Fitness Watch,South,18,216.1,3889.8,0,0
2023-10-23,Smart Fitness Watch,East,21,216.58,4548.18,0,0
2023-10-23,Ergonomic Office Chair,North,9,317.84,2860.56,0,0
2023-10-23,Ergonomic Office Chair,West,4,322.75,1291.0,0,0
2023-10-23,Ergonomic Office Chair,South,11,317.2,3489.2,0,0
2023-10-23,Ergonomic Office Chair,East,7,322.72,2259.04,0,0
2023-10-24,Laptop Pro 15,North,7,1199.78,8398.46,0,0
2023-10-24,Laptop Pro 15,West,9,1204.71,10842.39,0,0
2023-10-24,Laptop Pro 15,South,16,1182.79,18924.64,0,0
2023-10-24,Laptop Pro 15,East,7,1211.6,8481.2,0,0
2023-10-24,Smartphone Ultra,North,17,761.11,12938.87,0,0
2023-10-24,Smartphone Ultra,West,32,737.39,23596.48,0,0
2023-10-24,Smartphone Ultra,South,16,742.17,11874.72,0,0
2023-10-24,Smartphone Ultra,East,16,738.68,11818.88,0,0
2023-10-24,Wireless Noise-Canceling Headphones,North,53,180.7,9577.1,0,0
2023-10-24,Wireless Noise-Canceling Headphones,West,53,178.13,9440.89,0,0
2023-10-24,Wireless Noise-Canceling Headphones,South,36,178.03,6409.08,0,0
2023-10-24,Wireless Noise-Canceling Headphones,East,33,181.37,5985.21,0,0
2023-10-24,Smart Fitness Watch,North,27,219.8,5934.6,0,0
2023-10-24,Smart Fitness Watch,West,29,222.83,6462.07,0,0
2023-10-24,Smart Fitness Watch,South,18,217.52,3915.36,0,0
2023-10-24,Smart Fitness Watch,East,19,217.52,4132.88,0,0
2023-10-24,Ergonomic Office Chair,North,12,323.61,3883.32,0,0
2023-10-24,Ergonomic Office Chair,West,16,321.95,5151.2,0,0
2023-10-24,Ergonomic Office Chair,South,11,317.5,3492.5,0,0
2023-10-24,Ergonomic Office Chair,East,5,316.43,1582.15,0,0
2023-10-25,Laptop Pro 15,North,7,1213.49,8494.43,0,0
2023-10-25,Laptop Pro 15,West,7,1215.17,8506.19,0,0
2023-10-25,Laptop Pro 15,South,5,1210.97,6054.85,0,0
2023-10-25,Laptop Pro 15,East,7,1220.27,8541.89,0,0
2023-10-25,Smartphone Ultra,North,24,737.18,17692.32,0,0
2023-10-25,Smartphone Ultra,West,18,761.74,13711.32,0,0
2023-10-25,Smartphone Ultra,South,19,736.8,13999.2,0,0
2023-10-25,Smartphone Ultra,East,18,736.65,13259.7,0,0
2023-10-25,Wireless Noise-Canceling Headphones,North,47,176.49,8295.03,0,0
2023-10-25,Wireless Noise-Canceling Headphones,West,32,176.86,5659.52,0,0
2023-10-25,Wireless Noise-Canceling Headphones,South,44,177.04,7789.76,0,0
2023-10-25,Wireless Noise-Canceling Headphones,East,35,178.61,6251.35,0,0
2023-10-25,Smart Fitness Watch,North,26,221.43,5757.18,0,0
2023-10-25,Smart Fitness Watch,West,24,221.13,5307.12,0,0
2023-10-25,Smart Fitness Watch,South,25,221.15,5528.75,0,0
2023-10-25,Smart Fitness Watch,East,18,216.65,3899.7,0,0
2023-10-25,Ergonomic Office Chair,North,11,313.82,3452.02,0,0
2023-10-25,Ergonomic Office Chair,West,11,314.87,3463.57,0,0
2023-10-25,Ergonomic Office Chair,South,6,323.12,1938.72,0,0
2023-10-25,Ergonomic Office Chair,East,4,326.24,1304.96,0,0
2023-10-26,Laptop Pro 15,North,11,1179.46,12974.06,0,0
2023-10-26,Laptop Pro 15,West,6,1185.79,7114.74,0,0
2023-10-26,Laptop Pro 15,South,12,1200.15,14401.8,0,0
2023-10-26,Laptop Pro 15,East,7,1199.32,8395.24,0,0
2023-10-26,Smartphone Ultra,North,28,738.98,20691.44,0,0
2023-10-26,Smartphone Ultra,West,17,750.81,12763.77,0,0
2023-10-26,Smartphone Ultra,South,22,750.97,16521.34,0,0
2023-10-26,Smartphone Ultra,East,18,738.65,13295.7,0,0
2023-10-26,Wireless Noise-Canceling Headphones,North,49,181.21,8879.29,0,0
2023-10-26,Wireless Noise-Canceling Headphones,West,34,182.96,6220.64,0,0
2023-10-26,Wireless Noise-Canceling Headphones,South,32,178.46,5710.72,0,0
2023-10-26,Wireless Noise-Canceling Headphones,East,24,179.71,4313.04,0,0
2023-10-26,Smart Fitness Watch,North,29,220.66,6399.14,0,0
2023-10-26,Smart Fitness Watch,West,21,220.63,4633.23,0,0
2023-10-26,Smart Fitness Watch,South,23,221.32,5090.36,0,0
2023-10-26,Smart Fitness Watch,East,26,215.67,5607.42,0,0
2023-10-26,Ergonomic Office Chair,North,11,320.28,3523.08,0,0
2023-10-26,Ergonomic Office Chair,West,9,326.27,2936.43,0,0
2023-10-26,Ergonomic Office Chair,South,6,318.46,1910.76,0,0
2023-10-26,Ergonomic Office Chair,East,9,318.61,2867.49,0,0
2023-10-27,Laptop Pro 15,North,15,1196.86,17952.9,0,0
2023-10-27,Laptop Pro 15,West,17,1210.81,20583.77,0,0
2023-10-27,Laptop Pro 15,South,9,1220.44,10983.96,0,0
2023-10-27,Laptop Pro 15,East,9,1212.1,10908.9,0,0
2023-10-27,Smartphone Ultra,North,25,748.84,18721.0,0,0
2023-10-27,Smartphone Ultra,West,21,762.83,16019.43,0,0
2023-10-27,Smartphone Ultra,South,16,742.87,11885.92,0,0
2023-10-27,Smartphone Ultra,East,19,737.4,14010.6,0,0
2023-10-27,Wireless Noise-Canceling Headphones,North,53,180.77,9580.81,0,0
2023-10-27,Wireless Noise-Canceling Headphones,West,48,176.89,8490.72,0,0
2023-10-27,Wireless Noise-Canceling Headphones,South,44,179.36,7891.84,0,0
2023-10-27,Wireless Noise-Canceling Headphones,East,37,176.51,6530.87,0,0
2023-10-27,Smart Fitness Watch,North,24,221.57,5317.68,0,0
2023-10-27,Smart Fitness Watch,West,32,222.12,7107.84,0,0
2023-10-27,Smart Fitness Watch,South,32,218.64,6996.48,0,0
2023-10-27,Smart Fitness Watch,East,27,219.66,5930.82,0,0
2023-10-27,Ergonomic Office Chair,North,11,322.46,3547.06,0,0
2023-10-27,Ergonomic Office Chair,West,10,318.02,3180.2,0,0
2023-10-27,Ergonomic Office Chair,South,13,315.54,4102.02,0,0
2023-10-27,Ergonomic Office Chair,East,17,322.82,5487.94,0,0
2023-10-28,Laptop Pro 15,North,15,1190.41,17856.15,0,0
2023-10-28,Laptop Pro 15,West,14,1214.03,16996.42,0,0
2023-10-28,Laptop Pro 15,South,7,1198.38,8388.66,0,0
2023-10-28,Laptop Pro 15,East,7,1179.12,8253.84,0,0
2023-10-28,Smartphone Ultra,North,33,760.97,25112.01,0,0
2023-10-28,Smartphone Ultra,West,36,739.11,26607.96,0,0
2023-10-28,Smartphone Ultra,South,29,739.1,21433.9,0,0
2023-10-28,Smartphone Ultra,East,22,759.11,16700.42,0,0
2023-10-28,Wireless Noise-Canceling Headphones,North,61,179.73,10963.53,0,0
2023-10-28,Wireless Noise-Canceling Headphones,West,51,181.56,9259.56,0,0
2023-10-28,Wireless Noise-Canceling Headphones,South,46,182.45,8392.7,0,0
2023-10-28,Wireless Noise-Canceling Headphones,East,33,178.91,5904.03,0,0
2023-10-28,Smart Fitness Watch,North,41,221.5,9081.5,0,0
2023-10-28,Smart Fitness Watch,West,27,221.98,5993.46,0,0
2023-10-28,Smart Fitness Watch,South,33,220.17,7265.61,0,0
2023-10-28,Smart Fitness Watch,East,27,218.45,5898.15,0,0
2023-10-28,Ergonomic Office Chair,North,11,325.68,3582.48,0,0
2023-10-28,Ergonomic Office Chair,West,10,324.88,3248.8,0,0
2023-10-28,Ergonomic Office Chair,South,11,315.32,3468.52,0,0
2023-10-28,Ergonomic Office Chair,East,6,325.7,1954.2,0,0
2023-10-29,Laptop Pro 15,North,14,1184.98,16589.72,0,0
2023-10-29,Laptop Pro 15,West,8,1190.59,9524.72,0,0
2023-10-29,Laptop Pro 15,South,7,1208.56,8459.92,0,0
2023-10-29,Laptop Pro 15,East,11,1198.85,13187.35,0,0
2023-10-29,Smartphone Ultra,North,29,749.38,21732.02,0,0
2023-10-29,Smartphone Ultra,West,25,745.02,18625.5,0,0
2023-10-29,Smartphone Ultra,South,28,756.01,21168.28,0,0
2023-10-29,Smartphone Ultra,East,24,756.14,18147.36,0,0
2023-10-29,Wireless Noise-Canceling Headphones,North,58,177.71,10307.18,0,0
2023-10-29,Wireless Noise-Canceling Headphones,West,51,181.52,9257.52,0,0
2023-10-29,Wireless Noise-Canceling Headphones,South,46,182.3,8385.8,0,0
2023-10-29,Wireless Noise-Canceling Headphones,East,45,178.18,8018.1,0,0
2023-10-29,Smart Fitness Watch,North,30,223.39,6701.7,0,0
2023-10-29,Smart Fitness Watch,West,30,224.06,6721.8,0,0
2023-10-29,Smart Fitness Watch,South,33,221.9,7322.7,0,0
2023-10-29,Smart Fitness Watch,East,32,223.27,7144.64,0,0
2023-10-29,Ergonomic Office Chair,North,14,325.79,4561.06,0,0
2023-10-29,Ergonomic Office Chair,West,13,321.4,4178.2,0,0
2023-10-29,Ergonomic Office Chair,South,14,322.74,4518.36,0,0
2023-10-29,Ergonomic Office Chair,East,9,322.87,2905.83,0,0
2023-10-30,Laptop Pro 15,North,13,1223.7,15908.1,0,0
2023-10-30,Laptop Pro 15,West,15,1178.79,17681.85,0,0
2023-10-30,Laptop Pro 15,South,11,1180.22,12982.42,0,0
2023-10-30,Laptop Pro 15,East,6,1220.72,7324.32,0,0
2023-10-30,Smartphone Ultra,North,19,763.78,14511.82,0,0
2023-10-30,Smartphone Ultra,West,19,744.5,14145.5,0,0
2023-10-30,Smartphone Ultra,South,13,762.48,9912.24,0,0
2023-10-30,Smartphone Ultra,East,15,753.27,11299.05,0,0
2023-10-30,Wireless Noise-Canceling Headphones,North,42,178.27,7487.34,0,0
2023-10-30,Wireless Noise-Canceling Headphones,West,39,182.62,7122.18,0,0
2023-10-30,Wireless Noise-Canceling Headphones,South,33,177.94,5872.02,0,0
2023-10-30,Wireless Noise-Canceling Headphones,East,26,181.89,4729.14,0,0
2023-10-30,Smart Fitness Watch,North,27,223.61,6037.47,0,0
2023-10-30,Smart Fitness Watch,West,20,221.67,4433.4,0,0
2023-10-30,Smart Fitness Watch,South,26,218.71,5686.46,0,0
2023-10-30,Smart Fitness Watch,East,18,223.64,4025.52,0,0
2023-10-30,Ergonomic Office Chair,North,10,317.47,3174.7,0,0
2023-10-30,Ergonomic Office Chair,West,10,319.79,3197.9,0,0
2023-10-30,Ergonomic Office Chair,South,11,319.71,3516.81,0,0
2023-10-30,Ergonomic Office Chair,East,5,321.89,1609.45,0,0
2023-10-31,Laptop Pro 15,North,5,1178.49,5892.45,0,0
2023-10-31,Laptop Pro 15,West,9,1220.77,10986.93,0,0
2023-10-31,Laptop Pro 15,South,8,1201.57,9612.56,0,0
2023-10-31,Laptop Pro 15,East,4,1184.09,4736.36,0,0
2023-10-31,Smartphone Ultra,North,20,738.54,14770.8,0,0
2023-10-31,Smartphone Ultra,West,23,757.98,17433.54,0,0
2023-10-31,Smartphone Ultra,South,13,737.91,9592.83,0,0
2023-10-31,Smartphone Ultra,East,17,751.13,12769.21,0,0
2023-10-31,Wireless Noise-Canceling Headphones,North,52,178.39,9276.28,0,0
2023-10-31,Wireless Noise-Canceling Headphones,West,44,179.25,7887.0,0,0
2023-10-31,Wireless Noise-Canceling Headphones,South,34,181.67,6176.78,0,0
2023-10-31,Wireless Noise-Canceling Headphones,East,35,178.48,6246.8,0,0
2023-10-31,Smart Fitness Watch,North,30,220.86,6625.8,0,0
2023-10-31,Smart Fitness Watch,West,36,219.45,7900.2,0,0
2023-10-31,Smart Fitness Watch,South,18,217.44,3913.92,0,0
2023-10-31,Smart Fitness Watch,East,17,220.56,3749.52,0,0
2023-10-31,Ergonomic Office Chair,North,9,318.44,2865.96,0,0
2023-10-31,Ergonomic Office Chair,West,8,324.12,2592.96,0,0
2023-10-31,Ergonomic Office Chair,South,6,323.79,1942.74,0,0
2023-10-31,Ergonomic Office Chair,East,3,319.76,959.28,0,0
2023-11-01,Laptop Pro 15,North,11,1186.6,13052.6,0,0
2023-11-01,Laptop Pro 15,West,8,1204.55,9636.4,0,0
2023-11-01,Laptop Pro 15,South,5,1184.01,5920.05,0,0
2023-11-01,Laptop Pro 15,East,11,1193.4,13127.4,0,0
2023-11-01,Smartphone Ultra,North,26,759.3,19741.8,0,0
2023-11-01,Smartphone Ultra,West,18,750.24,13504.32,0,0
2023-11-01,Smartphone Ultra,South,22,757.47,16664.34,0,0
2023-11-01,Smartphone Ultra,East,15,737.72,11065.8,0,0
2023-11-01,Wireless Noise-Canceling Headphones,North,48,182.97,8782.56,0,0
2023-11-01,Wireless Noise-Canceling Headphones,West,42,178.91,7514.22,0,0
2023-11-01,Wireless Noise-Canceling Headphones,South,28,180.59,5056.52,0,0
2023-11-01,Wireless Noise-Canceling Headphones,East,36,178.49,6425.64,0,0
2023-11-01,Smart Fitness Watch,North,19,219.37,4168.03,0,0
2023-11-01,Smart Fitness Watch,West,31,216.87,6722.97,0,0
2023-11-01,Smart Fitness Watch,South,19,220.73,4193.87,0,0
2023-11-01,Smart Fitness Watch,East,17,224.3,3813.1,0,0
2023-11-01,Ergonomic Office Chair,North,8,322.02,2576.16,0,0
2023-11-01,Ergonomic Office Chair,West,9,318.75,2868.75,0,0
2023-11-01,Ergonomic Office Chair,South,13,324.76,4221.88,0,0
2023-11-01,Ergonomic Office Chair,East,3,325.32,975.96,0,0
2023-11-02,Laptop Pro 15,North,10,1183.27,11832.7,0,0
2023-11-02,Laptop Pro 15,West,6,1206.36,7238.16,0,0
2023-11-02,Laptop Pro 15,South,10,1180.54,11805.4,0,0
2023-11-02,Laptop Pro 15,East,6,1223.29,7339.74,0,0
2023-11-02,Smartphone Ultra,North,30,751.29,22538.7,0,0
2023-11-02,Smartphone Ultra,West,23,755.63,17379.49,0,0
2023-11-02,Smartphone Ultra,South,23,763.31,17556.13,0,0
2023-11-02,Smartphone Ultra,East,9,762.59,6863.31,0,0
2023-11-02,Wireless Noise-Canceling Headphones,North,43,178.05,7656.15,0,0
2023-11-02,Wireless Noise-Canceling Headphones,West,43,179.45,7716.35,0,0
2023-11-02,Wireless Noise-Canceling Headphones,South,33,177.19,5847.27,0,0
2023-11-02,Wireless Noise-Canceling Headphones,East,33,180.63,5960.79,0,0
2023-11-02,Smart Fitness Watch,North,22,221.53,4873.66,0,0
2023-11-02,Smart Fitness Watch,West,17,223.18,3794.06,0,0
2023-11-02,Smart Fitness Watch,South,24,218.61,5246.64,0,0
2023-11-02,Smart Fitness Watch,East,27,215.85,5827.95,0,0
2023-11-02,Ergonomic Office Chair,North,11,321.46,3536.06,0,0
2023-11-02,Ergonomic Office Chair,West,10,314.72,3147.2,0,0
2023-11-02,Ergonomic Office Chair,South,11,324.41,3568.51,0,0
2023-11-02,Ergonomic Office Chair,East,5,318.04,1590.2,0,0
2023-11-03,Laptop Pro 15,North,11,1203.19,13235.09,0,0
2023-11-03,Laptop Pro 15,West,17,1218.21,20709.57,0,0
2023-11-03,Laptop Pro 15,South,7,1201.18,8408.26,0,0
2023-11-03,Laptop Pro 15,East,11,1222.06,13442.66,0,0
2023-11-03,Smartphone Ultra,North,28,760.8,21302.4,0,0
2023-11-03,Smartphone Ultra,West,28,755.32,21148.96,0,0
2023-11-03,Smartphone Ultra,South,22,758.88,16695.36,0,0
2023-11-03,Smartphone Ultra,East,19,739.65,14053.35,0,0
2023-11-03,Wireless Noise-Canceling Headphones,North,51,183.52,9359.52,0,0
2023-11-03,Wireless Noise-Canceling Headphones,West,43,177.62,7637.66,0,0
2023-11-03,Wireless Noise-Canceling Headphones,South,35,182.57,6389.95,0,0
2023-11-03,Wireless Noise-Canceling Headphones,East,26,178.17,4632.42,0,0
2023-11-03,Smart Fitness Watch,North,33,219.28,7236.24,0,0
2023-11-03,Smart Fitness Watch,West,31,217.94,6756.14,0,0
2023-11-03,Smart Fitness Watch,South,20,220.79,4415.8,0,0
2023-11-03,Smart Fitness Watch,East,19,224.23,4260.37,0,0
2023-11-03,Ergonomic Office Chair,North,7,323.71,2265.97,0,0
2023-11-03,Ergonomic Office Chair,West,8,318.65,2549.2,0,0
2023-11-03,Ergonomic Office Chair,South,5,319.8,1599.0,0,0
2023-11-03,Ergonomic Office Chair,East,4,325.83,1303.32,0,0
2023-11-04,Laptop Pro 15,North,9,1182.21,10639.89,0,0
2023-11-04,Laptop Pro 15,West,7,1177.07,8239.49,0,0
2023-11-04,Laptop Pro 15,South,14,1209.59,16934.26,0,0
2023-11-04,Laptop Pro 15,East,10,1181.69,11816.9,0,0
2023-11-04,Smartphone Ultra,North,34,745.13,25334.42,0,0
2023-11-04,Smartphone Ultra,West,34,747.24,25406.16,0,0
2023-11-04,Smartphone Ultra,South,29,753.56,21853.24,0,0
2023-11-04,Smartphone Ultra,East,23,744.61,17126.03,0,0
2023-11-04,Wireless Noise-Canceling Headphones,North,57,178.17,10155.69,0,0
2023-11-04,Wireless Noise-Canceling Headphones,West,52,176.59,9182.68,0,0
2023-11-04,Wireless Noise-Canceling Headphones,South,43,179.29,7709.47,0,0
2023-11-04,Wireless Noise-Canceling Headphones,East,44,176.91,7784.04,0,0
2023-11-04,Smart Fitness Watch,North,35,220.55,7719.25,0,0
2023-11-04,Smart Fitness Watch,West,38,217.76,8274.88,0,0
2023-11-04,Smart Fitness Watch,South,36,217.35,7824.6,0,0
2023-11-04,Smart Fitness Watch,East,30,219.94,6598.2,0,0
2023-11-04,Ergonomic Office Chair,North,12,318.04,3816.48,0,0
2023-11-04,Ergonomic Office Chair,West,15,320.89,4813.35,0,0
2023-11-04,Ergonomic Office Chair,South,11,314.25,3456.75,0,0
2023-11-04,Ergonomic Office Chair,East,9,315.69,2841.21,0,0
2023-11-05,Laptop Pro 15,North,14,1202.9,16840.6,0,0
2023-11-05,Laptop Pro 15,West,16,1200.76,19212.16,0,0
2023-11-05,Laptop Pro 15,South,12,1221.74,14660.88,0,0
2023-11-05,Laptop Pro 15,East,6,1203.2,7219.2,0,0
2023-11-05,Smartphone Ultra,North,33,753.05,24850.65,0,0
2023-11-05,Smartphone Ultra,West,38,741.28,28168.64,0,0
2023-11-05,Smartphone Ultra,South,20,753.59,15071.8,0,0
2023-11-05,Smartphone Ultra,East,28,749.39,20982.92,0,0
2023-11-05,Wireless Noise-Canceling Headphones,North,63,179.67,11319.21,0,0
2023-11-05,Wireless Noise-Canceling Headphones,West,56,177.97,9966.32,0,0
2023-11-05,Wireless Noise-Canceling Headphones,South,49,177.86,8715.14,0,0
2023-11-05,Wireless Noise-Canceling Headphones,East,37,180.51,6678.87,0,0
2023-11-05,Smart Fitness Watch,North,36,215.96,7774.56,0,0
2023-11-05,Smart Fitness Watch,West,28,217.17,6080.76,0,0
2023-11-05,Smart Fitness Watch,South,28,220.06,6161.68,0,0
2023-11-05,Smart Fitness Watch,East,34,222.76,7573.84,0,0
2023-11-05,Ergonomic Office Chair,North,10,316.06,3160.6,0,0
2023-11-05,Ergonomic Office Chair,West,15,320.61,4809.15,0,0
2023-11-05,Ergonomic Office Chair,South,13,323.54,4206.02,0,0
2023-11-05,Ergonomic Office Chair,East,11,321.32,3534.52,0,0
2023-11-06,Laptop Pro 15,North,9,1196.64,10769.76,0,0
2023-11-06,Laptop Pro 15,West,11,1181.07,12991.77,0,0
2023-11-06,Laptop Pro 15,South,7,1215.98,8511.86,0,0
2023-11-06,Laptop Pro 15,East,10,1213.41,12134.1,0,0
2023-11-06,Smartphone Ultra,North,29,750.53,21765.37,0,0
2023-11-06,Smartphone Ultra,West,17,759.97,12919.49,0,0
2023-11-06,Smartphone Ultra,South,27,757.1,20441.7,0,0
2023-11-06,Smartphone Ultra,East,12,749.91,8998.92,0,0
2023-11-06,Wireless Noise-Canceling Headphones,North,45,178.03,8011.35,0,0
2023-11-06,Wireless Noise-Canceling Headphones,West,33,177.54,5858.82,0,0
2023-11-06,Wireless Noise-Canceling Headphones,South,39,181.74,7087.86,0,0
2023-11-06,Wireless Noise-Canceling Headphones,East,33,177.0,5841.0,0,0
2023-11-06,Smart Fitness Watch,North,18,223.48,4022.64,0,0
2023-11-06,Smart Fitness Watch,West,27,218.64,5903.28,0,0
2023-11-06,Smart Fitness Watch,South,30,224.4,6732.0,0,0
2023-11-06,Smart Fitness Watch,East,14,223.95,3135.3,0,0
2023-11-06,Ergonomic Office Chair,North,9,318.09,2862.81,0,0
2023-11-06,Ergonomic Office Chair,West,11,317.59,3493.49,0,0
2023-11-06,Ergonomic Office Chair,South,6,321.97,1931.82,0,0
2023-11-06,Ergonomic Office Chair,East,5,314.32,1571.6,0,0
2023-11-07,Laptop Pro 15,North,11,1183.97,13023.67,0,0
2023-11-07,Laptop Pro 15,West,8,1215.47,9723.76,0,0
2023-11-07,Laptop Pro 15,South,5,1210.97,6054.85,0,0
2023-11-07,Laptop Pro 15,East,6,1205.6,7233.6,0,0
2023-11-07,Smartphone Ultra,North,20,751.21,15024.2,0,0
2023-11-07,Smartphone Ultra,West,21,747.47,15696.87,0,0
2023-11-07,Smartphone Ultra,South,20,759.87,15197.4,0,0
2023-11-07,Smartphone Ultra,East,16,751.98,12031.68,0,0
2023-11-07,Wireless Noise-Canceling Headphones,North,41,181.06,7423.46,0,0
2023-11-07,Wireless Noise-Canceling Headphones,West,44,181.29,7976.76,0,0
2023-11-07,Wireless Noise-Canceling Headphones,South,27,180.94,4885.38,0,0
2023-11-07,Wireless Noise-Canceling Headphones,East,29,177.3,5141.7,0,0
2023-11-07,Smart Fitness Watch,North,22,220.01,4840.22,0,0
2023-11-07,Smart Fitness Watch,West,23,215.91,4965.93,0,0
2023-11-07,Smart Fitness Watch,South,10,220.68,2206.8,0,0
2023-11-07,Smart Fitness Watch,East,25,215.9,5397.5,0,0
2023-11-07,Ergonomic Office Chair,North,6,315.63,1893.78,0,0
2023-11-07,Ergonomic Office Chair,West,11,322.19,3544.09,0,0
2023-11-07,Ergonomic Office Chair,South,6,323.73,1942.38,0,0
2023-11-07,Ergonomic Office Chair,East,6,322.48,1934.88,0,0
2023-11-08,Laptop Pro 15,North,15,1196.03,17940.45,0,0
2023-11-08,Laptop Pro 15,West,5,1206.98,6034.9,0,0
2023-11-08,Laptop Pro 15,South,9,1215.51,10939.59,0,0
2023-11-08,Laptop Pro 15,East,6,1215.91,7295.46,0,0
2023-11-08,Smartphone Ultra,North,24,755.33,18127.92,0,0
2023-11-08,Smartphone Ultra,West,25,763.4,19085.0,0,0
2023-11-08,Smartphone Ultra,South,17,762.25,12958.25,0,0
2023-11-08,Smartphone Ultra,East,11,761.2,8373.2,0,0
2023-11-08,Wireless Noise-Canceling Headphones,North,40,178.79,7151.6,0,0
2023-11-08,Wireless Noise-Canceling Headphones,West,48,181.12,8693.76,0,0
2023-11-08,Wireless Noise-Canceling Headphones,South,39,181.35,7072.65,0,0
2023-11-08,Wireless Noise-Canceling Headphones,East,40,183.32,7332.8,0,0
2023-11-08,Smart Fitness Watch,North,27,217.92,5883.84,0,0
2023-11-08,Smart Fitness Watch,West,24,219.0,5256.0,0,0
2023-11-08,Smart Fitness Watch,South,31,223.67,6933.77,0,0
2023-11-08,Smart Fitness Watch,East,18,220.19,3963.42,0,0
2023-11-08,Ergonomic Office Chair,North,8,319.03,2552.24,0,0
2023-11-08,Ergonomic Office Chair,West,10,318.62,3186.2,0,0
2023-11-08,Ergonomic Office Chair,South,9,318.71,2868.39,0,0
2023-11-08,Ergonomic Office Chair,East,4,324.49,1297.96,0,0
2023-11-09,Laptop Pro 15,North,17,1186.23,20165.91,0,0
2023-11-09,Laptop Pro 15,West,10,1214.33,12143.3,0,0
2023-11-09,Laptop Pro 15,South,17,1210.41,20576.97,0,0
2023-11-09,Laptop Pro 15,East,4,1215.67,4862.68,0,0
2023-11-09,Smartphone Ultra,North,23,760.3,17486.9,0,0
2023-11-09,Smartphone Ultra,West,28,744.12,20835.36,0,0
2023-11-09,Smartphone Ultra,South,16,739.61,11833.76,0,0
2023-11-09,Smartphone Ultra,East,12,756.18,9074.16,0,0
2023-11-09,Wireless Noise-Canceling Headphones,North,52,179.27,9322.04,0,0
2023-11-09,Wireless Noise-Canceling Headphones,West,37,178.45,6602.65,0,0
2023-11-09,Wireless Noise-Canceling Headphones,South,34,180.48,6136.32,0,0
2023-11-09,Wireless Noise-Canceling Headphones,East,28,181.47,5081.16,0,0
2023-11-09,Smart Fitness Watch,North,31,219.87,6815.97,0,0
2023-11-09,Smart Fitness Watch,West,27,215.63,5822.01,0,0
2023-11-09,Smart Fitness Watch,South,26,223.85,5820.1,0,0
2023-11-09,Smart Fitness Watch,East,17,222.61,3784.37,0,0
2023-11-09,Ergonomic Office Chair,North,13,323.39,4204.07,0,0
2023-11-09,Ergonomic Office Chair,West,10,321.88,3218.8,0,0
2023-11-09,Ergonomic Office Chair,South,10,322.23,3222.3,0,0
2023-11-09,Ergonomic Office Chair,East,8,316.1,2528.8,0,0
2023-11-10,Laptop Pro 15,North,18,1214.82,21866.76,0,0
2023-11-10,Laptop Pro 15,West,10,1204.48,12044.8,0,0
2023-11-10,Laptop Pro 15,South,13,1221.41,15878.33,0,0
2023-11-10,Laptop Pro 15,East,8,1222.8,9782.4,0,0
2023-11-10,Smartphone Ultra,North,20,747.91,14958.2,0,0
2023-11-10,Smartphone Ultra,West,28,737.91,20661.48,0,0
2023-11-10,Smartphone Ultra,South,32,745.28,23848.96,0,0
2023-11-10,Smartphone Ultra,East,18,738.01,13284.18,0,0
2023-11-10,Wireless Noise-Canceling Headphones,North,42,177.82,7468.44,0,0
2023-11-10,Wireless Noise-Canceling Headphones,West,47,180.93,8503.71,0,0
2023-11-10,Wireless Noise-Canceling Headphones,South,39,177.61,6926.79,0,0
2023-11-10,Wireless Noise-Canceling Headphones,East,41,178.75,7328.75,0,0
2023-11-10,Smart Fitness Watch,North,32,220.52,7056.64,0,0
2023-11-10,Smart Fitness Watch,West,22,223.72,4921.84,0,0
2023-11-10,Smart Fitness Watch,South,33,220.64,7281.12,0,0
2023-11-10,Smart Fitness Watch,East,15,217.82,3267.3,0,0
2023-11-10,Ergonomic Office Chair,North,11,319.5,3514.5,0,0
2023-11-10,Ergonomic Office Chair,West,7,315.68,2209.76,0,0
2023-11-10,Ergonomic Office Chair,South,7,321.12,2247.84,0,0
2023-11-10,Ergonomic Office Chair,East,11,315.29,3468.19,0,0
2023-11-11,Laptop Pro 15,North,21,1219.68,25613.28,0,0
2023-11-11,Laptop Pro 15,West,11,1190.23,13092.53,0,0
2023-11-11,Laptop Pro 15,South,12,1194.5,14334.0,0,0
2023-11-11,Laptop Pro 15,East,7,1219.24,8534.68,0,0
2023-11-11,Smartphone Ultra,North,36,737.22,26539.92,0,0
2023-11-11,Smartphone Ultra,West,36,755.45,27196.2,0,0
2023-11-11,Smartphone Ultra,South,31,739.34,22919.54,0,0
2023-11-11,Smartphone Ultra,East,27,759.81,20514.87,0,0
2023-11-11,Wireless Noise-Canceling Headphones,North,58,177.63,10302.54,0,0
2023-11-11,Wireless Noise-Canceling Headphones,West,63,179.31,11296.53,0,0
2023-11-11,Wireless Noise-Canceling Headphones,South,49,178.12,8727.88,0,0
2023-11-11,Wireless Noise-Canceling Headphones,East,39,179.2,6988.8,0,0
2023-11-11,Smart Fitness Watch,North,38,219.06,8324.28,0,0
2023-11-11,Smart Fitness Watch,West,34,224.39,7629.26,0,0
2023-11-11,Smart Fitness Watch,South,21,217.14,4559.94,0,0
2023-11-11,Smart Fitness Watch,East,25,217.8,5445.0,0,0
2023-11-11,Ergonomic Office Chair,North,9,317.97,2861.73,0,0
2023-11-11,Ergonomic Office Chair,West,12,318.86,3826.32,0,0
2023-11-11,Ergonomic Office Chair,South,14,313.84,4393.76,0,0
2023-11-11,Ergonomic Office Chair,East,7,313.86,2197.02,0,0
2023-11-12,Laptop Pro 15,North,15,1176.81,17652.15,0,0
2023-11-12,Laptop Pro 15,West,13,1207.09,15692.17,0,0
2023-11-12,Laptop Pro 15,South,12,1179.31,14151.72,0,0
2023-11-12,Laptop Pro 15,East,13,1200.44,15605.72,0,0
2023-11-12,Smartphone Ultra,North,34,748.58,25451.72,0,0
2023-11-12,Smartphone Ultra,West,37,736.1,27235.7,0,0
2023-11-12,Smartphone Ultra,South,33,746.0,24618.0,0,0
2023-11-12,Smartphone Ultra,East,17,737.36,12535.12,0,0
2023-11-12,Wireless Noise-Canceling Headphones,North,58,180.7,10480.6,0,0
2023-11-12,Wireless Noise-Canceling Headphones,West,61,177.66,10837.26,0,0
2023-11-12,Wireless Noise-Canceling Headphones,South,39,179.75,7010.25,0,0
2023-11-12,Wireless Noise-Canceling Headphones,East,44,181.52,7986.88,0,0
2023-11-12,Smart Fitness Watch,North,42,218.62,9182.04,0,0
2023-11-12,Smart Fitness Watch,West,43,224.25,9642.75,0,0
2023-11-12,Smart Fitness Watch,South,29,216.37,6274.73,0,0
2023-11-12,Smart Fitness Watch,East,25,219.48,5487.0,0,0
2023-11-12,Ergonomic Office Chair,North,15,324.69,4870.35,0,0
2023-11-12,Ergonomic Office Chair,West,12,323.12,3877.44,0,0
2023-11-12,Ergonomic Office Chair,South,8,322.6,2580.8,0,0
2023-11-12,Ergonomic Office Chair,East,5,321.11,1605.55,0,0
2023-11-13,Laptop Pro 15,North,11,1218.68,13405.48,0,0
2023-11-13,Laptop Pro 15,West,8,1181.66,9453.28,0,0
2023-11-13,Laptop Pro 15,South,6,1203.7,7222.2,0,0
2023-11-13,Laptop Pro 15,East,2,1191.06,2382.12,0,0
2023-11-13,Smartphone Ultra,North,26,761.63,19802.38,0,0
2023-11-13,Smartphone Ultra,West,19,741.54,14089.26,0,0
2023-11-13,Smartphone Ultra,South,16,743.84,11901.44,0,0
2023-11-13,Smartphone Ultra,East,21,761.26,15986.46,0,0
2023-11-13,Wireless Noise-Canceling Headphones,North,34,178.05,6053.7,0,0
2023-11-13,Wireless Noise-Canceling Headphones,West,48,178.68,8576.64,0,0
2023-11-13,Wireless Noise-Canceling Headphones,South,17,176.97,3008.49,0,0
2023-11-13,Wireless Noise-Canceling Headphones,East,26,179.28,4661.28,0,0
2023-11-13,Smart Fitness Watch,North,26,216.84,5637.84,0,0
2023-11-13,Smart Fitness Watch,West,20,220.63,4412.6,0,0
2023-11-13,Smart Fitness Watch,South,20,219.3,4386.0,0,0
2023-11-13,Smart Fitness Watch,East,17,219.02,3723.34,0,0
2023-11-13,Ergonomic Office Chair,North,8,317.55,2540.4,0,0
2023-11-13,Ergonomic Office Chair,West,7,325.41,2277.87,0,0
2023-11-13,Ergonomic Office Chair,South,8,321.19,2569.52,0,0
2023-11-13,Ergonomic Office Chair,East,9,320.74,2886.66,0,0
2023-11-14,Laptop Pro 15,North,5,1208.62,6043.1,0,0
2023-11-14,Laptop Pro 15,West,12,1189.86,14278.32,0,0
2023-11-14,Laptop Pro 15,South,8,1208.35,9666.8,0,0
2023-11-14,Laptop Pro 15,East,6,1203.57,7221.42,0,0
2023-11-14,Smartphone Ultra,North,17,747.27,12703.59,0,0
2023-11-14,Smartphone Ultra,West,22,738.19,16240.18,0,0
2023-11-14,Smartphone Ultra,South,18,754.67,13584.06,0,0
2023-11-14,Smartphone Ultra,East,10,744.41,7444.1,0,0
2023-11-14,Wireless Noise-Canceling Headphones,North,45,183.05,8237.25,0,0
2023-11-14,Wireless Noise-Canceling Headphones,West,51,178.8,9118.8,0,0
2023-11-14,Wireless Noise-Canceling Headphones,South,30,181.36,5440.8,0,0
2023-11-14,Wireless Noise-Canceling Headphones,East,28,183.32,5132.96,0,0
2023-11-14,Smart Fitness Watch,North,29,223.02,6467.58,0,0
2023-11-14,Smart Fitness Watch,West,32,219.26,7016.32,0,0
2023-11-14,Smart Fitness Watch,South,30,221.18,6635.4,0,0
2023-11-14,Smart Fitness Watch,East,21,218.11,4580.31,0,0
2023-11-14,Ergonomic Office Chair,North,15,315.82,4737.3,0,0
2023-11-14,Ergonomic Office Chair,West,10,321.0,3210.0,0,0
2023-11-14,Ergonomic Office Chair,South,5,326.29,1631.45,0,0
2023-11-14,Ergonomic Office Chair,East,8,321.87,2574.96,0,0
2023-11-15,Laptop Pro 15,North,10,1189.57,11895.7,0,0
2023-11-15,Laptop Pro 15,West,11,1202.68,13229.48,0,0
2023-11-15,Laptop Pro 15,South,6,1189.15,7134.9,0,0
2023-11-15,Laptop Pro 15,East,6,1221.74,7330.44,0,0
2023-11-15,Smartphone Ultra,North,22,757.89,16673.58,0,0
2023-11-15,Smartphone Ultra,West,20,755.48,15109.6,0,0
2023-11-15,Smartphone Ultra,South,14,750.01,10500.14,0,0
2023-11-15,Smartphone Ultra,East,17,744.3,12653.1,0,0
2023-11-15,Wireless Noise-Canceling Headphones,North,47,182.57,8580.79,0,0
2023-11-15,Wireless Noise-Canceling Headphones,West,40,179.51,7180.4,0,0
2023-11-15,Wireless Noise-Canceling Headphones,South,33,181.48,5988.84,0,0
2023-11-15,Wireless Noise-Canceling Headphones,East,38,177.18,6732.84,0,0
2023-11-15,Smart Fitness Watch,North,25,219.27,5481.75,0,0
2023-11-15,Smart Fitness Watch,West,21,221.65,4654.65,0,0
2023-11-15,Smart Fitness Watch,South,25,217.85,5446.25,0,0
2023-11-15,Smart Fitness Watch,East,21,221.82,4658.22,0,0
2023-11-15,Ergonomic Office Chair,North,10,325.68,3256.8,0,0
2023-11-15,Ergonomic Office Chair,West,8,320.71,2565.68,0,0
2023-11-15,Ergonomic Office Chair,South,8,315.52,2524.16,0,0
2023-11-15,Ergonomic Office Chair,East,6,320.44,1922.64,0,0
2023-11-16,Laptop Pro 15,North,10,1193.4,11934.0,0,0
2023-11-16,Laptop Pro 15,West,5,1213.38,6066.9,0,0
2023-11-16,Laptop Pro 15,South,4,1182.8,4731.2,0,0
2023-11-16,Laptop Pro 15,East,7,1222.26,8555.82,0,0
2023-11-16,Smartphone Ultra,North,14,743.67,10411.38,0,0
2023-11-16,Smartphone Ultra,West,14,739.74,10356.36,0,0
2023-11-16,Smartphone Ultra,South,22,760.26,16725.72,0,0
2023-11-16,Smartphone Ultra,East,15,742.79,11141.85,0,0
2023-11-16,Wireless Noise-Canceling Headphones,North,43,179.15,7703.45,0,0
2023-11-16,Wireless Noise-Canceling Headphones,West,42,177.59,7458.78,0,0
2023-11-16,Wireless Noise-Canceling Headphones,South,38,182.22,6924.36,0,0
2023-11-16,Wireless Noise-Canceling Headphones,East,33,179.92,5937.36,0,0
2023-11-16,Smart Fitness Watch,North,31,222.57,6899.67,0,0
2023-11-16,Smart Fitness Watch,West,22,223.88,4925.36,0,0
2023-11-16,Smart Fitness Watch,South,24,215.66,5175.84,0,0
2023-11-16,Smart Fitness Watch,East,13,219.95,2859.35,0,0
2023-11-16,Ergonomic Office Chair,North,9,317.86,2860.74,0,0
2023-11-16,Ergonomic Office Chair,West,13,324.79,4222.27,0,0
2023-11-16,Ergonomic Office Chair,South,5,314.83,1574.15,0,0
2023-11-16,Ergonomic Office Chair,East,5,316.37,1581.85,0,0
2023-11-17,Laptop Pro 15,North,11,1182.29,13005.19,0,0
2023-11-17,Laptop Pro 15,West,13,1218.14,15835.82,0,0
2023-11-17,Laptop Pro 15,South,6,1187.28,7123.68,0,0
2023-11-17,Laptop Pro 15,East,5,1204.11,6020.55,0,0
2023-11-17,Smartphone Ultra,North,27,738.8,19947.6,0,0
2023-11-17,Smartphone Ultra,West,20,746.25,14925.0,0,0
2023-11-17,Smartphone Ultra,South,22,737.77,16230.94,0,0
2023-11-17,Smartphone Ultra,East,18,743.85,13389.3,0,0
2023-11-17,Wireless Noise-Canceling Headphones,North,48,179.93,8636.64,0,0
2023-11-17,Wireless Noise-Canceling Headphones,West,57,178.01,10146.57,0,0
2023-11-17,Wireless Noise-Canceling Headphones,South,37,178.5,6604.5,0,0
2023-11-17,Wireless Noise-Canceling Headphones,East,44,182.82,8044.08,0,0
2023-11-17,Smart Fitness Watch,North,43,220.16,9466.88,0,0
2023-11-17,Smart Fitness Watch,West,38,216.72,8235.36,0,0
2023-11-17,Smart Fitness Watch,South,24,223.83,5371.92,0,0
2023-11-17,Smart Fitness Watch,East,24,222.27,5334.48,0,0
2023-11-17,Ergonomic Office Chair,North,10,316.1,3161.0,0,0
2023-11-17,Ergonomic Office Chair,West,10,321.43,3214.3,0,0
2023-11-17,Ergonomic Office Chair,South,11,320.14,3521.54,0,0
2023-11-17,Ergonomic Office Chair,East,8,321.77,2574.16,0,0
2023-11-18,Laptop Pro 15,North,12,1218.6,14623.2,0,0
2023-11-18,Laptop Pro 15,West,12,1181.12,14173.44,0,0
2023-11-18,Laptop Pro 15,South,9,1217.95,10961.55,0,0
2023-11-18,Laptop Pro 15,East,14,1199.94,16799.16,0,0
2023-11-18,Smartphone Ultra,North,31,746.48,23140.88,0,0
2023-11-18,Smartphone Ultra,West,36,748.71,26953.56,0,0
2023-11-18,Smartphone Ultra,South,18,749.06,13483.08,0,0
2023-11-18,Smartphone Ultra,East,24,753.58,18085.92,0,0
2023-11-18,Wireless Noise-Canceling Headphones,North,55,180.37,9920.35,0,0
2023-11-18,Wireless Noise-Canceling Headphones,West,52,181.31,9428.12,0,0
2023-11-18,Wireless Noise-Canceling Headphones,South,40,182.17,7286.8,0,0
2023-11-18,Wireless Noise-Canceling Headphones,East,36,180.94,6513.84,0,0
2023-11-18,Smart Fitness Watch,North,41,223.22,9152.02,0,0
2023-11-18,Smart Fitness Watch,West,34,222.04,7549.36,0,0
2023-11-18,Smart Fitness Watch,South,38,221.54,8418.52,0,0
2023-11-18,Smart Fitness Watch,East,30,223.2,6696.0,0,0
2023-11-18,Ergonomic Office Chair,North,16,316.43,5062.88,0,0
2023-11-18,Ergonomic Office Chair,West,12,322.99,3875.88,0,0
2023-11-18,Ergonomic Office Chair,South,13,317.54,4128.02,0,0
2023-11-18,Ergonomic Office Chair,East,10,325.95,3259.5,0,0
2023-11-19,Laptop Pro 15,North,16,1212.44,19399.04,0,0
2023-11-19,Laptop Pro 15,West,13,1198.1,15575.3,0,0
2023-11-19,Laptop Pro 15,South,13,1217.79,15831.27,0,0
2023-11-19,Laptop Pro 15,East,9,1203.83,10834.47,0,0
2023-11-19,Smartphone Ultra,North,30,740.88,22226.4,0,0
2023-11-19,Smartphone Ultra,West,35,745.28,26084.8,0,0
2023-11-19,Smartphone Ultra,South,22,748.91,16476.02,0,0
2023-11-19,Smartphone Ultra,East,30,736.17,22085.1,0,0
2023-11-19,Wireless Noise-Canceling Headphones,North,62,181.51,11253.62,0,0
2023-11-19,Wireless Noise-Canceling Headphones,West,55,183.19,10075.45,0,0
2023-11-19,Wireless Noise-Canceling Headphones,South,48,180.65,8671.2,0,0
2023-11-19,Wireless Noise-Canceling Headphones,East,40,181.89,7275.6,0,0
2023-11-19,Smart Fitness Watch,North,32,220.55,7057.6,0,0
2023-11-19,Smart Fitness Watch,West,39,221.38,8633.82,0,0
2023-11-19,Smart Fitness Watch,South,23,218.74,5031.02,0,0
2023-11-19,Smart Fitness Watch,East,43,218.22,9383.46,0,0
2023-11-19,Ergonomic Office Chair,North,18,320.79,5774.22,0,0
2023-11-19,Ergonomic Office Chair,West,12,314.3,3771.6,0,0
2023-11-19,Ergonomic Office Chair,South,8,315.62,2524.96,0,0
2023-11-19,Ergonomic Office Chair,East,9,318.69,2868.21,0,0
2023-11-20,Laptop Pro 15,North,22,1059.14,23301.08,1,0
2023-11-20,Laptop Pro 15,West,9,1051.71,9465.39,1,0
2023-11-20,Laptop Pro 15,South,9,1076.6,9689.4,1,0
2023-11-20,Laptop Pro 15,East,11,1085.43,11939.73,1,0
2023-11-20,Smartphone Ultra,North,39,642.57,25060.23,1,0
2023-11-20,Smartphone Ultra,West,42,650.47,27319.74,1,0
2023-11-20,Smartphone Ultra,South,30,670.86,20125.8,1,0
2023-11-20,Smartphone Ultra,East,23,676.13,15550.99,1,0
2023-11-20,Wireless Noise-Canceling Headphones,North,66,153.82,10152.12,1,0
2023-11-20,Wireless Noise-Canceling Headphones,West,56,156.47,8762.32,1,0
2023-11-20,Wireless Noise-Canceling Headphones,South,55,161.87,8902.85,1,0
2023-11-20,Wireless Noise-Canceling Headphones,East,50,161.2,8060.0,1,0
2023-11-20,Smart Fitness Watch,North,56,201.0,11256.0,1,0
2023-11-20,Smart Fitness Watch,West,40,187.8,7512.0,1,0
2023-11-20,Smart Fitness Watch,South,38,198.11,7528.18,1,0
2023-11-20,Smart Fitness Watch,East,33,191.06,6304.98,1,0
2023-11-20,Ergonomic Office Chair,North,10,291.42,2914.2,1,0
2023-11-20,Ergonomic Office Chair,West,9,279.49,2515.41,1,0
2023-11-20,Ergonomic Office Chair,South,17,294.32,5003.44,1,0
2023-11-20,Ergonomic Office Chair,East,5,275.03,1375.15,1,0
2023-11-21,Laptop Pro 15,North,14,1034.2,14478.8,1,0
2023-11-21,Laptop Pro 15,West,9,1039.35,9354.15,1,0
2023-11-21,Laptop Pro 15,South,12,1077.17,12926.04,1,0
2023-11-21,Laptop Pro 15,East,10,1043.13,10431.3,1,0
2023-11-21,Smartphone Ultra,North,30,675.22,20256.6,1,0
2023-11-21,Smartphone Ultra,West,34,642.44,21842.96,1,0
2023-11-21,Smartphone Ultra,South,34,668.5,22729.0,1,0
2023-11-21,Smartphone Ultra,East,32,673.55,21553.6,1,0
2023-11-21,Wireless Noise-Canceling Headphones,North,85,153.19,13021.15,1,0
2023-11-21,Wireless Noise-Canceling Headphones,West,66,163.99,10823.34,1,0
2023-11-21,Wireless Noise-Canceling Headphones,South,37,157.75,5836.75,1,0
2023-11-21,Wireless Noise-Canceling Headphones,East,38,162.4,6171.2,1,0
2023-11-21,Smart Fitness Watch,North,37,198.33,7338.21,1,0
2023-11-21,Smart Fitness Watch,West,45,196.86,8858.7,1,0
2023-11-21,Smart Fitness Watch,South,28,198.54,5559.12,1,0
2023-11-21,Smart Fitness Watch,East,28,195.77,5481.56,1,0
2023-11-21,Ergonomic Office Chair,North,19,285.99,5433.81,1,0
2023-11-21,Ergonomic Office Chair,West,19,281.95,5357.05,1,0
2023-11-21,Ergonomic Office Chair,South,9,278.31,2504.79,1,0
2023-11-21,Ergonomic Office Chair,East,11,291.35,3204.85,1,0
2023-11-22,Laptop Pro 15,North,16,1050.38,16806.08,1,0
2023-11-22,Laptop Pro 15,West,17,1068.43,18163.31,1,0
2023-11-22,Laptop Pro 15,South,8,1045.83,8366.64,1,0
2023-11-22,Laptop Pro 15,East,13,1042.19,13548.47,1,0
2023-11-22,Smartphone Ultra,North,28,650.2,18205.6,1,0
2023-11-22,Smartphone Ultra,West,26,668.94,17392.44,1,0
2023-11-22,Smartphone Ultra,South,29,680.28,19728.12,1,0
2023-11-22,Smartphone Ultra,East,31,668.36,20719.16,1,0
2023-11-22,Wireless Noise-Canceling Headphones,North,49,161.24,7900.76,1,0
2023-11-22,Wireless Noise-Canceling Headphones,West,60,158.36,9501.6,1,0
2023-11-22,Wireless Noise-Canceling Headphones,South,43,154.04,6623.72,1,0
2023-11-22,Wireless Noise-Canceling Headphones,East,37,165.54,6124.98,1,0
2023-11-22,Smart Fitness Watch,North,38,198.85,7556.3,1,0
2023-11-22,Smart Fitness Watch,West,41,194.49,7974.09,1,0
2023-11-22,Smart Fitness Watch,South,31,201.31,6240.61,1,0
2023-11-22,Smart Fitness Watch,East,31,198.67,6158.77,1,0
2023-11-22,Ergonomic Office Chair,North,15,279.15,4187.25,1,0
2023-11-22,Ergonomic Office Chair,West,15,281.8,4227.0,1,0
2023-11-22,Ergonomic Office Chair,South,15,273.45,4101.75,1,0
2023-11-22,Ergonomic Office Chair,East,14,275.96,3863.44,1,0
2023-11-23,Laptop Pro 15,North,18,1048.07,18865.26,1,0
2023-11-23,Laptop Pro 15,West,12,1090.16,13081.92,1,0
2023-11-23,Laptop Pro 15,South,12,1094.21,13130.52,1,0
2023-11-23,Laptop Pro 15,East,6,1075.29,6451.74,1,0
2023-11-23,Smartphone Ultra,North,36,645.34,23232.24,1,0
2023-11-23,Smartphone Ultra,West,36,654.43,23559.48,1,0
2023-11-23,Smartphone Ultra,South,27,689.9,18627.3,1,0
2023-11-23,Smartphone Ultra,East,27,668.36,18045.72,1,0
2023-11-23,Wireless Noise-Canceling Headphones,North,63,155.85,9818.55,1,0
2023-11-23,Wireless Noise-Canceling Headphones,West,62,153.94,9544.28,1,0
2023-11-23,Wireless Noise-Canceling Headphones,South,53,164.52,8719.56,1,0
2023-11-23,Wireless Noise-Canceling Headphones,East,46,165.03,7591.38,1,0
2023-11-23,Smart Fitness Watch,North,48,190.09,9124.32,1,0
2023-11-23,Smart Fitness Watch,West,27,196.43,5303.61,1,0
2023-11-23,Smart Fitness Watch,South,37,200.96,7435.52,1,0
2023-11-23,Smart Fitness Watch,East,28,200.88,5624.64,1,0
2023-11-23,Ergonomic Office Chair,North,11,275.02,3025.22,1,0
2023-11-23,Ergonomic Office Chair,West,17,292.81,4977.77,1,0
2023-11-23,Ergonomic Office Chair,South,9,294.16,2647.44,1,0
2023-11-23,Ergonomic Office Chair,East,12,285.18,3422.16,1,0
2023-11-24,Laptop Pro 15,North,22,1048.14,23059.08,1,1
2023-11-24,Laptop Pro 15,West,23,1051.39,24181.97,1,1
2023-11-24,Laptop Pro 15,South,27,1021.24,27573.48,1,1
2023-11-24,Laptop Pro 15,East,18,1102.82,19850.76,1,1
2023-11-24,Smartphone Ultra,North,61,647.73,39511.53,1,1
2023-11-24,Smartphone Ultra,West,74,678.99,50245.26,1,1
2023-11-24,Smartphone Ultra,South,44,643.39,28309.16,1,1
2023-11-24,Smartphone Ultra,East,53,671.27,35577.31,1,1
2023-11-24,Wireless Noise-Canceling Headphones,North,121,155.46,18810.66,1,1
2023-11-24,Wireless Noise-Canceling Headphones,West,120,165.52,19862.4,1,1
2023-11-24,Wireless Noise-Canceling Headphones,South,66,157.09,10367.94,1,1
2023-11-24,Wireless Noise-Canceling Headphones,East,94,158.95,14941.3,1,1
2023-11-24,Smart Fitness Watch,North,79,197.69,15617.51,1,1
2023-11-24,Smart Fitness Watch,West,62,201.59,12498.58,1,1
2023-11-24,Smart Fitness Watch,South,70,194.74,13631.8,1,1
2023-11-24,Smart Fitness Watch,East,66,199.9,13193.4,1,1
2023-11-24,Ergonomic Office Chair,North,28,275.31,7708.68,1,1
2023-11-24,Ergonomic Office Chair,West,15,292.02,4380.3,1,1
2023-11-24,Ergonomic Office Chair,South,25,285.93,7148.25,1,1
2023-11-24,Ergonomic Office Chair,East,18,292.73,5269.14,1,1
2023-11-25,Laptop Pro 15,North,33,1103.67,36421.11,1,1
2023-11-25,Laptop Pro 15,West,30,1092.44,32773.2,1,1
2023-11-25,Laptop Pro 15,South,23,1101.95,25344.85,1,1
2023-11-25,Laptop Pro 15,East,22,1061.92,23362.24,1,1
2023-11-25,Smartphone Ultra,North,79,687.0,54273.0,1,1
2023-11-25,Smartphone Ultra,West,87,639.19,55609.53,1,1
2023-11-25,Smartphone Ultra,South,68,647.35,44019.8,1,1
2023-11-25,Smartphone Ultra,East,60,685.62,41137.2,1,1
2023-11-25,Wireless Noise-Canceling Headphones,North,128,159.01,20353.28,1,1
2023-11-25,Wireless Noise-Canceling Headphones,West,133,164.84,21923.72,1,1
2023-11-25,Wireless Noise-Canceling Headphones,South,123,155.18,19087.14,1,1
2023-11-25,Wireless Noise-Canceling Headphones,East,97,160.58,15576.26,1,1
2023-11-25,Smart Fitness Watch,North,84,188.52,15835.68,1,1
2023-11-25,Smart Fitness Watch,West,88,190.19,16736.72,1,1
2023-11-25,Smart Fitness Watch,South,84,196.94,16542.96,1,1
2023-11-25,Smart Fitness Watch,East,63,197.69,12454.47,1,1
2023-11-25,Ergonomic Office Chair,North,31,273.59,8481.29,1,1
2023-11-25,Ergonomic Office Chair,West,30,275.82,8274.6,1,1
2023-11-25,Ergonomic Office Chair,South,26,274.04,7125.04,1,1
2023-11-25,Ergonomic Office Chair,East,24,293.27,7038.48,1,1
2023-11-26,Laptop Pro 15,North,36,1081.38,38929.68,1,1
2023-11-26,Laptop Pro 15,West,27,1078.01,29106.27,1,1
2023-11-26,Laptop Pro 15,South,22,1069.34,23525.48,1,1
2023-11-26,Laptop Pro 15,East,25,1033.04,25826.0,1,1
2023-11-26,Smartphone Ultra,North,80,655.25,52420.0,1,1
2023-11-26,Smartphone Ultra,West,68,663.22,45098.96,1,1
2023-11-26,Smartphone Ultra,South,73,665.12,48553.76,1,1
2023-11-26,Smartphone Ultra,East,46,659.63,30342.98,1,1
2023-11-26,Wireless Noise-Canceling Headphones,North,152,154.37,23464.24,1,1
2023-11-26,Wireless Noise-Canceling Headphones,West,124,156.26,19376.24,1,1
2023-11-26,Wireless Noise-Canceling Headphones,South,123,154.81,19041.63,1,1
2023-11-26,Wireless Noise-Canceling Headphones,East,92,162.49,14949.08,1,1
2023-11-26,Smart Fitness Watch,North,84,188.68,15849.12,1,1
2023-11-26,Smart Fitness Watch,West,75,197.84,14838.0,1,1
2023-11-26,Smart Fitness Watch,South,59,194.99,11504.41,1,1
2023-11-26,Smart Fitness Watch,East,78,193.88,15122.64,1,1
2023-11-26,Ergonomic Office Chair,North,25,276.72,6918.0,1,1
2023-11-26,Ergonomic Office Chair,West,27,287.67,7767.09,1,1
2023-11-26,Ergonomic Office Chair,South,33,274.36,9053.88,1,1
2023-11-26,Ergonomic Office Chair,East,15,286.77,4301.55,1,1
2023-11-27,Laptop Pro 15,North,25,1062.48,26562.0,1,1
2023-11-27,Laptop Pro 15,West,28,1097.17,30720.76,1,1
2023-11-27,Laptop Pro 15,South,20,1054.22,21084.4,1,1
2023-11-27,Laptop Pro 15,East,16,1029.04,16464.64,1,1
2023-11-27,Smartphone Ultra,North,57,676.9,38583.3,1,1
2023-11-27,Smartphone Ultra,West,55,651.19,35815.45,1,1
2023-11-27,Smartphone Ultra,South,57,679.45,38728.65,1,1
2023-11-27,Smartphone Ultra,East,36,654.26,23553.36,1,1
2023-11-27,Wireless Noise-Canceling Headphones,North,79,156.27,12345.33,1,1
2023-11-27,Wireless Noise-Canceling Headphones,West,89,162.69,14479.41,1,1
2023-11-27,Wireless Noise-Canceling Headphones,South,84,165.18,13875.12,1,1
2023-11-27,Wireless Noise-Canceling Headphones,East,71,156.77,11130.67,1,1
2023-11-27,Smart Fitness Watch,North,64,195.41,12506.24,1,1
2023-11-27,Smart Fitness Watch,West,65,199.22,12949.3,1,1
2023-11-27,Smart Fitness Watch,South,55,196.11,10786.05,1,1
2023-11-27,Smart Fitness Watch,East,53,187.58,9941.74,1,1
2023-11-27,Ergonomic Office Chair,North,22,286.53,6303.66,1,1
2023-11-27,Ergonomic Office Chair,West,30,272.63,8178.9,1,1
2023-11-27,Ergonomic Office Chair,South,11,274.9,3023.9,1,1
2023-11-27,Ergonomic Office Chair,East,14,280.61,3928.54,1,1
2023-11-28,Laptop Pro 15,North,16,1041.83,16669.28,1,0
2023-11-28,Laptop Pro 15,West,17,1058.59,17996.03,1,0
2023-11-28,Laptop Pro 15,South,15,1028.46,15426.9,1,0
2023-11-28,Laptop Pro 15,East,9,1052.83,9475.47,1,0
2023-11-28,Smartphone Ultra,North,30,656.48,19694.4,1,0
2023-11-28,Smartphone Ultra,West,36,685.77,24687.72,1,0
2023-11-28,Smartphone Ultra,South,19,672.8,12783.2,1,0
2023-11-28,Smartphone Ultra,East,34,653.54,22220.36,1,0
2023-11-28,Wireless Noise-Canceling Headphones,North,55,159.32,8762.6,1,0
2023-11-28,Wireless Noise-Canceling Headphones,West,69,154.99,10694.31,1,0
2023-11-28,Wireless Noise-Canceling Headphones,South,47,164.68,7739.96,1,0
2023-11-28,Wireless Noise-Canceling Headphones,East,53,156.11,8273.83,1,0
2023-11-28,Smart Fitness Watch,North,50,196.25,9812.5,1,0
2023-11-28,Smart Fitness Watch,West,49,187.05,9165.45,1,0
2023-11-28,Smart Fitness Watch,South,38,194.36,7385.68,1,0
2023-11-28,Smart Fitness Watch,East,23,191.06,4394.38,1,0
2023-11-28,Ergonomic Office Chair,North,12,275.46,3305.52,1,0
2023-11-28,Ergonomic Office Chair,West,14,289.5,4053.0,1,0
2023-11-28,Ergonomic Office Chair,South,14,286.91,4016.74,1,0
2023-11-28,Ergonomic Office Chair,East,8,285.81,2286.48,1,0
2023-11-29,Laptop Pro 15,North,7,1054.14,7378.98,1,0
2023-11-29,Laptop Pro 15,West,14,1080.32,15124.48,1,0
2023-11-29,Laptop Pro 15,South,12,1051.95,12623.4,1,0
2023-11-29,Laptop Pro 15,East,10,1046.08,10460.8,1,0
2023-11-29,Smartphone Ultra,North,41,650.79,26682.39,1,0
2023-11-29,Smartphone Ultra,West,33,665.41,21958.53,1,0
2023-11-29,Smartphone Ultra,South,25,679.05,16976.25,1,0
2023-11-29,Smartphone Ultra,East,26,667.82,17363.32,1,0
2023-11-29,Wireless Noise-Canceling Headphones,North,70,155.34,10873.8,1,0
2023-11-29,Wireless Noise-Canceling Headphones,West,56,155.36,8700.16,1,0
2023-11-29,Wireless Noise-Canceling Headphones,South,60,157.3,9438.0,1,0
2023-11-29,Wireless Noise-Canceling Headphones,East,46,157.47,7243.62,1,0
2023-11-29,Smart Fitness Watch,North,39,196.2,7651.8,1,0
2023-11-29,Smart Fitness Watch,West,36,193.51,6966.36,1,0
2023-11-29,Smart Fitness Watch,South,35,193.5,6772.5,1,0
2023-11-29,Smart Fitness Watch,East,35,202.12,7074.2,1,0
2023-11-29,Ergonomic Office Chair,North,10,284.08,2840.8,1,0
2023-11-29,Ergonomic Office Chair,West,11,281.01,3091.11,1,0
2023-11-29,Ergonomic Office Chair,South,10,293.35,2933.5,1,0
2023-11-29,Ergonomic Office Chair,East,7,274.81,1923.67,1,0
2023-11-30,Laptop Pro 15,North,18,1030.88,18555.84,1,0
2023-11-30,Laptop Pro 15,West,11,1043.07,11473.77,1,0
2023-11-30,Laptop Pro 15,South,10,1047.51,10475.1,1,0
2023-11-30,Laptop Pro 15,East,13,1052.07,13676.91,1,0
2023-11-30,Smartphone Ultra,North,31,667.94,20706.14,1,0
2023-11-30,Smartphone Ultra,West,36,655.76,23607.36,1,0
2023-11-30,Smartphone Ultra,South,33,642.81,21212.73,1,0
2023-11-30,Smartphone Ultra,East,29,669.13,19404.77,1,0
2023-11-30,Wireless Noise-Canceling Headphones,North,79,153.07,12092.53,1,0
2023-11-30,Wireless Noise-Canceling Headphones,West,71,159.32,11311.72,1,0
2023-11-30,Wireless Noise-Canceling Headphones,South,45,161.65,7274.25,1,0
2023-11-30,Wireless Noise-Canceling Headphones,East,43,163.38,7025.34,1,0
2023-11-30,Smart Fitness Watch,North,37,198.97,7361.89,1,0
2023-11-30,Smart Fitness Watch,West,42,192.9,8101.8,1,0
2023-11-30,Smart Fitness Watch,South,32,192.37,6155.84,1,0
2023-11-30,Smart Fitness Watch,East,31,201.9,6258.9,1,0
2023-11-30,Ergonomic Office Chair,North,18,272.95,4913.1,1,0
2023-11-30,Ergonomic Office Chair,West,16,293.59,4697.44,1,0
2023-11-30,Ergonomic Office Chair,South,9,292.5,2632.5,1,0
2023-11-30,Ergonomic Office Chair,East,8,273.36,2186.88,1,0
2023-12-01,Laptop Pro 15,North,15,1209.39,18140.85,0,0
2023-12-01,Laptop Pro 15,West,12,1182.31,14187.72,0,0
2023-12-01,Laptop Pro 15,South,11,1181.62,12997.82,0,0
2023-12-01,Laptop Pro 15,East,6,1186.3,7117.8,0,0
2023-12-01,Smartphone Ultra,North,20,760.87,15217.4,0,0
2023-12-01,Smartphone Ultra,West,29,742.99,21546.71,0,0
2023-12-01,Smartphone Ultra,South,29,760.57,22056.53,0,0
2023-12-01,Smartphone Ultra,East,18,742.81,13370.58,0,0
2023-12-01,Wireless Noise-Canceling Headphones,North,52,183.1,9521.2,0,0
2023-12-01,Wireless Noise-Canceling Headphones,West,43,178.08,7657.44,0,0
2023-12-01,Wireless Noise-Canceling Headphones,South,43,176.7,7598.1,0,0
2023-12-01,Wireless Noise-Canceling Headphones,East,46,182.97,8416.62,0,0
2023-12-01,Smart Fitness Watch,North,24,220.7,5296.8,0,0
2023-12-01,Smart Fitness Watch,West,28,220.92,6185.76,0,0
2023-12-01,Smart Fitness Watch,South,28,224.32,6280.96,0,0
2023-12-01,Smart Fitness Watch,East,19,218.6,4153.4,0,0
2023-12-01,Ergonomic Office Chair,North,15,314.18,4712.7,0,0
2023-12-01,Ergonomic Office Chair,West,8,321.69,2573.52,0,0
2023-12-01,Ergonomic Office Chair,South,13,325.46,4230.98,0,0
2023-12-01,Ergonomic Office Chair,East,9,320.55,2884.95,0,0
2023-12-02,Laptop Pro 15,North,8,1205.3,9642.4,0,0
2023-12-02,Laptop Pro 15,West,10,1200.68,12006.8,0,0
2023-12-02,Laptop Pro 15,South,8,1176.04,9408.32,0,0
2023-12-02,Laptop Pro 15,East,3,1222.73,3668.19,0,0
2023-12-02,Smartphone Ultra,North,39,740.9,28895.1,0,0
2023-12-02,Smartphone Ultra,West,33,745.86,24613.38,0,0
2023-12-02,Smartphone Ultra,South,25,739.58,18489.5,0,0
2023-12-02,Smartphone Ultra,East,23,741.06,17044.38,0,0
2023-12-02,Wireless Noise-Canceling Headphones,North,53,176.73,9366.69,0,0
2023-12-02,Wireless Noise-Canceling Headphones,West,57,176.58,10065.06,0,0
2023-12-02,Wireless Noise-Canceling Headphones,South,52,178.65,9289.8,0,0
2023-12-02,Wireless Noise-Canceling Headphones,East,33,181.04,5974.32,0,0
2023-12-02,Smart Fitness Watch,North,39,222.92,8693.88,0,0
2023-12-02,Smart Fitness Watch,West,41,222.23,9111.43,0,0
2023-12-02,Smart Fitness Watch,South,27,216.64,5849.28,0,0
2023-12-02,Smart Fitness Watch,East,29,220.64,6398.56,0,0
2023-12-02,Ergonomic Office Chair,North,10,314.38,3143.8,0,0
2023-12-02,Ergonomic Office Chair,West,9,314.13,2827.17,0,0
2023-12-02,Ergonomic Office Chair,South,13,315.47,4101.11,0,0
2023-12-02,Ergonomic Office Chair,East,8,326.12,2608.96,0,0
2023-12-03,Laptop Pro 15,North,12,1184.97,14219.64,0,0
2023-12-03,Laptop Pro 15,West,13,1177.92,15312.96,0,0
2023-12-03,Laptop Pro 15,South,18,1201.43,21625.74,0,0
2023-12-03,Laptop Pro 15,East,15,1210.88,18163.2,0,0
2023-12-03,Smartphone Ultra,North,27,762.5,20587.5,0,0
2023-12-03,Smartphone Ultra,West,43,744.51,32013.93,0,0
2023-12-03,Smartphone Ultra,South,32,759.23,24295.36,0,0
2023-12-03,Smartphone Ultra,East,28,745.77,20881.56,0,0
2023-12-03,Wireless Noise-Canceling Headphones,North,59,179.04,10563.36,0,0
2023-12-03,Wireless Noise-Canceling Headphones,West,60,177.15,10629.0,0,0
2023-12-03,Wireless Noise-Canceling Headphones,South,44,178.58,7857.52,0,0
2023-12-03,Wireless Noise-Canceling Headphones,East,40,180.6,7224.0,0,0
2023-12-03,Smart Fitness Watch,North,30,224.34,6730.2,0,0
2023-12-03,Smart Fitness Watch,West,37,223.81,8280.97,0,0
2023-12-03,Smart Fitness Watch,South,27,220.13,5943.51,0,0
2023-12-03,Smart Fitness Watch,East,24,223.77,5370.48,0,0
2023-12-03,Ergonomic Office Chair,North,20,316.91,6338.2,0,0
2023-12-03,Ergonomic Office Chair,West,8,320.28,2562.24,0,0
2023-12-03,Ergonomic Office Chair,South,9,319.43,2874.87,0,0
2023-12-03,Ergonomic Office Chair,East,17,317.38,5395.46,0,0
2023-12-04,Laptop Pro 15,North,11,1202.69,13229.59,0,0
2023-12-04,Laptop Pro 15,West,10,1188.93,11889.3,0,0
2023-12-04,Laptop Pro 15,South,1,1204.64,1204.64,0,0
2023-12-04,Laptop Pro 15,East,4,1217.17,4868.68,0,0
2023-12-04,Smartphone Ultra,North,17,735.35,12500.95,0,0
2023-12-04,Smartphone Ultra,West,34,748.79,25458.86,0,0
2023-12-04,Smartphone Ultra,South,18,744.3,13397.4,0,0
2023-12-04,Smartphone Ultra,East,16,750.08,12001.28,0,0
2023-12-04,Wireless Noise-Canceling Headphones,North,50,177.63,8881.5,0,0
2023-12-04,Wireless Noise-Canceling Headphones,West,47,182.98,8600.06,0,0
2023-12-04,Wireless Noise-Canceling Headphones,South,39,176.91,6899.49,0,0
2023-12-04,Wireless Noise-Canceling Headphones,East,34,181.01,6154.34,0,0
2023-12-04,Smart Fitness Watch,North,25,224.29,5607.25,0,0
2023-12-04,Smart Fitness Watch,West,30,223.84,6715.2,0,0
2023-12-04,Smart Fitness Watch,South,15,221.61,3324.15,0,0
2023-12-04,Smart Fitness Watch,East,24,223.42,5362.08,0,0
2023-12-04,Ergonomic Office Chair,North,9,316.29,2846.61,0,0
2023-12-04,Ergonomic Office Chair,West,9,316.08,2844.72,0,0
2023-12-04,Ergonomic Office Chair,South,12,320.87,3850.44,0,0
2023-12-04,Ergonomic Office Chair,East,5,326.19,1630.95,0,0
2023-12-05,Laptop Pro 15,North,12,1205.06,14460.72,0,0
2023-12-05,Laptop Pro 15,West,19,1186.04,22534.76,0,0
2023-12-05,Laptop Pro 15,South,9,1187.78,10690.02,0,0
2023-12-05,Laptop Pro 15,East,4,1217.32,4869.28,0,0
2023-12-05,Smartphone Ultra,North,31,750.15,23254.65,0,0
2023-12-05,Smartphone Ultra,West,24,761.57,18277.68,0,0
2023-12-05,Smartphone Ultra,South,21,749.44,15738.24,0,0
2023-12-05,Smartphone Ultra,East,22,761.1,16744.2,0,0
2023-12-05,Wireless Noise-Canceling Headphones,North,47,183.37,8618.39,0,0
2023-12-05,Wireless Noise-Canceling Headphones,West,53,177.21,9392.13,0,0
2023-12-05,Wireless Noise-Canceling Headphones,South,37,179.15,6628.55,0,0
2023-12-05,Wireless Noise-Canceling Headphones,East,23,178.83,4113.09,0,0
2023-12-05,Smart Fitness Watch,North,25,223.39,5584.75,0,0
2023-12-05,Smart Fitness Watch,West,27,221.41,5978.07,0,0
2023-12-05,Smart Fitness Watch,South,24,218.92,5254.08,0,0
2023-12-05,Smart Fitness Watch,East,17,222.87,3788.79,0,0
2023-12-05,Ergonomic Office Chair,North,7,321.4,2249.8,0,0
2023-12-05,Ergonomic Office Chair,West,13,320.71,4169.23,0,0
2023-12-05,Ergonomic Office Chair,South,8,314.25,2514.0,0,0
2023-12-05,Ergonomic Office Chair,East,8,315.77,2526.16,0,0
2023-12-06,Laptop Pro 15,North,8,1204.26,9634.08,0,0
2023-12-06,Laptop Pro 15,West,8,1186.63,9493.04,0,0
2023-12-06,Laptop Pro 15,South,8,1182.83,9462.64,0,0
2023-12-06,Laptop Pro 15,East,11,1194.97,13144.67,0,0
2023-12-06,Smartphone Ultra,North,20,750.37,15007.4,0,0
2023-12-06,Smartphone Ultra,West,21,754.04,15834.84,0,0
2023-12-06,Smartphone Ultra,South,17,735.69,12506.73,0,0
2023-12-06,Smartphone Ultra,East,17,741.41,12603.97,0,0
2023-12-06,Wireless Noise-Canceling Headphones,North,48,177.58,8523.84,0,0
2023-12-06,Wireless Noise-Canceling Headphones,West,43,178.35,7669.05,0,0
2023-12-06,Wireless Noise-Canceling Headphones,South,38,181.73,6905.74,0,0
2023-12-06,Wireless Noise-Canceling Headphones,East,30,182.07,5462.1,0,0
2023-12-06,Smart Fitness Watch,North,22,221.45,4871.9,0,0
2023-12-06,Smart Fitness Watch,West,25,217.86,5446.5,0,0
2023-12-06,Smart Fitness Watch,South,20,219.31,4386.2,0,0
2023-12-06,Smart Fitness Watch,East,20,217.17,4343.4,0,0
2023-12-06,Ergonomic Office Chair,North,11,321.21,3533.31,0,0
2023-12-06,Ergonomic Office Chair,West,7,316.47,2215.29,0,0
2023-12-06,Ergonomic Office Chair,South,11,320.14,3521.54,0,0
2023-12-06,Ergonomic Office Chair,East,3,317.8,953.4,0,0
2023-12-07,Laptop Pro 15,North,7,1210.18,8471.26,0,0
2023-12-07,Laptop Pro 15,West,9,1197.12,10774.08,0,0
2023-12-07,Laptop Pro 15,South,8,1210.81,9686.48,0,0
2023-12-07,Laptop Pro 15,East,8,1179.78,9438.24,0,0
2023-12-07,Smartphone Ultra,North,16,747.63,11962.08,0,0
2023-12-07,Smartphone Ultra,West,26,749.67,19491.42,0,0
2023-12-07,Smartphone Ultra,South,16,754.24,12067.84,0,0
2023-12-07,Smartphone Ultra,East,20,756.25,15125.0,0,0
2023-12-07,Wireless Noise-Canceling Headphones,North,49,177.94,8719.06,0,0
2023-12-07,Wireless Noise-Canceling Headphones,West,43,179.83,7732.69,0,0
2023-12-07,Wireless Noise-Canceling Headphones,South,35,177.72,6220.2,0,0
2023-12-07,Wireless Noise-Canceling Headphones,East,22,178.3,3922.6,0,0
2023-12-07,Smart Fitness Watch,North,23,222.07,5107.61,0,0
2023-12-07,Smart Fitness Watch,West,32,218.29,6985.28,0,0
2023-12-07,Smart Fitness Watch,South,28,218.18,6109.04,0,0
2023-12-07,Smart Fitness Watch,East,22,220.76,4856.72,0,0
2023-12-07,Ergonomic Office Chair,North,16,320.52,5128.32,0,0
2023-12-07,Ergonomic Office Chair,West,10,320.77,3207.7,0,0
2023-12-07,Ergonomic Office Chair,South,8,316.76,2534.08,0,0
2023-12-07,Ergonomic Office Chair,East,7,316.62,2216.34,0,0
2023-12-08,Laptop Pro 15,North,19,1185.8,22530.2,0,0
2023-12-08,Laptop Pro 15,West,10,1205.64,12056.4,0,0
2023-12-08,Laptop Pro 15,South,6,1193.65,7161.9,0,0
2023-12-08,Laptop Pro 15,East,6,1213.06,7278.36,0,0
2023-12-08,Smartphone Ultra,North,31,735.93,22813.83,0,0
2023-12-08,Smartphone Ultra,West,30,752.51,22575.3,0,0
2023-12-08,Smartphone Ultra,South,26,750.83,19521.58,0,0
2023-12-08,Smartphone Ultra,East,16,764.09,12225.44,0,0
2023-12-08,Wireless Noise-Canceling Headphones,North,62,177.38,10997.56,0,0
2023-12-08,Wireless Noise-Canceling Headphones,West,53,177.61,9413.33,0,0
2023-12-08,Wireless Noise-Canceling Headphones,South,40,177.1,7084.0,0,0
2023-12-08,Wireless Noise-Canceling Headphones,East,36,182.82,6581.52,0,0
2023-12-08,Smart Fitness Watch,North,42,219.71,9227.82,0,0
2023-12-08,Smart Fitness Watch,West,26,223.8,5818.8,0,0
2023-12-08,Smart Fitness Watch,South,20,218.37,4367.4,0,0
2023-12-08,Smart Fitness Watch,East,20,223.98,4479.6,0,0
2023-12-08,Ergonomic Office Chair,North,9,325.78,2932.02,0,0
2023-12-08,Ergonomic Office Chair,West,11,314.35,3457.85,0,0
2023-12-08,Ergonomic Office Chair,South,11,324.15,3565.65,0,0
2023-12-08,Ergonomic Office Chair,East,9,325.53,2929.77,0,0
2023-12-09,Laptop Pro 15,North,8,1210.4,9683.2,0,0
2023-12-09,Laptop Pro 15,West,11,1202.18,13223.98,0,0
2023-12-09,Laptop Pro 15,South,13,1188.57,15451.41,0,0
2023-12-09,Laptop Pro 15,East,9,1205.83,10852.47,0,0
2023-12-09,Smartphone Ultra,North,40,750.33,30013.2,0,0
2023-12-09,Smartphone Ultra,West,27,747.68,20187.36,0,0
2023-12-09,Smartphone Ultra,South,31,741.16,22975.96,0,0
2023-12-09,Smartphone Ultra,East,13,735.85,9566.05,0,0
2023-12-09,Wireless Noise-Canceling Headphones,North,59,181.79,10725.61,0,0
2023-12-09,Wireless Noise-Canceling Headphones,West,73,180.22,13156.06,0,0
2023-12-09,Wireless Noise-Canceling Headphones,South,46,180.41,8298.86,0,0
2023-12-09,Wireless Noise-Canceling Headphones,East,24,181.47,4355.28,0,0
2023-12-09,Smart Fitness Watch,North,43,217.98,9373.14,0,0
2023-12-09,Smart Fitness Watch,West,35,223.99,7839.65,0,0
2023-12-09,Smart Fitness Watch,South,39,217.07,8465.73,0,0
2023-12-09,Smart Fitness Watch,East,28,223.82,6266.96,0,0
2023-12-09,Ergonomic Office Chair,North,17,313.68,5332.56,0,0
2023-12-09,Ergonomic Office Chair,West,17,321.82,5470.94,0,0
2023-12-09,Ergonomic Office Chair,South,9,322.24,2900.16,0,0
2023-12-09,Ergonomic Office Chair,East,9,322.05,2898.45,0,0
2023-12-10,Laptop Pro 15,North,11,1178.04,12958.44,0,0
2023-12-10,Laptop Pro 15,West,17,1181.51,20085.67,0,0
2023-12-10,Laptop Pro 15,South,8,1213.91,9711.28,0,0
2023-12-10,Laptop Pro 15,East,7,1211.71,8481.97,0,0
2023-12-10,Smartphone Ultra,North,31,743.42,23046.02,0,0
2023-12-10,Smartphone Ultra,West,31,764.05,23685.55,0,0
2023-12-10,Smartphone Ultra,South,29,755.8,21918.2,0,0
2023-12-10,Smartphone Ultra,East,20,742.31,14846.2,0,0
2023-12-10,Wireless Noise-Canceling Headphones,North,54,179.43,9689.22,0,0
2023-12-10,Wireless Noise-Canceling Headphones,West,60,182.23,10933.8,0,0
2023-12-10,Wireless Noise-Canceling Headphones,South,49,182.19,8927.31,0,0
2023-12-10,Wireless Noise-Canceling Headphones,East,37,178.66,6610.42,0,0
2023-12-10,Smart Fitness Watch,North,36,215.89,7772.04,0,0
2023-12-10,Smart Fitness Watch,West,33,217.55,7179.15,0,0
2023-12-10,Smart Fitness Watch,South,26,221.02,5746.52,0,0
2023-12-10,Smart Fitness Watch,East,24,223.35,5360.4,0,0
2023-12-10,Ergonomic Office Chair,North,11,315.43,3469.73,0,0
2023-12-10,Ergonomic Office Chair,West,16,314.47,5031.52,0,0
2023-12-10,Ergonomic Office Chair,South,11,315.87,3474.57,0,0
2023-12-10,Ergonomic Office Chair,East,6,324.04,1944.24,0,0
2023-12-11,Laptop Pro 15,North,15,1190.11,17851.65,0,0
2023-12-11,Laptop Pro 15,West,10,1185.35,11853.5,0,0
2023-12-11,Laptop Pro 15,South,7,1202.31,8416.17,0,0
2023-12-11,Laptop Pro 15,East,4,1180.02,4720.08,0,0
2023-12-11,Smartphone Ultra,North,26,740.79,19260.54,0,0
2023-12-11,Smartphone Ultra,West,24,737.66,17703.84,0,0
2023-12-11,Smartphone Ultra,South,21,743.6,15615.6,0,0
2023-12-11,Smartphone Ultra,East,19,757.7,14396.3,0,0
2023-12-11,Wireless Noise-Canceling Headphones,North,55,178.16,9798.8,0,0
2023-12-11,Wireless Noise-Canceling Headphones,West,40,176.41,7056.4,0,0
2023-12-11,Wireless Noise-Canceling Headphones,South,39,177.91,6938.49,0,0
2023-12-11,Wireless Noise-Canceling Headphones,East,34,176.93,6015.62,0,0
2023-12-11,Smart Fitness Watch,North,18,222.02,3996.36,0,0
2023-12-11,Smart Fitness Watch,West,29,217.03,6293.87,0,0
2023-12-11,Smart Fitness Watch,South,24,221.68,5320.32,0,0
2023-12-11,Smart Fitness Watch,East,26,222.78,5792.28,0,0
2023-12-11,Ergonomic Office Chair,North,7,320.23,2241.61,0,0
2023-12-11,Ergonomic Office Chair,West,10,319.65,3196.5,0,0
2023-12-11,Ergonomic Office Chair,South,5,318.47,1592.35,0,0
2023-12-11,Ergonomic Office Chair,East,7,322.81,2259.67,0,0
2023-12-12,Laptop Pro 15,North,10,1214.32,12143.2,0,0
2023-12-12,Laptop Pro 15,West,8,1213.6,9708.8,0,0
2023-12-12,Laptop Pro 15,South,4,1195.56,4782.24,0,0
2023-12-12,Laptop Pro 15,East,11,1205.12,13256.32,0,0
2023-12-12,Smartphone Ultra,North,21,751.34,15778.14,0,0
2023-12-12,Smartphone Ultra,West,31,741.42,22984.02,0,0
2023-12-12,Smartphone Ultra,South,22,743.17,16349.74,0,0
2023-12-12,Smartphone Ultra,East,15,764.07,11461.05,0,0
2023-12-12,Wireless Noise-Canceling Headphones,North,44,178.26,7843.44,0,0
2023-12-12,Wireless Noise-Canceling Headphones,West,47,179.45,8434.15,0,0
2023-12-12,Wireless Noise-Canceling Headphones,South,39,178.57,6964.23,0,0
2023-12-12,Wireless Noise-Canceling Headphones,East,38,180.26,6849.88,0,0
2023-12-12,Smart Fitness Watch,North,36,220.59,7941.24,0,0
2023-12-12,Smart Fitness Watch,West,25,218.41,5460.25,0,0
2023-12-12,Smart Fitness Watch,South,16,215.98,3455.68,0,0
2023-12-12,Smart Fitness Watch,East,17,216.43,3679.31,0,0
2023-12-12,Ergonomic Office Chair,North,11,323.21,3555.31,0,0
2023-12-12,Ergonomic Office Chair,West,9,321.09,2889.81,0,0
2023-12-12,Ergonomic Office Chair,South,15,318.67,4780.05,0,0
2023-12-12,Ergonomic Office Chair,East,9,318.52,2866.68,0,0
2023-12-13,Laptop Pro 15,North,12,1218.22,14618.64,0,0
2023-12-13,Laptop Pro 15,West,6,1186.22,7117.32,0,0
2023-12-13,Laptop Pro 15,South,7,1194.2,8359.4,0,0
2023-12-13,Laptop Pro 15,East,8,1197.44,9579.52,0,0
2023-12-13,Smartphone Ultra,North,28,746.01,20888.28,0,0
2023-12-13,Smartphone Ultra,West,24,742.36,17816.64,0,0
2023-12-13,Smartphone Ultra,South,18,764.63,13763.34,0,0
2023-12-13,Smartphone Ultra,East,10,749.39,7493.9,0,0
2023-12-13,Wireless Noise-Canceling Headphones,North,52,181.93,9460.36,0,0
2023-12-13,Wireless Noise-Canceling Headphones,West,45,182.48,8211.6,0,0
2023-12-13,Wireless Noise-Canceling Headphones,South,30,178.67,5360.1,0,0
2023-12-13,Wireless Noise-Canceling Headphones,East,22,177.38,3902.36,0,0
2023-12-13,Smart Fitness Watch,North,36,222.86,8022.96,0,0
2023-12-13,Smart Fitness Watch,West,28,219.97,6159.16,0,0
2023-12-13,Smart Fitness Watch,South,28,220.71,6179.88,0,0
2023-12-13,Smart Fitness Watch,East,22,223.19,4910.18,0,0
2023-12-13,Ergonomic Office Chair,North,7,313.81,2196.67,0,0
2023-12-13,Ergonomic Office Chair,West,10,317.81,3178.1,0,0
2023-12-13,Ergonomic Office Chair,South,6,314.18,1885.08,0,0
2023-12-13,Ergonomic Office Chair,East,6,321.9,1931.4,0,0
2023-12-14,Laptop Pro 15,North,8,1220.05,9760.4,0,0
2023-12-14,Laptop Pro 15,West,5,1215.19,6075.95,0,0
2023-12-14,Laptop Pro 15,South,7,1182.38,8276.66,0,0
2023-12-14,Laptop Pro 15,East,7,1194.88,8364.16,0,0
2023-12-14,Smartphone Ultra,North,21,756.71,15890.91,0,0
2023-12-14,Smartphone Ultra,West,19,753.95,14325.05,0,0
2023-12-14,Smartphone Ultra,South,14,761.03,10654.42,0,0
2023-12-14,Smartphone Ultra,East,17,751.65,12778.05,0,0
2023-12-14,Wireless Noise-Canceling Headphones,North,49,180.82,8860.18,0,0
2023-12-14,Wireless Noise-Canceling Headphones,West,41,180.14,7385.74,0,0
2023-12-14,Wireless Noise-Canceling Headphones,South,49,183.36,8984.64,0,0
2023-12-14,Wireless Noise-Canceling Headphones,East,38,178.95,6800.1,0,0
2023-12-14,Smart Fitness Watch,North,26,220.71,5738.46,0,0
2023-12-14,Smart Fitness Watch,West,25,222.05,5551.25,0,0
2023-12-14,Smart Fitness Watch,South,15,219.36,3290.4,0,0
2023-12-14,Smart Fitness Watch,East,24,215.75,5178.0,0,0
2023-12-14,Ergonomic Office Chair,North,9,314.9,2834.1,0,0
2023-12-14,Ergonomic Office Chair,West,11,325.87,3584.57,0,0
2023-12-14,Ergonomic Office Chair,South,5,321.9,1609.5,0,0
2023-12-14,Ergonomic Office Chair,East,4,314.99,1259.96,0,0
2023-12-15,Laptop Pro 15,North,15,1054.76,15821.4,1,0
2023-12-15,Laptop Pro 15,West,17,1025.86,17439.62,1,0
2023-12-15,Laptop Pro 15,South,19,1049.43,19939.17,1,0
2023-12-15,Laptop Pro 15,East,17,1087.54,18488.18,1,0
2023-12-15,Smartphone Ultra,North,38,646.19,24555.22,1,0
2023-12-15,Smartphone Ultra,West,38,665.65,25294.7,1,0
2023-12-15,Smartphone Ultra,South,28,672.57,18831.96,1,0
2023-12-15,Smartphone Ultra,East,35,684.4,23954.0,1,0
2023-12-15,Wireless Noise-Canceling Headphones,North,71,159.46,11321.66,1,0
2023-12-15,Wireless Noise-Canceling Headphones,West,81,159.41,12912.21,1,0
2023-12-15,Wireless Noise-Canceling Headphones,South,68,155.1,10546.8,1,0
2023-12-15,Wireless Noise-Canceling Headphones,East,42,162.39,6820.38,1,0
2023-12-15,Smart Fitness Watch,North,43,196.91,8467.13,1,0
2023-12-15,Smart Fitness Watch,West,46,198.8,9144.8,1,0
2023-12-15,Smart Fitness Watch,South,39,196.13,7649.07,1,0
2023-12-15,Smart Fitness Watch,East,42,195.99,8231.58,1,0
2023-12-15,Ergonomic Office Chair,North,17,282.3,4799.1,1,0
2023-12-15,Ergonomic Office Chair,West,21,282.37,5929.77,1,0
2023-12-15,Ergonomic Office Chair,South,10,286.79,2867.9,1,0
2023-12-15,Ergonomic Office Chair,East,7,283.83,1986.81,1,0
2023-12-16,Laptop Pro 15,North,9,1092.52,9832.68,1,0
2023-12-16,Laptop Pro 15,West,24,1049.23,25181.52,1,0
2023-12-16,Laptop Pro 15,South,24,1068.74,25649.76,1,0
2023-12-16,Laptop Pro 15,East,15,1099.95,16499.25,1,0
2023-12-16,Smartphone Ultra,North,44,672.74,29600.56,1,0
2023-12-16,Smartphone Ultra,West,48,641.97,30814.56,1,0
2023-12-16,Smartphone Ultra,South,36,646.82,23285.52,1,0
2023-12-16,Smartphone Ultra,East,35,670.72,23475.2,1,0
2023-12-16,Wireless Noise-Canceling Headphones,North,91,161.38,14685.58,1,0
2023-12-16,Wireless Noise-Canceling Headphones,West,82,157.11,12883.02,1,0
2023-12-16,Wireless Noise-Canceling Headphones,South,74,160.04,11842.96,1,0
2023-12-16,Wireless Noise-Canceling Headphones,East,51,157.72,8043.72,1,0
2023-12-16,Smart Fitness Watch,North,61,201.0,12261.0,1,0
2023-12-16,Smart Fitness Watch,West,56,199.06,11147.36,1,0
2023-12-16,Smart Fitness Watch,South,45,198.51,8932.95,1,0
2023-12-16,Smart Fitness Watch,East,30,198.68,5960.4,1,0
2023-12-16,Ergonomic Office Chair,North,17,288.19,4899.23,1,0
2023-12-16,Ergonomic Office Chair,West,24,284.98,6839.52,1,0
2023-12-16,Ergonomic Office Chair,South,11,287.47,3162.17,1,0
2023-12-16,Ergonomic Office Chair,East,12,284.33,3411.96,1,0
2023-12-17,Laptop Pro 15,North,21,1029.81,21626.01,1,0
2023-12-17,Laptop Pro 15,West,15,1042.8,15642.0,1,0
2023-12-17,Laptop Pro 15,South,13,1097.86,14272.18,1,0
2023-12-17,Laptop Pro 15,East,15,1102.02,16530.3,1,0
2023-12-17,Smartphone Ultra,North,55,656.59,36112.45,1,0
2023-12-17,Smartphone Ultra,West,44,682.3,30021.2,1,0
2023-12-17,Smartphone Ultra,South,46,662.54,30476.84,1,0
2023-12-17,Smartphone Ultra,East,29,677.64,19651.56,1,0
2023-12-17,Wireless Noise-Canceling Headphones,North,81,163.63,13254.03,1,0
2023-12-17,Wireless Noise-Canceling Headphones,West,82,161.49,13242.18,1,0
2023-12-17,Wireless Noise-Canceling Headphones,South,84,161.71,13583.64,1,0
2023-12-17,Wireless Noise-Canceling Headphones,East,69,158.37,10927.53,1,0
2023-12-17,Smart Fitness Watch,North,50,187.08,9354.0,1,0
2023-12-17,Smart Fitness Watch,West,48,196.74,9443.52,1,0
2023-12-17,Smart Fitness Watch,South,48,191.51,9192.48,1,0
2023-12-17,Smart Fitness Watch,East,52,190.34,9897.68,1,0
2023-12-17,Ergonomic Office Chair,North,21,272.27,5717.67,1,0
2023-12-17,Ergonomic Office Chair,West,16,283.36,4533.76,1,0
2023-12-17,Ergonomic Office Chair,South,15,274.01,4110.15,1,0
2023-12-17,Ergonomic Office Chair,East,15,273.59,4103.85,1,0
2023-12-18,Laptop Pro 15,North,11,1022.38,11246.18,1,0
2023-12-18,Laptop Pro 15,West,18,1031.61,18568.98,1,0
2023-12-18,Laptop Pro 15,South,12,1101.63,13219.56,1,0
2023-12-18,Laptop Pro 15,East,13,1050.69,13658.97,1,0
2023-12-18,Smartphone Ultra,North,33,647.19,21357.27,1,0
2023-12-18,Smartphone Ultra,West,38,685.83,26061.54,1,0
2023-12-18,Smartphone Ultra,South,28,637.65,17854.2,1,0
2023-12-18,Smartphone Ultra,East,25,670.64,16766.0,1,0
2023-12-18,Wireless Noise-Canceling Headphones,North,58,159.36,9242.88,1,0
2023-12-18,Wireless Noise-Canceling Headphones,West,62,158.77,9843.74,1,0
2023-12-18,Wireless Noise-Canceling Headphones,South,54,154.67,8352.18,1,0
2023-12-18,Wireless Noise-Canceling Headphones,East,38,161.74,6146.12,1,0
2023-12-18,Smart Fitness Watch,North,41,199.29,8170.89,1,0
2023-12-18,Smart Fitness Watch,West,35,188.15,6585.25,1,0
2023-12-18,Smart Fitness Watch,South,38,199.36,7575.68,1,0
2023-12-18,Smart Fitness Watch,East,35,200.01,7000.35,1,0
2023-12-18,Ergonomic Office Chair,North,13,293.15,3810.95,1,0
2023-12-18,Ergonomic Office Chair,West,20,280.21,5604.2,1,0
2023-12-18,Ergonomic Office Chair,South,17,275.44,4682.48,1,0
2023-12-18,Ergonomic Office Chair,East,12,280.49,3365.88,1,0
2023-12-19,Laptop Pro 15,North,19,1098.23,20866.37,1,0
2023-12-19,Laptop Pro 15,West,15,1061.4,15921.0,1,0
2023-12-19,Laptop Pro 15,South,11,1075.24,11827.64,1,0
2023-12-19,Laptop Pro 15,East,13,1082.64,14074.32,1,0
2023-12-19,Smartphone Ultra,North,37,644.58,23849.46,1,0
2023-12-19,Smartphone Ultra,West,38,689.61,26205.18,1,0
2023-12-19,Smartphone Ultra,South,34,688.25,23400.5,1,0
2023-12-19,Smartphone Ultra,East,25,666.87,16671.75,1,0
2023-12-19,Wireless Noise-Canceling Headphones,North,58,158.79,9209.82,1,0
2023-12-19,Wireless Noise-Canceling Headphones,West,68,158.98,10810.64,1,0
2023-12-19,Wireless Noise-Canceling Headphones,South,48,156.13,7494.24,1,0
2023-12-19,Wireless Noise-Canceling Headphones,East,39,157.32,6135.48,1,0
2023-12-19,Smart Fitness Watch,North,26,196.83,5117.58,1,0
2023-12-19,Smart Fitness Watch,West,43,191.61,8239.23,1,0
2023-12-19,Smart Fitness Watch,South,26,194.85,5066.1,1,0
2023-12-19,Smart Fitness Watch,East,31,191.98,5951.38,1,0
2023-12-19,Ergonomic Office Chair,North,12,275.84,3310.08,1,0
2023-12-19,Ergonomic Office Chair,West,15,284.31,4264.65,1,0
2023-12-19,Ergonomic Office Chair,South,5,274.53,1372.65,1,0
2023-12-19,Ergonomic Office Chair,East,9,290.51,2614.59,1,0
2023-12-20,Laptop Pro 15,North,11,1070.69,11777.59,1,0
2023-12-20,Laptop Pro 15,West,16,1070.64,17130.24,1,0
2023-12-20,Laptop Pro 15,South,15,1064.13,15961.95,1,0
2023-12-20,Laptop Pro 15,East,6,1102.43,6614.58,1,0
2023-12-20,Smartphone Ultra,North,31,688.6,21346.6,1,0
2023-12-20,Smartphone Ultra,West,37,674.21,24945.77,1,0
2023-12-20,Smartphone Ultra,South,32,641.03,20512.96,1,0
2023-12-20,Smartphone Ultra,East,22,641.2,14106.4,1,0
2023-12-20,Wireless Noise-Canceling Headphones,North,61,155.25,9470.25,1,0
2023-12-20,Wireless Noise-Canceling Headphones,West,56,160.3,8976.8,1,0
2023-12-20,Wireless Noise-Canceling Headphones,South,62,165.17,10240.54,1,0
2023-12-20,Wireless Noise-Canceling Headphones,East,46,163.84,7536.64,1,0
2023-12-20,Smart Fitness Watch,North,48,194.7,9345.6,1,0
2023-12-20,Smart Fitness Watch,West,34,198.96,6764.64,1,0
2023-12-20,Smart Fitness Watch,South,40,191.85,7674.0,1,0
2023-12-20,Smart Fitness Watch,East,27,200.75,5420.25,1,0
2023-12-20,Ergonomic Office Chair,North,12,273.74,3284.88,1,0
2023-12-20,Ergonomic Office Chair,West,13,289.15,3758.95,1,0
2023-12-20,Ergonomic Office Chair,South,17,283.82,4824.94,1,0
2023-12-20,Ergonomic Office Chair,East,12,294.08,3528.96,1,0
2023-12-21,Laptop Pro 15,North,20,1062.67,21253.4,1,0
2023-12-21,Laptop Pro 15,West,11,1077.4,11851.4,1,0
2023-12-21,Laptop Pro 15,South,15,1048.17,15722.55,1,0
2023-12-21,Laptop Pro 15,East,15,1053.71,15805.65,1,0
2023-12-21,Smartphone Ultra,North,43,662.34,28480.62,1,0
2023-12-21,Smartphone Ultra,West,35,651.37,22797.95,1,0
2023-12-21,Smartphone Ultra,South,29,668.21,19378.09,1,0
2023-12-21,Smartphone Ultra,East,26,681.22,17711.72,1,0
2023-12-21,Wireless Noise-Canceling Headphones,North,55,156.06,8583.3,1,0
2023-12-21,Wireless Noise-Canceling Headphones,West,54,164.03,8857.62,1,0
2023-12-21,Wireless Noise-Canceling Headphones,South,49,155.78,7633.22,1,0
2023-12-21,Wireless Noise-Canceling Headphones,East,43,161.39,6939.77,1,0
2023-12-21,Smart Fitness Watch,North,40,191.82,7672.8,1,0
2023-12-21,Smart Fitness Watch,West,39,201.39,7854.21,1,0
2023-12-21,Smart Fitness Watch,South,34,191.2,6500.8,1,0
2023-12-21,Smart Fitness Watch,East,19,195.1,3706.9,1,0
2023-12-21,Ergonomic Office Chair,North,13,275.84,3585.92,1,0
2023-12-21,Ergonomic Office Chair,West,18,277.01,4986.18,1,0
2023-12-21,Ergonomic Office Chair,South,13,294.21,3824.73,1,0
2023-12-21,Ergonomic Office Chair,East,11,273.45,3007.95,1,0
2023-12-22,Laptop Pro 15,North,19,1082.85,20574.15,1,0
2023-12-22,Laptop Pro 15,West,17,1022.93,17389.81,1,0
2023-12-22,Laptop Pro 15,South,21,1098.21,23062.41,1,0
2023-12-22,Laptop Pro 15,East,14,1040.15,14562.1,1,0
2023-12-22,Smartphone Ultra,North,38,674.32,25624.16,1,0
2023-12-22,Smartphone Ultra,West,32,681.9,21820.8,1,0
2023-12-22,Smartphone Ultra,South,39,679.43,26497.77,1,0
2023-12-22,Smartphone Ultra,East,40,688.88,27555.2,1,0
2023-12-22,Wireless Noise-Canceling Headphones,North,81,162.26,13143.06,1,0
2023-12-22,Wireless Noise-Canceling Headphones,West,71,161.82,11489.22,1,0
2023-12-22,Wireless Noise-Canceling Headphones,South,61,163.66,9983.26,1,0
2023-12-22,Wireless Noise-Canceling Headphones,East,47,153.11,7196.17,1,0
2023-12-22,Smart Fitness Watch,North,51,194.41,9914.91,1,0
2023-12-22,Smart Fitness Watch,West,38,194.44,7388.72,1,0
2023-12-22,Smart Fitness Watch,South,37,190.22,7038.14,1,0
2023-12-22,Smart Fitness Watch,East,45,200.73,9032.85,1,0
2023-12-22,Ergonomic Office Chair,North,20,282.58,5651.6,1,0
2023-12-22,Ergonomic Office Chair,West,11,282.49,3107.39,1,0
2023-12-22,Ergonomic Office Chair,South,8,278.69,2229.52,1,0
2023-12-22,Ergonomic Office Chair,East,17,288.19,4899.23,1,0
2023-12-23,Laptop Pro 15,North,19,1041.49,19788.31,1,0
2023-12-23,Laptop Pro 15,West,22,1022.64,22498.08,1,0
2023-12-23,Laptop Pro 15,South,16,1032.75,16524.0,1,0
2023-12-23,Laptop Pro 15,East,10,1048.79,10487.9,1,0
2023-12-23,Smartphone Ultra,North,46,644.85,29663.1,1,0
2023-12-23,Smartphone Ultra,West,38,646.04,24549.52,1,0
2023-12-23,Smartphone Ultra,South,42,688.33,28909.86,1,0
2023-12-23,Smartphone Ultra,East,22,663.3,14592.6,1,0
2023-12-23,Wireless Noise-Canceling Headphones,North,84,157.57,13235.88,1,0
2023-12-23,Wireless Noise-Canceling Headphones,West,99,158.28,15669.72,1,0
2023-12-23,Wireless Noise-Canceling Headphones,South,79,154.06,12170.74,1,0
2023-12-23,Wireless Noise-Canceling Headphones,East,65,154.69,10054.85,1,0
2023-12-23,Smart Fitness Watch,North,50,192.55,9627.5,1,0
2023-12-23,Smart Fitness Watch,West,47,195.94,9209.18,1,0
2023-12-23,Smart Fitness Watch,South,50,197.45,9872.5,1,0
2023-12-23,Smart Fitness Watch,East,46,190.87,8780.02,1,0
2023-12-23,Ergonomic Office Chair,North,20,274.95,5499.0,1,0
2023-12-23,Ergonomic Office Chair,West,17,272.14,4626.38,1,0
2023-12-23,Ergonomic Office Chair,South,19,274.31,5211.89,1,0
2023-12-23,Ergonomic Office Chair,East,13,276.62,3596.06,1,0
2023-12-24,Laptop Pro 15,North,37,1030.61,38132.57,1,1
2023-12-24,Laptop Pro 15,West,30,1058.81,31764.3,1,1
2023-12-24,Laptop Pro 15,South,28,1028.43,28796.04,1,1
2023-12-24,Laptop Pro 15,East,18,1075.29,19355.22,1,1
2023-12-24,Smartphone Ultra,North,85,659.19,56031.15,1,1
2023-12-24,Smartphone Ultra,West,69,647.25,44660.25,1,1
2023-12-24,Smartphone Ultra,South,59,654.86,38636.74,1,1
2023-12-24,Smartphone Ultra,East,54,689.21,37217.34,1,1
2023-12-24,Wireless Noise-Canceling Headphones,North,156,153.77,23988.12,1,1
2023-12-24,Wireless Noise-Canceling Headphones,West,116,156.59,18164.44,1,1
2023-12-24,Wireless Noise-Canceling Headphones,South,123,163.57,20119.11,1,1
2023-12-24,Wireless Noise-Canceling Headphones,East,93,162.79,15139.47,1,1
2023-12-24,Smart Fitness Watch,North,91,189.02,17200.82,1,1
2023-12-24,Smart Fitness Watch,West,82,188.29,15439.78,1,1
2023-12-24,Smart Fitness Watch,South,79,187.62,14821.98,1,1
2023-12-24,Smart Fitness Watch,East,76,193.97,14741.72,1,1
2023-12-24,Ergonomic Office Chair,North,41,286.68,11753.88,1,1
2023-12-24,Ergonomic Office Chair,West,34,273.95,9314.3,1,1
2023-12-24,Ergonomic Office Chair,South,27,281.28,7594.56,1,1
2023-12-24,Ergonomic Office Chair,East,20,277.33,5546.6,1,1
2023-12-25,Laptop Pro 15,North,10,1191.32,11913.2,0,1
2023-12-25,Laptop Pro 15,West,20,1181.32,23626.4,0,1
2023-12-25,Laptop Pro 15,South,22,1178.88,25935.36,0,1
2023-12-25,Laptop Pro 15,East,5,1201.93,6009.65,0,1
2023-12-25,Smartphone Ultra,North,27,762.87,20597.49,0,1
2023-12-25,Smartphone Ultra,West,38,742.5,28215.0,0,1
2023-12-25,Smartphone Ultra,South,25,762.67,19066.75,0,1
2023-12-25,Smartphone Ultra,East,22,736.35,16199.7,0,1
2023-12-25,Wireless Noise-Canceling Headphones,North,74,181.2,13408.8,0,1
2023-12-25,Wireless Noise-Canceling Headphones,West,70,181.71,12719.7,0,1
2023-12-25,Wireless Noise-Canceling Headphones,South,49,182.1,8922.9,0,1
2023-12-25,Wireless Noise-Canceling Headphones,East,42,182.8,7677.6,0,1
2023-12-25,Smart Fitness Watch,North,44,222.55,9792.2,0,1
2023-12-25,Smart Fitness Watch,West,53,223.66,11853.98,0,1
2023-12-25,Smart Fitness Watch,South,48,222.62,10685.76,0,1
2023-12-25,Smart Fitness Watch,East,31,218.41,6770.71,0,1
2023-12-25,Ergonomic Office Chair,North,12,313.62,3763.44,0,1
2023-12-25,Ergonomic Office Chair,West,17,316.43,5379.31,0,1
2023-12-25,Ergonomic Office Chair,South,12,316.76,3801.12,0,1
2023-12-25,Ergonomic Office Chair,East,16,321.04,5136.64,0,1
2023-12-26,Laptop Pro 15,North,13,1184.34,15396.42,0,1
2023-12-26,Laptop Pro 15,West,7,1204.16,8429.12,0,1
2023-12-26,Laptop Pro 15,South,5,1199.31,5996.55,0,1
2023-12-26,Laptop Pro 15,East,15,1181.03,17715.45,0,1
2023-12-26,Smartphone Ultra,North,36,749.77,26991.72,0,1
2023-12-26,Smartphone Ultra,West,50,763.8,38190.0,0,1
2023-12-26,Smartphone Ultra,South,27,758.44,20477.88,0,1
2023-12-26,Smartphone Ultra,East,32,760.79,24345.28,0,1
2023-12-26,Wireless Noise-Canceling Headphones,North,78,179.7,14016.6,0,1
2023-12-26,Wireless Noise-Canceling Headphones,West,68,180.87,12299.16,0,1
2023-12-26,Wireless Noise-Canceling Headphones,South,58,177.17,10275.86,0,1
2023-12-26,Wireless Noise-Canceling Headphones,East,63,177.16,11161.08,0,1
2023-12-26,Smart Fitness Watch,North,45,219.17,9862.65,0,1
2023-12-26,Smart Fitness Watch,West,35,222.65,7792.75,0,1
2023-12-26,Smart Fitness Watch,South,43,221.48,9523.64,0,1
2023-12-26,Smart Fitness Watch,East,34,219.78,7472.52,0,1
2023-12-26,Ergonomic Office Chair,North,14,318.35,4456.9,0,1
2023-12-26,Ergonomic Office Chair,West,12,323.37,3880.44,0,1
2023-12-26,Ergonomic Office Chair,South,13,324.25,4215.25,0,1
2023-12-26,Ergonomic Office Chair,East,16,318.4,5094.4,0,1
2023-12-27,Laptop Pro 15,North,11,1209.18,13300.98,0,0
2023-12-27,Laptop Pro 15,West,7,1184.39,8290.73,0,0
2023-12-27,Laptop Pro 15,South,9,1203.63,10832.67,0,0
2023-12-27,Laptop Pro 15,East,7,1201.76,8412.32,0,0
2023-12-27,Smartphone Ultra,North,19,761.58,14470.02,0,0
2023-12-27,Smartphone Ultra,West,22,754.97,16609.34,0,0
2023-12-27,Smartphone Ultra,South,18,756.6,13618.8,0,0
2023-12-27,Smartphone Ultra,East,14,735.62,10298.68,0,0
2023-12-27,Wireless Noise-Canceling Headphones,North,56,179.62,10058.72,0,0
2023-12-27,Wireless Noise-Canceling Headphones,West,57,176.97,10087.29,0,0
2023-12-27,Wireless Noise-Canceling Headphones,South,37,177.08,6551.96,0,0
2023-12-27,Wireless Noise-Canceling Headphones,East,37,181.29,6707.73,0,0
2023-12-27,Smart Fitness Watch,North,28,220.16,6164.48,0,0
2023-12-27,Smart Fitness Watch,West,17,220.2,3743.4,0,0
2023-12-27,Smart Fitness Watch,South,19,216.06,4105.14,0,0
2023-12-27,Smart Fitness Watch,East,19,219.38,4168.22,0,0
2023-12-27,Ergonomic Office Chair,North,14,325.87,4562.18,0,0
2023-12-27,Ergonomic Office Chair,West,17,316.47,5379.99,0,0
2023-12-27,Ergonomic Office Chair,South,4,317.9,1271.6,0,0
2023-12-27,Ergonomic Office Chair,East,8,324.07,2592.56,0,0
2023-12-28,Laptop Pro 15,North,11,1179.3,12972.3,0,0
2023-12-28,Laptop Pro 15,West,12,1197.62,14371.44,0,0
2023-12-28,Laptop Pro 15,South,14,1180.91,16532.74,0,0
2023-12-28,Laptop Pro 15,East,4,1194.9,4779.6,0,0
2023-12-28,Smartphone Ultra,North,17,752.35,12789.95,0,0
2023-12-28,Smartphone Ultra,West,24,741.69,17800.56,0,0
2023-12-28,Smartphone Ultra,South,20,737.84,14756.8,0,0
2023-12-28,Smartphone Ultra,East,10,753.45,7534.5,0,0
2023-12-28,Wireless Noise-Canceling Headphones,North,34,180.64,6141.76,0,0
2023-12-28,Wireless Noise-Canceling Headphones,West,52,183.5,9542.0,0,0
2023-12-28,Wireless Noise-Canceling Headphones,South,34,178.63,6073.42,0,0
2023-12-28,Wireless Noise-Canceling Headphones,East,24,182.91,4389.84,0,0
2023-12-28,Smart Fitness Watch,North,21,224.04,4704.84,0,0
2023-12-28,Smart Fitness Watch,West,20,218.57,4371.4,0,0
2023-12-28,Smart Fitness Watch,South,21,221.42,4649.82,0,0
2023-12-28,Smart Fitness Watch,East,32,220.38,7052.16,0,0
2023-12-28,Ergonomic Office Chair,North,10,313.74,3137.4,0,0
2023-12-28,Ergonomic Office Chair,West,14,321.21,4496.94,0,0
2023-12-28,Ergonomic Office Chair,South,8,320.94,2567.52,0,0
2023-12-28,Ergonomic Office Chair,East,4,316.38,1265.52,0,0
2023-12-29,Laptop Pro 15,North,13,1192.8,15506.4,0,0
2023-12-29,Laptop Pro 15,West,6,1184.84,7109.04,0,0
2023-12-29,Laptop Pro 15,South,19,1208.15,22954.85,0,0
2023-12-29,Laptop Pro 15,East,9,1192.19,10729.71,0,0
2023-12-29,Smartphone Ultra,North,31,738.99,22908.69,0,0
2023-12-29,Smartphone Ultra,West,36,737.36,26544.96,0,0
2023-12-29,Smartphone Ultra,South,28,745.55,20875.4,0,0
2023-12-29,Smartphone Ultra,East,20,759.97,15199.4,0,0
2023-12-29,Wireless Noise-Canceling Headphones,North,48,180.28,8653.44,0,0
2023-12-29,Wireless Noise-Canceling Headphones,West,49,179.79,8809.71,0,0
2023-12-29,Wireless Noise-Canceling Headphones,South,50,177.66,8883.0,0,0
2023-12-29,Wireless Noise-Canceling Headphones,East,35,179.84,6294.4,0,0
2023-12-29,Smart Fitness Watch,North,38,223.42,8489.96,0,0
2023-12-29,Smart Fitness Watch,West,31,216.74,6718.94,0,0
2023-12-29,Smart Fitness Watch,South,33,216.63,7148.79,0,0
2023-12-29,Smart Fitness Watch,East,13,220.29,2863.77,0,0
2023-12-29,Ergonomic Office Chair,North,11,324.22,3566.42,0,0
2023-12-29,Ergonomic Office Chair,West,13,316.37,4112.81,0,0
2023-12-29,Ergonomic Office Chair,South,16,316.74,5067.84,0,0
2023-12-29,Ergonomic Office Chair,East,6,321.19,1927.14,0,0
2023-12-30,Laptop Pro 15,North,14,1203.17,16844.38,0,0
2023-12-30,Laptop Pro 15,West,11,1184.14,13025.54,0,0
2023-12-30,Laptop Pro 15,South,6,1196.0,7176.0,0,0
2023-12-30,Laptop Pro 15,East,9,1219.35,10974.15,0,0
2023-12-30,Smartphone Ultra,North,20,753.13,15062.6,0,0
2023-12-30,Smartphone Ultra,West,30,759.81,22794.3,0,0
2023-12-30,Smartphone Ultra,South,24,742.82,17827.68,0,0
2023-12-30,Smartphone Ultra,East,18,763.91,13750.38,0,0
2023-12-30,Wireless Noise-Canceling Headphones,North,59,176.46,10411.14,0,0
2023-12-30,Wireless Noise-Canceling Headphones,West,53,179.1,9492.3,0,0
2023-12-30,Wireless Noise-Canceling Headphones,South,36,181.22,6523.92,0,0
2023-12-30,Wireless Noise-Canceling Headphones,East,52,182.42,9485.84,0,0
2023-12-30,Smart Fitness Watch,North,45,217.93,9806.85,0,0
2023-12-30,Smart Fitness Watch,West,39,215.65,8410.35,0,0
2023-12-30,Smart Fitness Watch,South,31,215.72,6687.32,0,0
2023-12-30,Smart Fitness Watch,East,28,216.99,6075.72,0,0
2023-12-30,Ergonomic Office Chair,North,19,318.08,6043.52,0,0
2023-12-30,Ergonomic Office Chair,West,8,317.41,2539.28,0,0
2023-12-30,Ergonomic Office Chair,South,15,315.44,4731.6,0,0
2023-12-30,Ergonomic Office Chair,East,11,314.77,3462.47,0,0
2023-12-31,Laptop Pro 15,North,22,1183.82,26044.04,0,1
2023-12-31,Laptop Pro 15,West,17,1192.78,20277.26,0,1
2023-12-31,Laptop Pro 15,South,21,1214.96,25514.16,0,1
2023-12-31,Laptop Pro 15,East,15,1191.41,17871.15,0,1
2023-12-31,Smartphone Ultra,North,58,746.91,43320.78,0,1
2023-12-31,Smartphone Ultra,West,46,763.29,35111.34,0,1
2023-12-31,Smartphone Ultra,South,45,763.85,34373.25,0,1
2023-12-31,Smartphone Ultra,East,39,750.43,29266.77,0,1
2023-12-31,Wireless Noise-Canceling Headphones,North,91,183.05,16657.55,0,1
2023-12-31,Wireless Noise-Canceling Headphones,West,106,178.68,18940.08,0,1
2023-12-31,Wireless Noise-Canceling Headphones,South,82,177.8,14579.6,0,1
2023-12-31,Wireless Noise-Canceling Headphones,East,62,181.66,11262.92,0,1
2023-12-31,Smart Fitness Watch,North,58,221.46,12844.68,0,1
2023-12-31,Smart Fitness Watch,West,79,217.97,17219.63,0,1
2023-12-31,Smart Fitness Watch,South,60,219.01,13140.6,0,1
2023-12-31,Smart Fitness Watch,East,48,222.23,10667.04,0,1
2023-12-31,Ergonomic Office Chair,North,25,322.04,8051.0,0,1
2023-12-31,Ergonomic Office Chair,West,23,326.32,7505.36,0,1
2023-12-31,Ergonomic Office Chair,South,12,322.0,3864.0,0,1
2023-12-31,Ergonomic Office Chair,East,14,325.03,4550.42,0,1
2024-01-01,Laptop Pro 15,North,13,1190.92,15481.96,0,1
2024-01-01,Laptop Pro 15,West,8,1203.71,9629.68,0,1
2024-01-01,Laptop Pro 15,South,10,1184.69,11846.9,0,1
2024-01-01,Laptop Pro 15,East,7,1215.6,8509.2,0,1
2024-01-01,Smartphone Ultra,North,26,760.02,19760.52,0,1
2024-01-01,Smartphone Ultra,West,32,762.34,24394.88,0,1
2024-01-01,Smartphone Ultra,South,24,736.84,17684.16,0,1
2024-01-01,Smartphone Ultra,East,18,751.07,13519.26,0,1
2024-01-01,Wireless Noise-Canceling Headphones,North,41,181.26,7431.66,0,1
2024-01-01,Wireless Noise-Canceling Headphones,West,43,183.53,7891.79,0,1
2024-01-01,Wireless Noise-Canceling Headphones,South,44,180.57,7945.08,0,1
2024-01-01,Wireless Noise-Canceling Headphones,East,36,176.98,6371.28,0,1
2024-01-01,Smart Fitness Watch,North,38,216.09,8211.42,0,1
2024-01-01,Smart Fitness Watch,West,30,223.66,6709.8,0,1
2024-01-01,Smart Fitness Watch,South,24,221.11,5306.64,0,1
2024-01-01,Smart Fitness Watch,East,25,219.44,5486.0,0,1
2024-01-01,Ergonomic Office Chair,North,15,316.42,4746.3,0,1
2024-01-01,Ergonomic Office Chair,West,11,316.05,3476.55,0,1
2024-01-01,Ergonomic Office Chair,South,4,318.24,1272.96,0,1
2024-01-01,Ergonomic Office Chair,East,14,326.2,4566.8,0,1
2024-01-02,Laptop Pro 15,North,10,1184.31,11843.1,0,0
2024-01-02,Laptop Pro 15,West,6,1218.48,7310.88,0,0
2024-01-02,Laptop Pro 15,South,4,1177.46,4709.84,0,0
2024-01-02,Laptop Pro 15,East,5,1221.33,6106.65,0,0
2024-01-02,Smartphone Ultra,North,14,759.49,10632.86,0,0
2024-01-02,Smartphone Ultra,West,12,736.21,8834.52,0,0
2024-01-02,Smartphone Ultra,South,13,742.11,9647.43,0,0
2024-01-02,Smartphone Ultra,East,7,751.11,5257.77,0,0
2024-01-02,Wireless Noise-Canceling Headphones,North,32,181.41,5805.12,0,0
2024-01-02,Wireless Noise-Canceling Headphones,West,34,180.5,6137.0,0,0
2024-01-02,Wireless Noise-Canceling Headphones,South,23,181.94,4184.62,0,0
2024-01-02,Wireless Noise-Canceling Headphones,East,23,179.59,4130.57,0,0
2024-01-02,Smart Fitness Watch,North,22,223.56,4918.32,0,0
2024-01-02,Smart Fitness Watch,West,20,221.61,4432.2,0,0
2024-01-02,Smart Fitness Watch,South,16,222.47,3559.52,0,0
2024-01-02,Smart Fitness Watch,East,10,221.69,2216.9,0,0
2024-01-02,Ergonomic Office Chair,North,7,325.58,2279.06,0,0
2024-01-02,Ergonomic Office Chair,West,9,320.7,2886.3,0,0
2024-01-02,Ergonomic Office Chair,South,6,318.51,1911.06,0,0
2024-01-02,Ergonomic Office Chair,East,8,316.54,2532.32,0,0
2024-01-03,Laptop Pro 15,North,7,1197.02,8379.14,0,0
2024-01-03,Laptop Pro 15,West,7,1178.03,8246.21,0,0
2024-01-03,Laptop Pro 15,South,8,1195.89,9567.12,0,0
2024-01-03,Laptop Pro 15,East,4,1219.99,4879.96,0,0
2024-01-03,Smartphone Ultra,North,14,750.93,10513.02,0,0
2024-01-03,Smartphone Ultra,West,16,764.12,12225.92,0,0
2024-01-03,Smartphone Ultra,South,18,759.1,13663.8,0,0
2024-01-03,Smartphone Ultra,East,16,754.72,12075.52,0,0
2024-01-03,Wireless Noise-Canceling Headphones,North,28,181.71,5087.88,0,0
2024-01-03,Wireless Noise-Canceling Headphones,West,21,177.8,3733.8,0,0
2024-01-03,Wireless Noise-Canceling Headphones,South,30,179.65,5389.5,0,0
2024-01-03,Wireless Noise-Canceling Headphones,East,25,182.98,4574.5,0,0
2024-01-03,Smart Fitness Watch,North,13,221.82,2883.66,0,0
2024-01-03,Smart Fitness Watch,West,16,219.29,3508.64,0,0
2024-01-03,Smart Fitness Watch,South,22,219.94,4838.68,0,0
2024-01-03,Smart Fitness Watch,East,14,223.72,3132.08,0,0
2024-01-03,Ergonomic Office Chair,North,9,321.85,2896.65,0,0
2024-01-03,Ergonomic Office Chair,West,15,319.66,4794.9,0,0
2024-01-03,Ergonomic Office Chair,South,12,313.63,3763.56,0,0
2024-01-03,Ergonomic Office Chair,East,8,319.67,2557.36,0,0
2024-01-04,Laptop Pro 15,North,9,1186.04,10674.36,0,0
2024-01-04,Laptop Pro 15,West,4,1194.11,4776.44,0,0
2024-01-04,Laptop Pro 15,South,6,1181.9,7091.4,0,0
2024-01-04,Laptop Pro 15,East,2,1201.54,2403.08,0,0
2024-01-04,Smartphone Ultra,North,12,760.63,9127.56,0,0
2024-01-04,Smartphone Ultra,West,29,760.54,22055.66,0,0
2024-01-04,Smartphone Ultra,South,15,736.54,11048.1,0,0
2024-01-04,Smartphone Ultra,East,6,762.44,4574.64,0,0
2024-01-04,Wireless Noise-Canceling Headphones,North,18,183.1,3295.8,0,0
2024-01-04,Wireless Noise-Canceling Headphones,West,33,176.56,5826.48,0,0
2024-01-04,Wireless Noise-Canceling Headphones,South,31,179.18,5554.58,0,0
2024-01-04,Wireless Noise-Canceling Headphones,East,19,178.86,3398.34,0,0
2024-01-04,Smart Fitness Watch,North,16,219.63,3514.08,0,0
2024-01-04,Smart Fitness Watch,West,22,221.53,4873.66,0,0
2024-01-04,Smart Fitness Watch,South,18,223.23,4018.14,0,0
2024-01-04,Smart Fitness Watch,East,16,221.0,3536.0,0,0
2024-01-04,Ergonomic Office Chair,North,7,322.29,2256.03,0,0
2024-01-04,Ergonomic Office Chair,West,10,316.03,3160.3,0,0
2024-01-04,Ergonomic Office Chair,South,8,316.69,2533.52,0,0
2024-01-04,Ergonomic Office Chair,East,7,314.33,2200.31,0,0
2024-01-05,Laptop Pro 15,North,8,1191.62,9532.96,0,0
2024-01-05,Laptop Pro 15,West,11,1216.85,13385.35,0,0
2024-01-05,Laptop Pro 15,South,12,1189.72,14276.64,0,0
2024-01-05,Laptop Pro 15,East,2,1190.78,2381.56,0,0
2024-01-05,Smartphone Ultra,North,29,741.75,21510.75,0,0
2024-01-05,Smartphone Ultra,West,23,749.17,17230.91,0,0
2024-01-05,Smartphone Ultra,South,25,762.4,19060.0,0,0
2024-01-05,Smartphone Ultra,East,17,759.21,12906.57,0,0
2024-01-05,Wireless Noise-Canceling Headphones,North,26,183.1,4760.6,0,0
2024-01-05,Wireless Noise-Canceling Headphones,West,23,179.2,4121.6,0,0
2024-01-05,Wireless Noise-Canceling Headphones,South,37,179.46,6640.02,0,0
2024-01-05,Wireless Noise-Canceling Headphones,East,24,178.55,4285.2,0,0
2024-01-05,Smart Fitness Watch,North,17,220.98,3756.66,0,0
2024-01-05,Smart Fitness Watch,West,33,221.96,7324.68,0,0
2024-01-05,Smart Fitness Watch,South,18,223.93,4030.74,0,0
2024-01-05,Smart Fitness Watch,East,25,220.92,5523.0,0,0
2024-01-05,Ergonomic Office Chair,North,12,326.3,3915.6,0,0
2024-01-05,Ergonomic Office Chair,West,8,319.8,2558.4,0,0
2024-01-05,Ergonomic Office Chair,South,14,313.92,4394.88,0,0
2024-01-05,Ergonomic Office Chair,East,6,324.96,1949.76,0,0
2024-01-06,Laptop Pro 15,North,9,1214.4,10929.6,0,0
2024-01-06,Laptop Pro 15,West,6,1204.42,7226.52,0,0
2024-01-06,Laptop Pro 15,South,6,1183.54,7101.24,0,0
2024-01-06,Laptop Pro 15,East,8,1216.57,9732.56,0,0
2024-01-06,Smartphone Ultra,North,23,755.17,17368.91,0,0
2024-01-06,Smartphone Ultra,West,34,758.04,25773.36,0,0
2024-01-06,Smartphone Ultra,South,15,761.21,11418.15,0,0
2024-01-06,Smartphone Ultra,East,17,750.24,12754.08,0,0
2024-01-06,Wireless Noise-Canceling Headphones,North,46,177.6,8169.6,0,0
2024-01-06,Wireless Noise-Canceling Headphones,West,37,181.14,6702.18,0,0
2024-01-06,Wireless Noise-Canceling Headphones,South,37,177.05,6550.85,0,0
2024-01-06,Wireless Noise-Canceling Headphones,East,29,177.4,5144.6,0,0
2024-01-06,Smart Fitness Watch,North,24,217.02,5208.48,0,0
2024-01-06,Smart Fitness Watch,West,25,216.03,5400.75,0,0
2024-01-06,Smart Fitness Watch,South,24,215.79,5178.96,0,0
2024-01-06,Smart Fitness Watch,East,14,220.82,3091.48,0,0
2024-01-06,Ergonomic Office Chair,North,15,323.89,4858.35,0,0
2024-01-06,Ergonomic Office Chair,West,12,314.78,3777.36,0,0
2024-01-06,Ergonomic Office Chair,South,7,316.47,2215.29,0,0
2024-01-06,Ergonomic Office Chair,East,12,320.73,3848.76,0,0
2024-01-07,Laptop Pro 15,North,8,1199.83,9598.64,0,0
2024-01-07,Laptop Pro 15,West,7,1210.53,8473.71,0,0
2024-01-07,Laptop Pro 15,South,10,1216.21,12162.1,0,0
2024-01-07,Laptop Pro 15,East,3,1220.54,3661.62,0,0
2024-01-07,Smartphone Ultra,North,33,760.08,25082.64,0,0
2024-01-07,Smartphone Ultra,West,22,745.03,16390.66,0,0
2024-01-07,Smartphone Ultra,South,20,736.83,14736.6,0,0
2024-01-07,Smartphone Ultra,East,11,764.29,8407.19,0,0
2024-01-07,Wireless Noise-Canceling Headphones,North,35,179.57,6284.95,0,0
2024-01-07,Wireless Noise-Canceling Headphones,West,36,180.25,6489.0,0,0
2024-01-07,Wireless Noise-Canceling Headphones,South,23,181.38,4171.74,0,0
2024-01-07,Wireless Noise-Canceling Headphones,East,26,178.08,4630.08,0,0
2024-01-07,Smart Fitness Watch,North,25,222.61,5565.25,0,0
2024-01-07,Smart Fitness Watch,West,23,217.36,4999.28,0,0
2024-01-07,Smart Fitness Watch,South,21,221.28,4646.88,0,0
2024-01-07,Smart Fitness Watch,East,21,217.54,4568.34,0,0
2024-01-07,Ergonomic Office Chair,North,7,317.51,2222.57,0,0
2024-01-07,Ergonomic Office Chair,West,15,315.96,4739.4,0,0
2024-01-07,Ergonomic Office Chair,South,11,318.58,3504.38,0,0
2024-01-07,Ergonomic Office Chair,East,8,320.55,2564.4,0,0
2024-01-08,Laptop Pro 15,North,8,1187.26,9498.08,0,0
2024-01-08,Laptop Pro 15,West,8,1202.91,9623.28,0,0
2024-01-08,Laptop Pro 15,South,4,1210.46,4841.84,0,0
2024-01-08,Laptop Pro 15,East,7,1177.32,8241.24,0,0
2024-01-08,Smartphone Ultra,North,17,753.57,12810.69,0,0
2024-01-08,Smartphone Ultra,West,21,743.54,15614.34,0,0
2024-01-08,Smartphone Ultra,South,17,736.13,12514.21,0,0
2024-01-08,Smartphone Ultra,East,12,757.89,9094.68,0,0
2024-01-08,Wireless Noise-Canceling Headphones,North,36,179.64,6467.04,0,0
2024-01-08,Wireless Noise-Canceling Headphones,West,28,181.75,5089.0,0,0
2024-01-08,Wireless Noise-Canceling Headphones,South,24,181.08,4345.92,0,0
2024-01-08,Wireless Noise-Canceling Headphones,East,16,179.08,2865.28,0,0
2024-01-08,Smart Fitness Watch,North,19,217.22,4127.18,0,0
2024-01-08,Smart Fitness Watch,West,23,219.18,5041.14,0,0
2024-01-08,Smart Fitness Watch,South,15,219.98,3299.7,0,0
2024-01-08,Smart Fitness Watch,East,16,221.15,3538.4,0,0
2024-01-08,Ergonomic Office Chair,North,14,322.86,4520.04,0,0
2024-01-08,Ergonomic Office Chair,West,6,318.35,1910.1,0,0
2024-01-08,Ergonomic Office Chair,South,12,326.32,3915.84,0,0
2024-01-08,Ergonomic Office Chair,East,10,318.53,3185.3,0,0
2024-01-09,Laptop Pro 15,North,11,1187.63,13063.93,0,0
2024-01-09,Laptop Pro 15,West,9,1210.4,10893.6,0,0
2024-01-09,Laptop Pro 15,South,7,1192.72,8349.04,0,0
2024-01-09,Laptop Pro 15,East,3,1217.77,3653.31,0,0
2024-01-09,Smartphone Ultra,North,19,744.34,14142.46,0,0
2024-01-09,Smartphone Ultra,West,16,735.13,11762.08,0,0
2024-01-09,Smartphone Ultra,South,9,760.78,6847.02,0,0
2024-01-09,Smartphone Ultra,East,10,740.38,7403.8,0,0
2024-01-09,Wireless Noise-Canceling Headphones,North,22,180.63,3973.86,0,0
2024-01-09,Wireless Noise-Canceling Headphones,West,25,176.43,4410.75,0,0
2024-01-09,Wireless Noise-Canceling Headphones,South,25,182.14,4553.5,0,0
2024-01-09,Wireless Noise-Canceling Headphones,East,22,179.63,3951.86,0,0
2024-01-09,Smart Fitness Watch,North,20,223.21,4464.2,0,0
2024-01-09,Smart Fitness Watch,West,15,221.62,3324.3,0,0
2024-01-09,Smart Fitness Watch,South,11,220.18,2421.98,0,0
2024-01-09,Smart Fitness Watch,East,17,217.93,3704.81,0,0
2024-01-09,Ergonomic Office Chair,North,6,321.56,1929.36,0,0
2024-01-09,Ergonomic Office Chair,West,8,320.92,2567.36,0,0
2024-01-09,Ergonomic Office Chair,South,3,322.02,966.06,0,0
2024-01-09,Ergonomic Office Chair,East,4,315.62,1262.48,0,0
2024-01-10,Laptop Pro 15,North,11,1212.14,13333.54,0,0
2024-01-10,Laptop Pro 15,West,2,1206.29,2412.58,0,0
2024-01-10,Laptop Pro 15,South,7,1177.37,8241.59,0,0
2024-01-10,Laptop Pro 15,East,5,1218.65,6093.25,0,0
2024-01-10,Smartphone Ultra,North,22,762.41,16773.02,0,0
2024-01-10,Smartphone Ultra,West,17,741.45,12604.65,0,0
2024-01-10,Smartphone Ultra,South,19,764.48,14525.12,0,0
2024-01-10,Smartphone Ultra,East,7,744.96,5214.72,0,0
2024-01-10,Wireless Noise-Canceling Headphones,North,30,181.16,5434.8,0,0
2024-01-10,Wireless Noise-Canceling Headphones,West,25,179.64,4491.0,0,0
2024-01-10,Wireless Noise-Canceling Headphones,South,30,177.25,5317.5,0,0
2024-01-10,Wireless Noise-Canceling Headphones,East,22,180.14,3963.08,0,0
2024-01-10,Smart Fitness Watch,North,20,224.11,4482.2,0,0
2024-01-10,Smart Fitness Watch,West,24,217.64,5223.36,0,0
2024-01-10,Smart Fitness Watch,South,18,217.71,3918.78,0,0
2024-01-10,Smart Fitness Watch,East,21,218.09,4579.89,0,0
2024-01-10,Ergonomic Office Chair,North,12,315.97,3791.64,0,0
2024-01-10,Ergonomic Office Chair,West,11,326.12,3587.32,0,0
2024-01-10,Ergonomic Office Chair,South,11,325.64,3582.04,0,0
2024-01-10,Ergonomic Office Chair,East,10,316.62,3166.2,0,0
2024-01-11,Laptop Pro 15,North,8,1178.79,9430.32,0,0
2024-01-11,Laptop Pro 15,West,8,1185.43,9483.44,0,0
2024-01-11,Laptop Pro 15,South,3,1197.99,3593.97,0,0
2024-01-11,Laptop Pro 15,East,8,1199.57,9596.56,0,0
2024-01-11,Smartphone Ultra,North,13,740.65,9628.45,0,0
2024-01-11,Smartphone Ultra,West,19,763.6,14508.4,0,0
2024-01-11,Smartphone Ultra,South,11,762.51,8387.61,0,0
2024-01-11,Smartphone Ultra,East,23,759.93,17478.39,0,0
2024-01-11,Wireless Noise-Canceling Headphones,North,24,177.01,4248.24,0,0
2024-01-11,Wireless Noise-Canceling Headphones,West,22,179.63,3951.86,0,0
2024-01-11,Wireless Noise-Canceling Headphones,South,29,183.37,5317.73,0,0
2024-01-11,Wireless Noise-Canceling Headphones,East,10,181.45,1814.5,0,0
2024-01-11,Smart Fitness Watch,North,28,219.91,6157.48,0,0
2024-01-11,Smart Fitness Watch,West,17,220.08,3741.36,0,0
2024-01-11,Smart Fitness Watch,South,17,220.69,3751.73,0,0
2024-01-11,Smart Fitness Watch,East,18,217.92,3922.56,0,0
2024-01-11,Ergonomic Office Chair,North,8,324.74,2597.92,0,0
2024-01-11,Ergonomic Office Chair,West,9,318.24,2864.16,0,0
2024-01-11,Ergonomic Office Chair,South,4,322.59,1290.36,0,0
2024-01-11,Ergonomic Office Chair,East,6,318.26,1909.56,0,0
2024-01-12,Laptop Pro 15,North,10,1177.91,11779.1,0,0
2024-01-12,Laptop Pro 15,West,9,1207.52,10867.68,0,0
2024-01-12,Laptop Pro 15,South,7,1190.97,8336.79,0,0
2024-01-12,Laptop Pro 15,East,6,1206.94,7241.64,0,0
2024-01-12,Smartphone Ultra,North,15,739.28,11089.2,0,0
2024-01-12,Smartphone Ultra,West,18,736.51,13257.18,0,0
2024-01-12,Smartphone Ultra,South,12,748.87,8986.44,0,0
2024-01-12,Smartphone Ultra,East,19,745.42,14162.98,0,0
2024-01-12,Wireless Noise-Canceling Headphones,North,34,180.91,6150.94,0,0
2024-01-12,Wireless Noise-Canceling Headphones,West,28,180.04,5041.12,0,0
2024-01-12,Wireless Noise-Canceling Headphones,South,19,180.5,3429.5,0,0
2024-01-12,Wireless Noise-Canceling Headphones,East,21,177.85,3734.85,0,0
2024-01-12,Smart Fitness Watch,North,23,220.68,5075.64,0,0
2024-01-12,Smart Fitness Watch,West,26,220.95,5744.7,0,0
2024-01-12,Smart Fitness Watch,South,17,219.87,3737.79,0,0
2024-01-12,Smart Fitness Watch,East,11,219.85,2418.35,0,0
2024-01-12,Ergonomic Office Chair,North,13,324.67,4220.71,0,0
2024-01-12,Ergonomic Office Chair,West,12,314.77,3777.24,0,0
2024-01-12,Ergonomic Office Chair,South,5,317.28,1586.4,0,0
2024-01-12,Ergonomic Office Chair,East,6,320.04,1920.24,0,0
2024-01-13,Laptop Pro 15,North,9,1221.02,10989.18,0,0
2024-01-13,Laptop Pro 15,West,11,1214.1,13355.1,0,0
2024-01-13,Laptop Pro 15,South,9,1195.31,10757.79,0,0
2024-01-13,Laptop Pro 15,East,4,1222.68,4890.72,0,0
2024-01-13,Smartphone Ultra,North,18,738.22,13287.96,0,0
2024-01-13,Smartphone Ultra,West,21,745.38,15652.98,0,0
2024-01-13,Smartphone Ultra,South,17,736.99,12528.83,0,0
2024-01-13,Smartphone Ultra,East,20,756.92,15138.4,0,0
2024-01-13,Wireless Noise-Canceling Headphones,North,43,179.16,7703.88,0,0
2024-01-13,Wireless Noise-Canceling Headphones,West,41,179.62,7364.42,0,0
2024-01-13,Wireless Noise-Canceling Headphones,South,33,181.21,5979.93,0,0
2024-01-13,Wireless Noise-Canceling Headphones,East,28,176.57,4943.96,0,0
2024-01-13,Smart Fitness Watch,North,34,221.38,7526.92,0,0
2024-01-13,Smart Fitness Watch,West,21,215.91,4534.11,0,0
2024-01-13,Smart Fitness Watch,South,32,218.79,7001.28,0,0
2024-01-13,Smart Fitness Watch,East,25,221.06,5526.5,0,0
2024-01-13,Ergonomic Office Chair,North,12,316.91,3802.92,0,0
2024-01-13,Ergonomic Office Chair,West,7,316.78,2217.46,0,0
2024-01-13,Ergonomic Office Chair,South,10,315.43,3154.3,0,0
2024-01-13,Ergonomic Office Chair,East,12,315.97,3791.64,0,0
2024-01-14,Laptop Pro 15,North,12,1085.01,13020.12,1,0
2024-01-14,Laptop Pro 15,West,16,1038.84,16621.44,1,0
2024-01-14,Laptop Pro 15,South,10,1069.95,10699.5,1,0
2024-01-14,Laptop Pro 15,East,14,1059.55,14833.7,1,0
2024-01-14,Smartphone Ultra,North,40,664.43,26577.2,1,0
2024-01-14,Smartphone Ultra,West,26,677.81,17623.06,1,0
2024-01-14,Smartphone Ultra,South,24,655.08,15721.92,1,0
2024-01-14,Smartphone Ultra,East,19,683.49,12986.31,1,0
2024-01-14,Wireless Noise-Canceling Headphones,North,44,161.23,7094.12,1,0
2024-01-14,Wireless Noise-Canceling Headphones,West,53,157.18,8330.54,1,0
2024-01-14,Wireless Noise-Canceling Headphones,South,38,153.1,5817.8,1,0
2024-01-14,Wireless Noise-Canceling Headphones,East,29,165.07,4787.03,1,0
2024-01-14,Smart Fitness Watch,North,44,193.97,8534.68,1,0
2024-01-14,Smart Fitness Watch,West,52,198.77,10336.04,1,0
2024-01-14,Smart Fitness Watch,South,31,194.51,6029.81,1,0
2024-01-14,Smart Fitness Watch,East,26,188.95,4912.7,1,0
2024-01-14,Ergonomic Office Chair,North,14,277.43,3884.02,1,0
2024-01-14,Ergonomic Office Chair,West,14,283.41,3967.74,1,0
2024-01-14,Ergonomic Office Chair,South,13,284.39,3697.07,1,0
2024-01-14,Ergonomic Office Chair,East,9,281.7,2535.3,1,0
2024-01-15,Laptop Pro 15,North,3,1223.78,3671.34,0,0
2024-01-15,Laptop Pro 15,West,7,1197.63,8383.41,0,0
2024-01-15,Laptop Pro 15,South,8,1200.1,9600.8,0,0
2024-01-15,Laptop Pro 15,East,5,1206.65,6033.25,0,0
2024-01-15,Smartphone Ultra,North,22,754.06,16589.32,0,0
2024-01-15,Smartphone Ultra,West,8,751.1,6008.8,0,0
2024-01-15,Smartphone Ultra,South,18,748.22,13467.96,0,0
2024-01-15,Smartphone Ultra,East,10,758.36,7583.6,0,0
2024-01-15,Wireless Noise-Canceling Headphones,North,31,179.48,5563.88,0,0
2024-01-15,Wireless Noise-Canceling Headphones,West,27,182.33,4922.91,0,0
2024-01-15,Wireless Noise-Canceling Headphones,South,32,182.58,5842.56,0,0
2024-01-15,Wireless Noise-Canceling Headphones,East,27,183.35,4950.45,0,0
2024-01-15,Smart Fitness Watch,North,19,222.57,4228.83,0,0
2024-01-15,Smart Fitness Watch,West,19,215.88,4101.72,0,0
2024-01-15,Smart Fitness Watch,South,17,218.25,3710.25,0,0
2024-01-15,Smart Fitness Watch,East,14,222.4,3113.6,0,0
2024-01-15,Ergonomic Office Chair,North,8,322.95,2583.6,0,0
2024-01-15,Ergonomic Office Chair,West,10,323.59,3235.9,0,0
2024-01-15,Ergonomic Office Chair,South,6,322.56,1935.36,0,0
2024-01-15,Ergonomic Office Chair,East,7,325.22,2276.54,0,0
2024-01-16,Laptop Pro 15,North,10,1183.71,11837.1,0,0
2024-01-16,Laptop Pro 15,West,7,1208.41,8458.87,0,0
2024-01-16,Laptop Pro 15,South,9,1216.44,10947.96,0,0
2024-01-16,Laptop Pro 15,East,4,1179.71,4718.84,0,0
2024-01-16,Smartphone Ultra,North,25,749.53,18738.25,0,0
2024-01-16,Smartphone Ultra,West,19,740.14,14062.66,0,0
2024-01-16,Smartphone Ultra,South,14,742.67,10397.38,0,0
2024-01-16,Smartphone Ultra,East,10,735.5,7355.0,0,0
2024-01-16,Wireless Noise-Canceling Headphones,North,28,183.36,5134.08,0,0
2024-01-16,Wireless Noise-Canceling Headphones,West,29,177.81,5156.49,0,0
2024-01-16,Wireless Noise-Canceling Headphones,South,29,177.68,5152.72,0,0
2024-01-16,Wireless Noise-Canceling Headphones,East,24,183.57,4405.68,0,0
2024-01-16,Smart Fitness Watch,North,26,218.44,5679.44,0,0
2024-01-16,Smart Fitness Watch,West,20,222.53,4450.6,0,0
2024-01-16,Smart Fitness Watch,South,19,216.23,4108.37,0,0
2024-01-16,Smart Fitness Watch,East,19,224.04,4256.76,0,0
2024-01-16,Ergonomic Office Chair,North,10,319.05,3190.5,0,0
2024-01-16,Ergonomic Office Chair,West,4,318.39,1273.56,0,0
2024-01-16,Ergonomic Office Chair,South,1,325.9,325.9,0,0
2024-01-16,Ergonomic Office Chair,East,8,325.08,2600.64,0,0
2024-01-17,Laptop Pro 15,North,11,1184.99,13034.89,0,0
2024-01-17,Laptop Pro 15,West,9,1216.58,10949.22,0,0
2024-01-17,Laptop Pro 15,South,3,1180.39,3541.17,0,0
2024-01-17,Laptop Pro 15,East,6,1181.41,7088.46,0,0
2024-01-17,Smartphone Ultra,North,16,735.97,11775.52,0,0
2024-01-17,Smartphone Ultra,West,18,761.61,13708.98,0,0
2024-01-17,Smartphone Ultra,South,15,763.37,11450.55,0,0
2024-01-17,Smartphone Ultra,East,15,749.31,11239.65,0,0
2024-01-17,Wireless Noise-Canceling Headphones,North,32,177.04,5665.28,0,0
2024-01-17,Wireless Noise-Canceling Headphones,West,25,178.25,4456.25,0,0
2024-01-17,Wireless Noise-Canceling Headphones,South,18,181.29,3263.22,0,0
2024-01-17,Wireless Noise-Canceling Headphones,East,22,178.72,3931.84,0,0
2024-01-17,Smart Fitness Watch,North,29,220.12,6383.48,0,0
2024-01-17,Smart Fitness Watch,West,21,218.37,4585.77,0,0
2024-01-17,Smart Fitness Watch,South,18,219.47,3950.46,0,0
2024-01-17,Smart Fitness Watch,East,20,218.01,4360.2,0,0
2024-01-17,Ergonomic Office Chair,North,9,325.96,2933.64,0,0
2024-01-17,Ergonomic Office Chair,West,12,316.44,3797.28,0,0
2024-01-17,Ergonomic Office Chair,South,7,322.29,2256.03,0,0
2024-01-17,Ergonomic Office Chair,East,7,326.04,2282.28,0,0
2024-01-18,Laptop Pro 15,North,5,1200.07,6000.35,0,0
2024-01-18,Laptop Pro 15,West,5,1210.58,6052.9,0,0
2024-01-18,Laptop Pro 15,South,9,1205.42,10848.78,0,0
2024-01-18,Laptop Pro 15,East,2,1187.6,2375.2,0,0
2024-01-18,Smartphone Ultra,North,23,754.83,17361.09,0,0
2024-01-18,Smartphone Ultra,West,13,761.62,9901.06,0,0
2024-01-18,Smartphone Ultra,South,17,764.84,13002.28,0,0
2024-01-18,Smartphone Ultra,East,15,753.42,11301.3,0,0
2024-01-18,Wireless Noise-Canceling Headphones,North,27,182.88,4937.76,0,0
2024-01-18,Wireless Noise-Canceling Headphones,West,29,182.95,5305.55,0,0
2024-01-18,Wireless Noise-Canceling Headphones,South,20,179.87,3597.4,0,0
2024-01-18,Wireless Noise-Canceling Headphones,East,24,181.5,4356.0,0,0
2024-01-18,Smart Fitness Watch,North,20,216.54,4330.8,0,0
2024-01-18,Smart Fitness Watch,West,14,220.29,3084.06,0,0
2024-01-18,Smart Fitness Watch,South,20,220.98,4419.6,0,0
2024-01-18,Smart Fitness Watch,East,16,219.16,3506.56,0,0
2024-01-18,Ergonomic Office Chair,North,9,319.89,2879.01,0,0
2024-01-18,Ergonomic Office Chair,West,7,322.37,2256.59,0,0
2024-01-18,Ergonomic Office Chair,South,6,319.46,1916.76,0,0
2024-01-18,Ergonomic Office Chair,East,16,313.72,5019.52,0,0
2024-01-19,Laptop Pro 15,North,8,1187.32,9498.56,0,0
2024-01-19,Laptop Pro 15,West,11,1197.51,13172.61,0,0
2024-01-19,Laptop Pro 15,South,8,1197.45,9579.6,0,0
2024-01-19,Laptop Pro 15,East,9,1195.01,10755.09,0,0
2024-01-19,Smartphone Ultra,North,18,741.28,13343.04,0,0
2024-01-19,Smartphone Ultra,West,18,739.06,13303.08,0,0
2024-01-19,Smartphone Ultra,South,15,739.39,11090.85,0,0
2024-01-19,Smartphone Ultra,East,5,743.02,3715.1,0,0
2024-01-19,Wireless Noise-Canceling Headphones,North,28,179.68,5031.04,0,0
2024-01-19,Wireless Noise-Canceling Headphones,West,29,180.04,5221.16,0,0
2024-01-19,Wireless Noise-Canceling Headphones,South,20,183.41,3668.2,0,0
2024-01-19,Wireless Noise-Canceling Headphones,East,18,179.87,3237.66,0,0
2024-01-19,Smart Fitness Watch,North,24,217.64,5223.36,0,0
2024-01-19,Smart Fitness Watch,West,17,223.81,3804.77,0,0
2024-01-19,Smart Fitness Watch,South,15,219.45,3291.75,0,0
2024-01-19,Smart Fitness Watch,East,15,219.62,3294.3,0,0
2024-01-19,Ergonomic Office Chair,North,11,314.64,3461.04,0,0
2024-01-19,Ergonomic Office Chair,West,11,314.71,3461.81,0,0
2024-01-19,Ergonomic Office Chair,South,4,321.88,1287.52,0,0
2024-01-19,Ergonomic Office Chair,East,8,323.13,2585.04,0,0
2024-01-20,Laptop Pro 15,North,12,1185.66,14227.92,0,0
2024-01-20,Laptop Pro 15,West,8,1191.19,9529.52,0,0
2024-01-20,Laptop Pro 15,South,7,1183.24,8282.68,0,0
2024-01-20,Laptop Pro 15,East,4,1201.82,4807.28,0,0
2024-01-20,Smartphone Ultra,North,28,736.86,20632.08,0,0
2024-01-20,Smartphone Ultra,West,22,744.83,16386.26,0,0
2024-01-20,Smartphone Ultra,South,26,763.46,19849.96,0,0
2024-01-20,Smartphone Ultra,East,22,739.54,16269.88,0,0
2024-01-20,Wireless Noise-Canceling Headphones,North,32,178.76,5720.32,0,0
2024-01-20,Wireless Noise-Canceling Headphones,West,45,178.16,8017.2,0,0
2024-01-20,Wireless Noise-Canceling Headphones,South,36,178.99,6443.64,0,0
2024-01-20,Wireless Noise-Canceling Headphones,East,25,180.1,4502.5,0,0
2024-01-20,Smart Fitness Watch,North,32,223.77,7160.64,0,0
2024-01-20,Smart Fitness Watch,West,25,224.0,5600.0,0,0
2024-01-20,Smart Fitness Watch,South,24,216.63,5199.12,0,0
2024-01-20,Smart Fitness Watch,East,19,216.79,4119.01,0,0
2024-01-20,Ergonomic Office Chair,North,12,315.53,3786.36,0,0
2024-01-20,Ergonomic Office Chair,West,9,318.53,2866.77,0,0
2024-01-20,Ergonomic Office Chair,South,16,320.31,5124.96,0,0
2024-01-20,Ergonomic Office Chair,East,13,316.82,4118.66,0,0
2024-01-21,Laptop Pro 15,North,6,1189.89,7139.34,0,0
2024-01-21,Laptop Pro 15,West,5,1206.65,6033.25,0,0
2024-01-21,Laptop Pro 15,South,11,1203.95,13243.45,0,0
2024-01-21,Laptop Pro 15,East,6,1202.87,7217.22,0,0
2024-01-21,Smartphone Ultra,North,20,741.8,14836.0,0,0
2024-01-21,Smartphone Ultra,West,19,746.58,14185.02,0,0
2024-01-21,Smartphone Ultra,South,12,758.63,9103.56,0,0
2024-01-21,Smartphone Ultra,East,17,750.57,12759.69,0,0
2024-01-21,Wireless Noise-Canceling Headphones,North,37,180.95,6695.15,0,0
2024-01-21,Wireless Noise-Canceling Headphones,West,43,177.96,7652.28,0,0
2024-01-21,Wireless Noise-Canceling Headphones,South,28,177.05,4957.4,0,0
2024-01-21,Wireless Noise-Canceling Headphones,East,22,178.32,3923.04,0,0
2024-01-21,Smart Fitness Watch,North,24,216.91,5205.84,0,0
2024-01-21,Smart Fitness Watch,West,28,218.46,6116.88,0,0
2024-01-21,Smart Fitness Watch,South,31,220.8,6844.8,0,0
2024-01-21,Smart Fitness Watch,East,24,219.91,5277.84,0,0
2024-01-21,Ergonomic Office Chair,North,14,322.02,4508.28,0,0
2024-01-21,Ergonomic Office Chair,West,11,314.25,3456.75,0,0
2024-01-21,Ergonomic Office Chair,South,16,321.02,5136.32,0,0
2024-01-21,Ergonomic Office Chair,East,10,318.87,3188.7,0,0
2024-01-22,Laptop Pro 15,North,4,1212.27,4849.08,0,0
2024-01-22,Laptop Pro 15,West,8,1192.36,9538.88,0,0
2024-01-22,Laptop Pro 15,South,4,1218.3,4873.2,0,0
2024-01-22,Laptop Pro 15,East,4,1183.74,4734.96,0,0
2024-01-22,Smartphone Ultra,North,17,758.57,12895.69,0,0
2024-01-22,Smartphone Ultra,West,16,735.06,11760.96,0,0
2024-01-22,Smartphone Ultra,South,19,748.2,14215.8,0,0
2024-01-22,Smartphone Ultra,East,15,746.0,11190.0,0,0
2024-01-22,Wireless Noise-Canceling Headphones,North,31,177.71,5509.01,0,0
2024-01-22,Wireless Noise-Canceling Headphones,West,25,183.54,4588.5,0,0
2024-01-22,Wireless Noise-Canceling Headphones,South,22,182.32,4011.04,0,0
2024-01-22,Wireless Noise-Canceling Headphones,East,19,180.35,3426.65,0,0
2024-01-22,Smart Fitness Watch,North,23,215.9,4965.7,0,0
2024-01-22,Smart Fitness Watch,West,25,218.17,5454.25,0,0
2024-01-22,Smart Fitness Watch,South,13,220.74,2869.62,0,0
2024-01-22,Smart Fitness Watch,East,18,216.52,3897.36,0,0
2024-01-22,Ergonomic Office Chair,North,9,318.47,2866.23,0,0
2024-01-22,Ergonomic Office Chair,West,9,325.06,2925.54,0,0
2024-01-22,Ergonomic Office Chair,South,6,326.24,1957.44,0,0
2024-01-22,Ergonomic Office Chair,East,5,323.61,1618.05,0,0
2024-01-23,Laptop Pro 15,North,11,1184.0,13024.0,0,0
2024-01-23,Laptop Pro 15,West,3,1184.67,3554.01,0,0
2024-01-23,Laptop Pro 15,South,8,1208.26,9666.08,0,0
2024-01-23,Laptop Pro 15,East,6,1177.35,7064.1,0,0
2024-01-23,Smartphone Ultra,North,16,751.66,12026.56,0,0
2024-01-23,Smartphone Ultra,West,13,745.64,9693.32,0,0
2024-01-23,Smartphone Ultra,South,20,755.47,15109.4,0,0
2024-01-23,Smartphone Ultra,East,15,744.76,11171.4,0,0
2024-01-23,Wireless Noise-Canceling Headphones,North,33,177.9,5870.7,0,0
2024-01-23,Wireless Noise-Canceling Headphones,West,31,176.94,5485.14,0,0
2024-01-23,Wireless Noise-Canceling Headphones,South,23,181.27,4169.21,0,0
2024-01-23,Wireless Noise-Canceling Headphones,East,11,180.44,1984.84,0,0
2024-01-23,Smart Fitness Watch,North,20,218.3,4366.0,0,0
2024-01-23,Smart Fitness Watch,West,13,218.21,2836.73,0,0
2024-01-23,Smart Fitness Watch,South,20,223.76,4475.2,0,0
2024-01-23,Smart Fitness Watch,East,11,223.11,2454.21,0,0
2024-01-23,Ergonomic Office Chair,North,6,313.83,1882.98,0,0
2024-01-23,Ergonomic Office Chair,West,11,326.27,3588.97,0,0
2024-01-23,Ergonomic Office Chair,South,3,314.27,942.81,0,0
2024-01-23,Ergonomic Office Chair,East,12,326.35,3916.2,0,0
2024-01-24,Laptop Pro 15,North,5,1205.73,6028.65,0,0
2024-01-24,Laptop Pro 15,West,8,1209.44,9675.52,0,0
2024-01-24,Laptop Pro 15,South,6,1215.77,7294.62,0,0
2024-01-24,Laptop Pro 15,East,7,1204.24,8429.68,0,0
2024-01-24,Smartphone Ultra,North,22,764.82,16826.04,0,0
2024-01-24,Smartphone Ultra,West,18,755.23,13594.14,0,0
2024-01-24,Smartphone Ultra,South,19,762.49,14487.31,0,0
2024-01-24,Smartphone Ultra,East,18,762.01,13716.18,0,0
2024-01-24,Wireless Noise-Canceling Headphones,North,41,178.52,7319.32,0,0
2024-01-24,Wireless Noise-Canceling Headphones,West,26,181.86,4728.36,0,0
2024-01-24,Wireless Noise-Canceling Headphones,South,24,180.57,4333.68,0,0
2024-01-24,Wireless Noise-Canceling Headphones,East,19,176.79,3359.01,0,0
2024-01-24,Smart Fitness Watch,North,15,218.07,3271.05,0,0
2024-01-24,Smart Fitness Watch,West,13,216.26,2811.38,0,0
2024-01-24,Smart Fitness Watch,South,10,220.8,2208.0,0,0
2024-01-24,Smart Fitness Watch,East,14,222.09,3109.26,0,0
2024-01-24,Ergonomic Office Chair,North,13,325.77,4235.01,0,0
2024-01-24,Ergonomic Office Chair,West,7,319.95,2239.65,0,0
2024-01-24,Ergonomic Office Chair,South,8,323.72,2589.76,0,0
2024-01-24,Ergonomic Office Chair,East,7,325.05,2275.35,0,0
2024-01-25,Laptop Pro 15,North,4,1187.5,4750.0,0,0
2024-01-25,Laptop Pro 15,West,7,1213.85,8496.95,0,0
2024-01-25,Laptop Pro 15,South,8,1179.54,9436.32,0,0
2024-01-25,Laptop Pro 15,East,5,1214.38,6071.9,0,0
2024-01-25,Smartphone Ultra,North,14,750.3,10504.2,0,0
2024-01-25,Smartphone Ultra,West,13,741.34,9637.42,0,0
2024-01-25,Smartphone Ultra,South,9,764.92,6884.28,0,0
2024-01-25,Smartphone Ultra,East,11,751.48,8266.28,0,0
2024-01-25,Wireless Noise-Canceling Headphones,North,32,178.38,5708.16,0,0
2024-01-25,Wireless Noise-Canceling Headphones,West,28,176.71,4947.88,0,0
2024-01-25,Wireless Noise-Canceling Headphones,South,24,179.69,4312.56,0,0
2024-01-25,Wireless Noise-Canceling Headphones,East,22,177.4,3902.8,0,0
2024-01-25,Smart Fitness Watch,North,16,224.38,3590.08,0,0
2024-01-25,Smart Fitness Watch,West,19,219.41,4168.79,0,0
2024-01-25,Smart Fitness Watch,South,11,217.83,2396.13,0,0
2024-01-25,Smart Fitness Watch,East,17,220.98,3756.66,0,0
2024-01-25,Ergonomic Office Chair,North,10,318.58,3185.8,0,0
2024-01-25,Ergonomic Office Chair,West,2,314.72,629.44,0,0
2024-01-25,Ergonomic Office Chair,South,4,318.7,1274.8,0,0
2024-01-25,Ergonomic Office Chair,East,7,321.12,2247.84,0,0
2024-01-26,Laptop Pro 15,North,12,1197.48,14369.76,0,0
2024-01-26,Laptop Pro 15,West,15,1192.5,17887.5,0,0
2024-01-26,Laptop Pro 15,South,4,1185.49,4741.96,0,0
2024-01-26,Laptop Pro 15,East,10,1177.38,11773.8,0,0
2024-01-26,Smartphone Ultra,North,22,750.38,16508.36,0,0
2024-01-26,Smartphone Ultra,West,23,744.61,17126.03,0,0
2024-01-26,Smartphone Ultra,South,16,758.58,12137.28,0,0
2024-01-26,Smartphone Ultra,East,16,736.19,11779.04,0,0
2024-01-26,Wireless Noise-Canceling Headphones,North,26,180.26,4686.76,0,0
2024-01-26,Wireless Noise-Canceling Headphones,West,44,178.52,7854.88,0,0
2024-01-26,Wireless Noise-Canceling Headphones,South,22,179.71,3953.62,0,0
2024-01-26,Wireless Noise-Canceling Headphones,East,26,177.17,4606.42,0,0
2024-01-26,Smart Fitness Watch,North,15,218.78,3281.7,0,0
2024-01-26,Smart Fitness Watch,West,26,224.13,5827.38,0,0
2024-01-26,Smart Fitness Watch,South,26,220.0,5720.0,0,0
2024-01-26,Smart Fitness Watch,East,20,224.4,4488.0,0,0
2024-01-26,Ergonomic Office Chair,North,6,321.25,1927.5,0,0
2024-01-26,Ergonomic Office Chair,West,13,319.57,4154.41,0,0
2024-01-26,Ergonomic Office Chair,South,11,322.31,3545.41,0,0
2024-01-26,Ergonomic Office Chair,East,12,322.03,3864.36,0,0
2024-01-27,Laptop Pro 15,North,8,1178.21,9425.68,0,0
2024-01-27,Laptop Pro 15,West,7,1189.96,8329.72,0,0
2024-01-27,Laptop Pro 15,South,6,1184.6,7107.6,0,0
2024-01-27,Laptop Pro 15,East,4,1193.52,4774.08,0,0
2024-01-27,Smartphone Ultra,North,28,737.33,20645.24,0,0
2024-01-27,Smartphone Ultra,West,25,759.05,18976.25,0,0
2024-01-27,Smartphone Ultra,South,11,757.2,8329.2,0,0
2024-01-27,Smartphone Ultra,East,13,740.27,9623.51,0,0
2024-01-27,Wireless Noise-Canceling Headphones,North,48,177.83,8535.84,0,0
2024-01-27,Wireless Noise-Canceling Headphones,West,43,183.58,7893.94,0,0
2024-01-27,Wireless Noise-Canceling Headphones,South,31,179.61,5567.91,0,0
2024-01-27,Wireless Noise-Canceling Headphones,East,36,177.66,6395.76,0,0
2024-01-27,Smart Fitness Watch,North,26,218.97,5693.22,0,0
2024-01-27,Smart Fitness Watch,West,17,218.06,3707.02,0,0
2024-01-27,Smart Fitness Watch,South,18,223.47,4022.46,0,0
2024-01-27,Smart Fitness Watch,East,15,220.65,3309.75,0,0
2024-01-27,Ergonomic Office Chair,North,13,320.7,4169.1,0,0
2024-01-27,Ergonomic Office Chair,West,20,323.33,6466.6,0,0
2024-01-27,Ergonomic Office Chair,South,8,314.74,2517.92,0,0
2024-01-27,Ergonomic Office Chair,East,9,320.09,2880.81,0,0
2024-01-28,Laptop Pro 15,North,8,1197.34,9578.72,0,0
2024-01-28,Laptop Pro 15,West,17,1198.13,20368.21,0,0
2024-01-28,Laptop Pro 15,South,9,1176.59,10589.31,0,0
2024-01-28,Laptop Pro 15,East,7,1201.24,8408.68,0,0
2024-01-28,Smartphone Ultra,North,25,761.35,19033.75,0,0
2024-01-28,Smartphone Ultra,West,23,745.01,17135.23,0,0
2024-01-28,Smartphone Ultra,South,25,753.82,18845.5,0,0
2024-01-28,Smartphone Ultra,East,18,749.81,13496.58,0,0
2024-01-28,Wireless Noise-Canceling Headphones,North,43,178.42,7672.06,0,0
2024-01-28,Wireless Noise-Canceling Headphones,West,42,176.51,7413.42,0,0
2024-01-28,Wireless Noise-Canceling Headphones,South,36,176.97,6370.92,0,0
2024-01-28,Wireless Noise-Canceling Headphones,East,32,177.87,5691.84,0,0
2024-01-28,Smart Fitness Watch,North,30,223.7,6711.0,0,0
2024-01-28,Smart Fitness Watch,West,32,216.64,6932.48,0,0
2024-01-28,Smart Fitness Watch,South,30,217.14,6514.2,0,0
2024-01-28,Smart Fitness Watch,East,12,221.96,2663.52,0,0
2024-01-28,Ergonomic Office Chair,North,9,317.17,2854.53,0,0
2024-01-28,Ergonomic Office Chair,West,9,320.26,2882.34,0,0
2024-01-28,Ergonomic Office Chair,South,14,317.41,4443.74,0,0
2024-01-28,Ergonomic Office Chair,East,8,325.0,2600.0,0,0
2024-01-29,Laptop Pro 15,North,9,1206.99,10862.91,0,0
2024-01-29,Laptop Pro 15,West,12,1198.57,14382.84,0,0
2024-01-29,Laptop Pro 15,South,4,1195.05,4780.2,0,0
2024-01-29,Laptop Pro 15,East,5,1205.69,6028.45,0,0
2024-01-29,Smartphone Ultra,North,20,741.38,14827.6,0,0
2024-01-29,Smartphone Ultra,West,16,760.61,12169.76,0,0
2024-01-29,Smartphone Ultra,South,14,764.8,10707.2,0,0
2024-01-29,Smartphone Ultra,East,18,735.34,13236.12,0,0
2024-01-29,Wireless Noise-Canceling Headphones,North,34,179.26,6094.84,0,0
2024-01-29,Wireless Noise-Canceling Headphones,West,29,177.99,5161.71,0,0
2024-01-29,Wireless Noise-Canceling Headphones,South,17,177.27,3013.59,0,0
2024-01-29,Wireless Noise-Canceling Headphones,East,18,181.49,3266.82,0,0
2024-01-29,Smart Fitness Watch,North,28,219.21,6137.88,0,0
2024-01-29,Smart Fitness Watch,West,18,218.73,3937.14,0,0
2024-01-29,Smart Fitness Watch,South,14,217.87,3050.18,0,0
2024-01-29,Smart Fitness Watch,East,15,221.23,3318.45,0,0
2024-01-29,Ergonomic Office Chair,North,9,319.49,2875.41,0,0
2024-01-29,Ergonomic Office Chair,West,7,319.76,2238.32,0,0
2024-01-29,Ergonomic Office Chair,South,13,321.97,4185.61,0,0
2024-01-29,Ergonomic Office Chair,East,8,314.55,2516.4,0,0
2024-01-30,Laptop Pro 15,North,7,1184.73,8293.11,0,0
2024-01-30,Laptop Pro 15,West,6,1218.54,7311.24,0,0
2024-01-30,Laptop Pro 15,South,7,1221.68,8551.76,0,0
2024-01-30,Laptop Pro 15,East,5,1185.41,5927.05,0,0
2024-01-30,Smartphone Ultra,North,17,762.96,12970.32,0,0
2024-01-30,Smartphone Ultra,West,12,739.73,8876.76,0,0
2024-01-30,Smartphone Ultra,South,14,760.09,10641.26,0,0
2024-01-30,Smartphone Ultra,East,9,747.23,6725.07,0,0
2024-01-30,Wireless Noise-Canceling Headphones,North,36,176.81,6365.16,0,0
2024-01-30,Wireless Noise-Canceling Headphones,West,18,179.48,3230.64,0,0
2024-01-30,Wireless Noise-Canceling Headphones,South,21,177.33,3723.93,0,0
2024-01-30,Wireless Noise-Canceling Headphones,East,35,177.25,6203.75,0,0
2024-01-30,Smart Fitness Watch,North,19,217.5,4132.5,0,0
2024-01-30,Smart Fitness Watch,West,24,215.94,5182.56,0,0
2024-01-30,Smart Fitness Watch,South,19,216.67,4116.73,0,0
2024-01-30,Smart Fitness Watch,East,12,224.05,2688.6,0,0
2024-01-30,Ergonomic Office Chair,North,3,316.64,949.92,0,0
2024-01-30,Ergonomic Office Chair,West,6,322.96,1937.76,0,0
2024-01-30,Ergonomic Office Chair,South,7,325.61,2279.27,0,0
2024-01-30,Ergonomic Office Chair,East,3,320.61,961.83,0,0
2024-01-31,Laptop Pro 15,North,6,1221.88,7331.28,0,0
2024-01-31,Laptop Pro 15,West,7,1186.28,8303.96,0,0
2024-01-31,Laptop Pro 15,South,7,1181.74,8272.18,0,0
2024-01-31,Laptop Pro 15,East,7,1205.72,8440.04,0,0
2024-01-31,Smartphone Ultra,North,15,749.25,11238.75,0,0
2024-01-31,Smartphone Ultra,West,15,737.74,11066.1,0,0
2024-01-31,Smartphone Ultra,South,14,754.94,10569.16,0,0
2024-01-31,Smartphone Ultra,East,12,736.15,8833.8,0,0
2024-01-31,Wireless Noise-Canceling Headphones,North,37,182.37,6747.69,0,0
2024-01-31,Wireless Noise-Canceling Headphones,West,27,180.58,4875.66,0,0
2024-01-31,Wireless Noise-Canceling Headphones,South,22,183.59,4038.98,0,0
2024-01-31,Wireless Noise-Canceling Headphones,East,27,181.78,4908.06,0,0
2024-01-31,Smart Fitness Watch,North,21,222.36,4669.56,0,0
2024-01-31,Smart Fitness Watch,West,28,222.49,6229.72,0,0
2024-01-31,Smart Fitness Watch,South,20,222.46,4449.2,0,0
2024-01-31,Smart Fitness Watch,East,21,216.68,4550.28,0,0
2024-01-31,Ergonomic Office Chair,North,7,316.32,2214.24,0,0
2024-01-31,Ergonomic Office Chair,West,9,314.18,2827.62,0,0
2024-01-31,Ergonomic Office Chair,South,5,320.79,1603.95,0,0
2024-01-31,Ergonomic Office Chair,East,7,315.44,2208.08,0,0
2024-02-01,Laptop Pro 15,North,9,1195.88,10762.92,0,0
2024-02-01,Laptop Pro 15,West,9,1220.14,10981.26,0,0
2024-02-01,Laptop Pro 15,South,1,1211.2,1211.2,0,0
2024-02-01,Laptop Pro 15,East,5,1185.6,5928.0,0,0
2024-02-01,Smartphone Ultra,North,15,758.1,11371.5,0,0
2024-02-01,Smartphone Ultra,West,10,739.54,7395.4,0,0
2024-02-01,Smartphone Ultra,South,14,747.76,10468.64,0,0
2024-02-01,Smartphone Ultra,East,6,759.61,4557.66,0,0
2024-02-01,Wireless Noise-Canceling Headphones,North,16,180.41,2886.56,0,0
2024-02-01,Wireless Noise-Canceling Headphones,West,30,181.39,5441.7,0,0
2024-02-01,Wireless Noise-Canceling Headphones,South,38,180.41,6855.58,0,0
2024-02-01,Wireless Noise-Canceling Headphones,East,23,179.18,4121.14,0,0
2024-02-01,Smart Fitness Watch,North,23,220.75,5077.25,0,0
2024-02-01,Smart Fitness Watch,West,16,223.38,3574.08,0,0
2024-02-01,Smart Fitness Watch,South,23,221.74,5100.02,0,0
2024-02-01,Smart Fitness Watch,East,10,216.58,2165.8,0,0
2024-02-01,Ergonomic Office Chair,North,11,325.55,3581.05,0,0
2024-02-01,Ergonomic Office Chair,West,10,316.42,3164.2,0,0
2024-02-01,Ergonomic Office Chair,South,7,317.65,2223.55,0,0
2024-02-01,Ergonomic Office Chair,East,10,325.8,3258.0,0,0
2024-02-02,Laptop Pro 15,North,8,1202.47,9619.76,0,0
2024-02-02,Laptop Pro 15,West,4,1198.95,4795.8,0,0
2024-02-02,Laptop Pro 15,South,8,1195.84,9566.72,0,0
2024-02-02,Laptop Pro 15,East,4,1191.47,4765.88,0,0
2024-02-02,Smartphone Ultra,North,15,761.96,11429.4,0,0
2024-02-02,Smartphone Ultra,West,22,738.48,16246.56,0,0
2024-02-02,Smartphone Ultra,South,24,762.71,18305.04,0,0
2024-02-02,Smartphone Ultra,East,19,757.75,14397.25,0,0
2024-02-02,Wireless Noise-Canceling Headphones,North,34,178.14,6056.76,0,0
2024-02-02,Wireless Noise-Canceling Headphones,West,31,177.68,5508.08,0,0
2024-02-02,Wireless Noise-Canceling Headphones,South,29,178.15,5166.35,0,0
2024-02-02,Wireless Noise-Canceling Headphones,East,19,182.51,3467.69,0,0
2024-02-02,Smart Fitness Watch,North,23,221.82,5101.86,0,0
2024-02-02,Smart Fitness Watch,West,14,222.02,3108.28,0,0
2024-02-02,Smart Fitness Watch,South,23,217.69,5006.87,0,0
2024-02-02,Smart Fitness Watch,East,20,222.77,4455.4,0,0
2024-02-02,Ergonomic Office Chair,North,10,324.52,3245.2,0,0
2024-02-02,Ergonomic Office Chair,West,14,325.68,4559.52,0,0
2024-02-02,Ergonomic Office Chair,South,9,315.47,2839.23,0,0
2024-02-02,Ergonomic Office Chair,East,7,323.33,2263.31,0,0
2024-02-03,Laptop Pro 15,North,8,1181.92,9455.36,0,0
2024-02-03,Laptop Pro 15,West,6,1214.51,7287.06,0,0
2024-02-03,Laptop Pro 15,South,6,1181.35,7088.1,0,0
2024-02-03,Laptop Pro 15,East,7,1192.7,8348.9,0,0
2024-02-03,Smartphone Ultra,North,32,747.96,23934.72,0,0
2024-02-03,Smartphone Ultra,West,15,751.16,11267.4,0,0
2024-02-03,Smartphone Ultra,South,11,763.07,8393.77,0,0
2024-02-03,Smartphone Ultra,East,20,748.16,14963.2,0,0
2024-02-03,Wireless Noise-Canceling Headphones,North,35,180.78,6327.3,0,0
2024-02-03,Wireless Noise-Canceling Headphones,West,43,183.51,7890.93,0,0
2024-02-03,Wireless Noise-Canceling Headphones,South,22,183.0,4026.0,0,0
2024-02-03,Wireless Noise-Canceling Headphones,East,30,181.89,5456.7,0,0
2024-02-03,Smart Fitness Watch,North,29,221.33,6418.57,0,0
2024-02-03,Smart Fitness Watch,West,24,217.58,5221.92,0,0
2024-02-03,Smart Fitness Watch,South,24,223.37,5360.88,0,0
2024-02-03,Smart Fitness Watch,East,21,221.65,4654.65,0,0
2024-02-03,Ergonomic Office Chair,North,16,316.19,5059.04,0,0
2024-02-03,Ergonomic Office Chair,West,9,321.83,2896.47,0,0
2024-02-03,Ergonomic Office Chair,South,15,324.27,4864.05,0,0
2024-02-03,Ergonomic Office Chair,East,10,315.45,3154.5,0,0
2024-02-04,Laptop Pro 15,North,7,1208.82,8461.74,0,0
2024-02-04,Laptop Pro 15,West,11,1189.98,13089.78,0,0
2024-02-04,Laptop Pro 15,South,8,1199.86,9598.88,0,0
2024-02-04,Laptop Pro 15,East,9,1215.45,10939.05,0,0
2024-02-04,Smartphone Ultra,North,27,748.36,20205.72,0,0
2024-02-04,Smartphone Ultra,West,24,756.45,18154.8,0,0
2024-02-04,Smartphone Ultra,South,21,753.58,15825.18,0,0
2024-02-04,Smartphone Ultra,East,14,754.87,10568.18,0,0
2024-02-04,Wireless Noise-Canceling Headphones,North,43,183.02,7869.86,0,0
2024-02-04,Wireless Noise-Canceling Headphones,West,36,179.29,6454.44,0,0
2024-02-04,Wireless Noise-Canceling Headphones,South,24,180.69,4336.56,0,0
2024-02-04,Wireless Noise-Canceling Headphones,East,28,181.2,5073.6,0,0
2024-02-04,Smart Fitness Watch,North,22,221.2,4866.4,0,0
2024-02-04,Smart Fitness Watch,West,36,222.59,8013.24,0,0
2024-02-04,Smart Fitness Watch,South,29,215.75,6256.75,0,0
2024-02-04,Smart Fitness Watch,East,22,220.48,4850.56,0,0
2024-02-04,Ergonomic Office Chair,North,16,321.96,5151.36,0,0
2024-02-04,Ergonomic Office Chair,West,12,321.46,3857.52,0,0
2024-02-04,Ergonomic Office Chair,South,6,319.72,1918.32,0,0
2024-02-04,Ergonomic Office Chair,East,11,322.18,3543.98,0,0
2024-02-05,Laptop Pro 15,North,7,1197.24,8380.68,0,0
2024-02-05,Laptop Pro 15,West,5,1209.96,6049.8,0,0
2024-02-05,Laptop Pro 15,South,7,1179.84,8258.88,0,0
2024-02-05,Laptop Pro 15,East,8,1219.1,9752.8,0,0
2024-02-05,Smartphone Ultra,North,17,741.02,12597.34,0,0
2024-02-05,Smartphone Ultra,West,16,746.77,11948.32,0,0
2024-02-05,Smartphone Ultra,South,13,737.73,9590.49,0,0
2024-02-05,Smartphone Ultra,East,17,753.7,12812.9,0,0
2024-02-05,Wireless Noise-Canceling Headphones,North,31,182.33,5652.23,0,0
2024-02-05,Wireless Noise-Canceling Headphones,West,38,176.97,6724.86,0,0
2024-02-05,Wireless Noise-Canceling Headphones,South,27,182.96,4939.92,0,0
2024-02-05,Wireless Noise-Canceling Headphones,East,23,179.39,4125.97,0,0
2024-02-05,Smart Fitness Watch,North,24,223.37,5360.88,0,0
2024-02-05,Smart Fitness Watch,West,22,219.5,4829.0,0,0
2024-02-05,Smart Fitness Watch,South,15,220.04,3300.6,0,0
2024-02-05,Smart Fitness Watch,East,19,216.33,4110.27,0,0
2024-02-05,Ergonomic Office Chair,North,12,316.02,3792.24,0,0
2024-02-05,Ergonomic Office Chair,West,12,322.28,3867.36,0,0
2024-02-05,Ergonomic Office Chair,South,7,322.05,2254.35,0,0
2024-02-05,Ergonomic Office Chair,East,6,315.96,1895.76,0,0
2024-02-06,Laptop Pro 15,North,4,1178.22,4712.88,0,0
2024-02-06,Laptop Pro 15,West,6,1187.89,7127.34,0,0
2024-02-06,Laptop Pro 15,South,3,1187.57,3562.71,0,0
2024-02-06,Laptop Pro 15,East,8,1197.2,9577.6,0,0
2024-02-06,Smartphone Ultra,North,22,761.21,16746.62,0,0
2024-02-06,Smartphone Ultra,West,11,735.89,8094.79,0,0
2024-02-06,Smartphone Ultra,South,13,736.19,9570.47,0,0
2024-02-06,Smartphone Ultra,East,10,746.83,7468.3,0,0
2024-02-06,Wireless Noise-Canceling Headphones,North,33,182.24,6013.92,0,0
2024-02-06,Wireless Noise-Canceling Headphones,West,23,178.89,4114.47,0,0
2024-02-06,Wireless Noise-Canceling Headphones,South,27,177.19,4784.13,0,0
2024-02-06,Wireless Noise-Canceling Headphones,East,25,176.42,4410.5,0,0
2024-02-06,Smart Fitness Watch,North,20,216.21,4324.2,0,0
2024-02-06,Smart Fitness Watch,West,27,220.71,5959.17,0,0
2024-02-06,Smart Fitness Watch,South,16,219.74,3515.84,0,0
2024-02-06,Smart Fitness Watch,East,6,216.7,1300.2,0,0
2024-02-06,Ergonomic Office Chair,North,12,317.3,3807.6,0,0
2024-02-06,Ergonomic Office Chair,West,12,314.78,3777.36,0,0
2024-02-06,Ergonomic Office Chair,South,10,325.56,3255.6,0,0
2024-02-06,Ergonomic Office Chair,East,8,314.2,2513.6,0,0
2024-02-07,Laptop Pro 15,North,9,1208.06,10872.54,0,0
2024-02-07,Laptop Pro 15,West,14,1203.06,16842.84,0,0
2024-02-07,Laptop Pro 15,South,9,1201.61,10814.49,0,0
2024-02-07,Laptop Pro 15,East,5,1196.46,5982.3,0,0
2024-02-07,Smartphone Ultra,North,20,746.29,14925.8,0,0
2024-02-07,Smartphone Ultra,West,18,760.17,13683.06,0,0
2024-02-07,Smartphone Ultra,South,16,743.73,11899.68,0,0
2024-02-07,Smartphone Ultra,East,10,762.15,7621.5,0,0
2024-02-07,Wireless Noise-Canceling Headphones,North,36,180.14,6485.04,0,0
2024-02-07,Wireless Noise-Canceling Headphones,West,25,180.62,4515.5,0,0
2024-02-07,Wireless Noise-Canceling Headphones,South,31,183.13,5677.03,0,0
2024-02-07,Wireless Noise-Canceling Headphones,East,18,181.6,3268.8,0,0
2024-02-07,Smart Fitness Watch,North,19,219.74,4175.06,0,0
2024-02-07,Smart Fitness Watch,West,26,221.16,5750.16,0,0
2024-02-07,Smart Fitness Watch,South,20,223.84,4476.8,0,0
2024-02-07,Smart Fitness Watch,East,16,220.88,3534.08,0,0
2024-02-07,Ergonomic Office Chair,North,7,315.38,2207.66,0,0
2024-02-07,Ergonomic Office Chair,West,10,315.34,3153.4,0,0
2024-02-07,Ergonomic Office Chair,South,8,319.51,2556.08,0,0
2024-02-07,Ergonomic Office Chair,East,6,316.81,1900.86,0,0
2024-02-08,Laptop Pro 15,North,4,1189.34,4757.36,0,0
2024-02-08,Laptop Pro 15,West,5,1178.83,5894.15,0,0
2024-02-08,Laptop Pro 15,South,7,1221.72,8552.04,0,0
2024-02-08,Laptop Pro 15,East,6,1180.96,7085.76,0,0
2024-02-08,Smartphone Ultra,North,17,754.8,12831.6,0,0
2024-02-08,Smartphone Ultra,West,13,735.62,9563.06,0,0
2024-02-08,Smartphone Ultra,South,21,737.57,15488.97,0,0
2024-02-08,Smartphone Ultra,East,12,737.56,8850.72,0,0
2024-02-08,Wireless Noise-Canceling Headphones,North,29,180.58,5236.82,0,0
2024-02-08,Wireless Noise-Canceling Headphones,West,31,179.52,5565.12,0,0
2024-02-08,Wireless Noise-Canceling Headphones,South,26,179.58,4669.08,0,0
2024-02-08,Wireless Noise-Canceling Headphones,East,19,178.12,3384.28,0,0
2024-02-08,Smart Fitness Watch,North,13,220.33,2864.29,0,0
2024-02-08,Smart Fitness Watch,West,21,220.62,4633.02,0,0
2024-02-08,Smart Fitness Watch,South,24,217.74,5225.76,0,0
2024-02-08,Smart Fitness Watch,East,8,221.23,1769.84,0,0
2024-02-08,Ergonomic Office Chair,North,12,322.74,3872.88,0,0
2024-02-08,Ergonomic Office Chair,West,11,318.01,3498.11,0,0
2024-02-08,Ergonomic Office Chair,South,9,319.14,2872.26,0,0
2024-02-08,Ergonomic Office Chair,East,5,324.63,1623.15,0,0
2024-02-09,Laptop Pro 15,North,9,1199.4,10794.6,0,0
2024-02-09,Laptop Pro 15,West,8,1214.03,9712.24,0,0
2024-02-09,Laptop Pro 15,South,9,1178.84,10609.56,0,0
2024-02-09,Laptop Pro 15,East,9,1189.12,10702.08,0,0
2024-02-09,Smartphone Ultra,North,18,739.2,13305.6,0,0
2024-02-09,Smartphone Ultra,West,24,746.54,17916.96,0,0
2024-02-09,Smartphone Ultra,South,14,744.53,10423.42,0,0
2024-02-09,Smartphone Ultra,East,13,753.78,9799.14,0,0
2024-02-09,Wireless Noise-Canceling Headphones,North,39,182.27,7108.53,0,0
2024-02-09,Wireless Noise-Canceling Headphones,West,32,181.28,5800.96,0,0
2024-02-09,Wireless Noise-Canceling Headphones,South,23,177.32,4078.36,0,0
2024-02-09,Wireless Noise-Canceling Headphones,East,19,176.43,3352.17,0,0
2024-02-09,Smart Fitness Watch,North,32,219.48,7023.36,0,0
2024-02-09,Smart Fitness Watch,West,21,223.71,4697.91,0,0
2024-02-09,Smart Fitness Watch,South,24,216.22,5189.28,0,0
2024-02-09,Smart Fitness Watch,East,15,222.52,3337.8,0,0
2024-02-09,Ergonomic Office Chair,North,13,324.94,4224.22,0,0
2024-02-09,Ergonomic Office Chair,West,7,322.7,2258.9,0,0
2024-02-09,Ergonomic Office Chair,South,7,315.38,2207.66,0,0
2024-02-09,Ergonomic Office Chair,East,10,317.62,3176.2,0,0
2024-02-10,Laptop Pro 15,North,8,1185.55,9484.4,0,0
2024-02-10,Laptop Pro 15,West,8,1185.91,9487.28,0,0
2024-02-10,Laptop Pro 15,South,5,1209.97,6049.85,0,0
2024-02-10,Laptop Pro 15,East,12,1212.41,14548.92,0,0
2024-02-10,Smartphone Ultra,North,27,748.75,20216.25,0,0
2024-02-10,Smartphone Ultra,West,29,746.52,21649.08,0,0
2024-02-10,Smartphone Ultra,South,18,740.5,13329.0,0,0
2024-02-10,Smartphone Ultra,East,18,738.97,13301.46,0,0
2024-02-10,Wireless Noise-Canceling Headphones,North,32,181.88,5820.16,0,0
2024-02-10,Wireless Noise-Canceling Headphones,West,35,182.0,6370.0,0,0
2024-02-10,Wireless Noise-Canceling Headphones,South,26,181.76,4725.76,0,0
2024-02-10,Wireless Noise-Canceling Headphones,East,29,177.53,5148.37,0,0
2024-02-10,Smart Fitness Watch,North,24,215.81,5179.44,0,0
2024-02-10,Smart Fitness Watch,West,35,219.27,7674.45,0,0
2024-02-10,Smart Fitness Watch,South,21,221.25,4646.25,0,0
2024-02-10,Smart Fitness Watch,East,20,218.95,4379.0,0,0
2024-02-10,Ergonomic Office Chair,North,12,318.86,3826.32,0,0
2024-02-10,Ergonomic Office Chair,West,10,314.08,3140.8,0,0
2024-02-10,Ergonomic Office Chair,South,7,325.0,2275.0,0,0
2024-02-10,Ergonomic Office Chair,East,14,313.74,4392.36,0,0
2024-02-11,Laptop Pro 15,North,6,1193.92,7163.52,0,0
2024-02-11,Laptop Pro 15,West,9,1215.07,10935.63,0,0
2024-02-11,Laptop Pro 15,South,7,1181.18,8268.26,0,0
2024-02-11,Laptop Pro 15,East,7,1203.12,8421.84,0,0
2024-02-11,Smartphone Ultra,North,25,754.62,18865.5,0,0
2024-02-11,Smartphone Ultra,West,28,761.1,21310.8,0,0
2024-02-11,Smartphone Ultra,South,17,755.92,12850.64,0,0
2024-02-11,Smartphone Ultra,East,13,737.9,9592.7,0,0
2024-02-11,Wireless Noise-Canceling Headphones,North,46,178.48,8210.08,0,0
2024-02-11,Wireless Noise-Canceling Headphones,West,30,180.03,5400.9,0,0
2024-02-11,Wireless Noise-Canceling Headphones,South,28,181.8,5090.4,0,0
2024-02-11,Wireless Noise-Canceling Headphones,East,28,180.62,5057.36,0,0
2024-02-11,Smart Fitness Watch,North,40,217.95,8718.0,0,0
2024-02-11,Smart Fitness Watch,West,25,221.33,5533.25,0,0
2024-02-11,Smart Fitness Watch,South,20,223.77,4475.4,0,0
2024-02-11,Smart Fitness Watch,East,26,216.67,5633.42,0,0
2024-02-11,Ergonomic Office Chair,North,14,319.05,4466.7,0,0
2024-02-11,Ergonomic Office Chair,West,6,321.38,1928.28,0,0
2024-02-11,Ergonomic Office Chair,South,11,318.24,3500.64,0,0
2024-02-11,Ergonomic Office Chair,East,12,325.78,3909.36,0,0
2024-02-12,Laptop Pro 15,North,7,1204.99,8434.93,0,0
2024-02-12,Laptop Pro 15,West,5,1214.88,6074.4,0,0
2024-02-12,Laptop Pro 15,South,6,1191.92,7151.52,0,0
2024-02-12,Laptop Pro 15,East,3,1194.49,3583.47,0,0
2024-02-12,Smartphone Ultra,North,15,746.54,11198.1,0,0
2024-02-12,Smartphone Ultra,West,11,762.95,8392.45,0,0
2024-02-12,Smartphone Ultra,South,13,755.21,9817.73,0,0
2024-02-12,Smartphone Ultra,East,10,750.29,7502.9,0,0
2024-02-12,Wireless Noise-Canceling Headphones,North,24,181.54,4356.96,0,0
2024-02-12,Wireless Noise-Canceling Headphones,West,32,180.01,5760.32,0,0
2024-02-12,Wireless Noise-Canceling Headphones,South,19,182.67,3470.73,0,0
2024-02-12,Wireless Noise-Canceling Headphones,East,26,183.58,4773.08,0,0
2024-02-12,Smart Fitness Watch,North,28,219.11,6135.08,0,0
2024-02-12,Smart Fitness Watch,West,15,222.43,3336.45,0,0
2024-02-12,Smart Fitness Watch,South,19,216.0,4104.0,0,0
2024-02-12,Smart Fitness Watch,East,9,222.98,2006.82,0,0
2024-02-12,Ergonomic Office Chair,North,13,314.97,4094.61,0,0
2024-02-12,Ergonomic Office Chair,West,9,322.09,2898.81,0,0
2024-02-12,Ergonomic Office Chair,South,7,317.57,2222.99,0,0
2024-02-12,Ergonomic Office Chair,East,5,313.65,1568.25,0,0
2024-02-13,Laptop Pro 15,North,10,1212.77,12127.7,0,0
2024-02-13,Laptop Pro 15,West,3,1194.56,3583.68,0,0
2024-02-13,Laptop Pro 15,South,7,1217.02,8519.14,0,0
2024-02-13,Laptop Pro 15,East,5,1223.61,6118.05,0,0
2024-02-13,Smartphone Ultra,North,12,761.12,9133.44,0,0
2024-02-13,Smartphone Ultra,West,18,737.46,13274.28,0,0
2024-02-13,Smartphone Ultra,South,15,749.51,11242.65,0,0
2024-02-13,Smartphone Ultra,East,14,763.82,10693.48,0,0
2024-02-13,Wireless Noise-Canceling Headphones,North,32,178.77,5720.64,0,0
2024-02-13,Wireless Noise-Canceling Headphones,West,28,179.11,5015.08,0,0
2024-02-13,Wireless Noise-Canceling Headphones,South,26,179.48,4666.48,0,0
2024-02-13,Wireless Noise-Canceling Headphones,East,22,181.71,3997.62,0,0
2024-02-13,Smart Fitness Watch,North,25,216.92,5423.0,0,0
2024-02-13,Smart Fitness Watch,West,25,222.83,5570.75,0,0
2024-02-13,Smart Fitness Watch,South,13,217.03,2821.39,0,0
2024-02-13,Smart Fitness Watch,East,14,223.15,3124.1,0,0
2024-02-13,Ergonomic Office Chair,North,6,322.35,1934.1,0,0
2024-02-13,Ergonomic Office Chair,West,8,320.05,2560.4,0,0
2024-02-13,Ergonomic Office Chair,South,4,320.39,1281.56,0,0
2024-02-13,Ergonomic Office Chair,East,11,323.16,3554.76,0,0
2024-02-14,Laptop Pro 15,North,4,1200.74,4802.96,0,0
2024-02-14,Laptop Pro 15,West,6,1218.81,7312.86,0,0
2024-02-14,Laptop Pro 15,South,5,1219.64,6098.2,0,0
2024-02-14,Laptop Pro 15,East,8,1213.06,9704.48,0,0
2024-02-14,Smartphone Ultra,North,18,738.35,13290.3,0,0
2024-02-14,Smartphone Ultra,West,20,740.77,14815.4,0,0
2024-02-14,Smartphone Ultra,South,9,754.86,6793.74,0,0
2024-02-14,Smartphone Ultra,East,10,744.6,7446.0,0,0
2024-02-14,Wireless Noise-Canceling Headphones,North,29,179.04,5192.16,0,0
2024-02-14,Wireless Noise-Canceling Headphones,West,28,182.32,5104.96,0,0
2024-02-14,Wireless Noise-Canceling Headphones,South,20,179.32,3586.4,0,0
2024-02-14,Wireless Noise-Canceling Headphones,East,18,181.94,3274.92,0,0
2024-02-14,Smart Fitness Watch,North,21,216.12,4538.52,0,0
2024-02-14,Smart Fitness Watch,West,19,218.36,4148.84,0,0
2024-02-14,Smart Fitness Watch,South,21,219.65,4612.65,0,0
2024-02-14,Smart Fitness Watch,East,13,220.64,2868.32,0,0
2024-02-14,Ergonomic Office Chair,North,15,318.89,4783.35,0,0
2024-02-14,Ergonomic Office Chair,West,12,325.71,3908.52,0,0
2024-02-14,Ergonomic Office Chair,South,8,319.7,2557.6,0,0
2024-02-14,Ergonomic Office Chair,East,9,315.56,2840.04,0,0
2024-02-15,Laptop Pro 15,North,4,1191.71,4766.84,0,0
2024-02-15,Laptop Pro 15,West,9,1213.68,10923.12,0,0
2024-02-15,Laptop Pro 15,South,5,1217.72,6088.6,0,0
2024-02-15,Laptop Pro 15,East,2,1176.91,2353.82,0,0
2024-02-15,Smartphone Ultra,North,17,739.27,12567.59,0,0
2024-02-15,Smartphone Ultra,West,20,751.01,15020.2,0,0
2024-02-15,Smartphone Ultra,South,12,759.12,9109.44,0,0
2024-02-15,Smartphone Ultra,East,6,761.78,4570.68,0,0
2024-02-15,Wireless Noise-Canceling Headphones,North,28,177.61,4973.08,0,0
2024-02-15,Wireless Noise-Canceling Headphones,West,35,179.55,6284.25,0,0
2024-02-15,Wireless Noise-Canceling Headphones,South,23,182.09,4188.07,0,0
2024-02-15,Wireless Noise-Canceling Headphones,East,20,178.24,3564.8,0,0
2024-02-15,Smart Fitness Watch,North,22,216.62,4765.64,0,0
2024-02-15,Smart Fitness Watch,West,25,217.63,5440.75,0,0
2024-02-15,Smart Fitness Watch,South,12,223.14,2677.68,0,0
2024-02-15,Smart Fitness Watch,East,19,216.39,4111.41,0,0
2024-02-15,Ergonomic Office Chair,North,7,322.86,2260.02,0,0
2024-02-15,Ergonomic Office Chair,West,6,324.33,1945.98,0,0
2024-02-15,Ergonomic Office Chair,South,8,324.24,2593.92,0,0
2024-02-15,Ergonomic Office Chair,East,6,318.61,1911.66,0,0
2024-02-16,Laptop Pro 15,North,14,1079.49,15112.86,1,0
2024-02-16,Laptop Pro 15,West,15,1054.02,15810.3,1,0
2024-02-16,Laptop Pro 15,South,18,1049.1,18883.8,1,0
2024-02-16,Laptop Pro 15,East,4,1068.33,4273.32,1,0
2024-02-16,Smartphone Ultra,North,26,682.65,17748.9,1,0
2024-02-16,Smartphone Ultra,West,30,682.93,20487.9,1,0
2024-02-16,Smartphone Ultra,South,21,684.47,14373.87,1,0
2024-02-16,Smartphone Ultra,East,16,679.66,10874.56,1,0
2024-02-16,Wireless Noise-Canceling Headphones,North,45,154.04,6931.8,1,0
2024-02-16,Wireless Noise-Canceling Headphones,West,45,160.01,7200.45,1,0
2024-02-16,Wireless Noise-Canceling Headphones,South,35,155.03,5426.05,1,0
2024-02-16,Wireless Noise-Canceling Headphones,East,39,158.53,6182.67,1,0
2024-02-16,Smart Fitness Watch,North,26,192.33,5000.58,1,0
2024-02-16,Smart Fitness Watch,West,36,198.79,7156.44,1,0
2024-02-16,Smart Fitness Watch,South,28,195.92,5485.76,1,0
2024-02-16,Smart Fitness Watch,East,32,189.86,6075.52,1,0
2024-02-16,Ergonomic Office Chair,North,28,285.24,7986.72,1,0
2024-02-16,Ergonomic Office Chair,West,15,293.96,4409.4,1,0
2024-02-16,Ergonomic Office Chair,South,13,279.78,3637.14,1,0
2024-02-16,Ergonomic Office Chair,East,9,272.86,2455.74,1,0
2024-02-17,Laptop Pro 15,North,8,1197.96,9583.68,0,0
2024-02-17,Laptop Pro 15,West,10,1176.74,11767.4,0,0
2024-02-17,Laptop Pro 15,South,8,1176.75,9414.0,0,0
2024-02-17,Laptop Pro 15,East,10,1187.09,11870.9,0,0
2024-02-17,Smartphone Ultra,North,22,763.77,16802.94,0,0
2024-02-17,Smartphone Ultra,West,28,740.07,20721.96,0,0
2024-02-17,Smartphone Ultra,South,15,763.56,11453.4,0,0
2024-02-17,Smartphone Ultra,East,23,743.63,17103.49,0,0
2024-02-17,Wireless Noise-Canceling Headphones,North,42,177.26,7444.92,0,0
2024-02-17,Wireless Noise-Canceling Headphones,West,36,183.25,6597.0,0,0
2024-02-17,Wireless Noise-Canceling Headphones,South,34,178.0,6052.0,0,0
2024-02-17,Wireless Noise-Canceling Headphones,East,32,177.99,5695.68,0,0
2024-02-17,Smart Fitness Watch,North,32,217.91,6973.12,0,0
2024-02-17,Smart Fitness Watch,West,29,219.98,6379.42,0,0
2024-02-17,Smart Fitness Watch,South,20,219.81,4396.2,0,0
2024-02-17,Smart Fitness Watch,East,23,224.09,5154.07,0,0
2024-02-17,Ergonomic Office Chair,North,17,323.18,5494.06,0,0
2024-02-17,Ergonomic Office Chair,West,10,323.85,3238.5,0,0
2024-02-17,Ergonomic Office Chair,South,15,314.63,4719.45,0,0
2024-02-17,Ergonomic Office Chair,East,2,317.78,635.56,0,0
2024-02-18,Laptop Pro 15,North,8,1207.25,9658.0,0,0
2024-02-18,Laptop Pro 15,West,13,1222.0,15886.0,0,0
2024-02-18,Laptop Pro 15,South,8,1178.04,9424.32,0,0
2024-02-18,Laptop Pro 15,East,8,1209.06,9672.48,0,0
2024-02-18,Smartphone Ultra,North,21,763.72,16038.12,0,0
2024-02-18,Smartphone Ultra,West,27,757.43,20450.61,0,0
2024-02-18,Smartphone Ultra,South,25,756.15,18903.75,0,0
2024-02-18,Smartphone Ultra,East,16,743.86,11901.76,0,0
2024-02-18,Wireless Noise-Canceling Headphones,North,53,178.94,9483.82,0,0
2024-02-18,Wireless Noise-Canceling Headphones,West,37,177.45,6565.65,0,0
2024-02-18,Wireless Noise-Canceling Headphones,South,23,179.7,4133.1,0,0
2024-02-18,Wireless Noise-Canceling Headphones,East,26,180.57,4694.82,0,0
2024-02-18,Smart Fitness Watch,North,23,216.66,4983.18,0,0
2024-02-18,Smart Fitness Watch,West,29,217.86,6317.94,0,0
2024-02-18,Smart Fitness Watch,South,24,219.53,5268.72,0,0
2024-02-18,Smart Fitness Watch,East,18,222.6,4006.8,0,0
2024-02-18,Ergonomic Office Chair,North,12,318.45,3821.4,0,0
2024-02-18,Ergonomic Office Chair,West,13,323.63,4207.19,0,0
2024-02-18,Ergonomic Office Chair,South,14,316.13,4425.82,0,0
2024-02-18,Ergonomic Office Chair,East,3,320.7,962.1,0,0
2024-02-19,Laptop Pro 15,North,11,1182.12,13003.32,0,0
2024-02-19,Laptop Pro 15,West,5,1187.99,5939.95,0,0
2024-02-19,Laptop Pro 15,South,6,1198.33,7189.98,0,0
2024-02-19,Laptop Pro 15,East,3,1191.21,3573.63,0,0
2024-02-19,Smartphone Ultra,North,17,751.32,12772.44,0,0
2024-02-19,Smartphone Ultra,West,19,738.08,14023.52,0,0
2024-02-19,Smartphone Ultra,South,5,755.4,3777.0,0,0
2024-02-19,Smartphone Ultra,East,17,747.06,12700.02,0,0
2024-02-19,Wireless Noise-Canceling Headphones,North,27,177.72,4798.44,0,0
2024-02-19,Wireless Noise-Canceling Headphones,West,41,180.63,7405.83,0,0
2024-02-19,Wireless Noise-Canceling Headphones,South,28,176.55,4943.4,0,0
2024-02-19,Wireless Noise-Canceling Headphones,East,14,178.66,2501.24,0,0
2024-02-19,Smart Fitness Watch,North,28,217.57,6091.96,0,0
2024-02-19,Smart Fitness Watch,West,9,221.2,1990.8,0,0
2024-02-19,Smart Fitness Watch,South,21,220.88,4638.48,0,0
2024-02-19,Smart Fitness Watch,East,10,221.87,2218.7,0,0
2024-02-19,Ergonomic Office Chair,North,8,319.64,2557.12,0,0
2024-02-19,Ergonomic Office Chair,West,10,315.42,3154.2,0,0
2024-02-19,Ergonomic Office Chair,South,6,320.3,1921.8,0,0
2024-02-19,Ergonomic Office Chair,East,9,319.4,2874.6,0,0
2024-02-20,Laptop Pro 15,North,10,1222.93,12229.3,0,0
2024-02-20,Laptop Pro 15,West,9,1177.76,10599.84,0,0
2024-02-20,Laptop Pro 15,South,6,1179.19,7075.14,0,0
2024-02-20,Laptop Pro 15,East,4,1190.17,4760.68,0,0
2024-02-20,Smartphone Ultra,North,17,752.48,12792.16,0,0
2024-02-20,Smartphone Ultra,West,15,749.88,11248.2,0,0
2024-02-20,Smartphone Ultra,South,14,752.97,10541.58,0,0
2024-02-20,Smartphone Ultra,East,13,761.63,9901.19,0,0
2024-02-20,Wireless Noise-Canceling Headphones,North,19,178.69,3395.11,0,0
2024-02-20,Wireless Noise-Canceling Headphones,West,31,182.0,5642.0,0,0
2024-02-20,Wireless Noise-Canceling Headphones,South,23,178.49,4105.27,0,0
2024-02-20,Wireless Noise-Canceling Headphones,East,16,177.96,2847.36,0,0
2024-02-20,Smart Fitness Watch,North,20,218.86,4377.2,0,0
2024-02-20,Smart Fitness Watch,West,28,224.28,6279.84,0,0
2024-02-20,Smart Fitness Watch,South,14,221.76,3104.64,0,0
2024-02-20,Smart Fitness Watch,East,16,218.81,3500.96,0,0
2024-02-20,Ergonomic Office Chair,North,7,317.39,2221.73,0,0
2024-02-20,Ergonomic Office Chair,West,7,317.25,2220.75,0,0
2024-02-20,Ergonomic Office Chair,South,8,314.12,2512.96,0,0
2024-02-20,Ergonomic Office Chair,East,4,314.54,1258.16,0,0
2024-02-21,Laptop Pro 15,North,11,1217.28,13390.08,0,0
2024-02-21,Laptop Pro 15,West,12,1181.18,14174.16,0,0
2024-02-21,Laptop Pro 15,South,8,1196.8,9574.4,0,0
2024-02-21,Laptop Pro 15,East,7,1193.95,8357.65,0,0
2024-02-21,Smartphone Ultra,North,11,747.8,8225.8,0,0
2024-02-21,Smartphone Ultra,West,17,745.56,12674.52,0,0
2024-02-21,Smartphone Ultra,South,14,757.58,10606.12,0,0
2024-02-21,Smartphone Ultra,East,16,743.35,11893.6,0,0
2024-02-21,Wireless Noise-Canceling Headphones,North,32,178.43,5709.76,0,0
2024-02-21,Wireless Noise-Canceling Headphones,West,24,181.02,4344.48,0,0
2024-02-21,Wireless Noise-Canceling Headphones,South,21,182.87,3840.27,0,0
2024-02-21,Wireless Noise-Canceling Headphones,East,20,176.8,3536.0,0,0
2024-02-21,Smart Fitness Watch,North,19,223.02,4237.38,0,0
2024-02-21,Smart Fitness Watch,West,22,217.98,4795.56,0,0
2024-02-21,Smart Fitness Watch,South,19,219.06,4162.14,0,0
2024-02-21,Smart Fitness Watch,East,23,222.97,5128.31,0,0
2024-02-21,Ergonomic Office Chair,North,9,324.15,2917.35,0,0
2024-02-21,Ergonomic Office Chair,West,9,318.58,2867.22,0,0
2024-02-21,Ergonomic Office Chair,South,4,313.63,1254.52,0,0
2024-02-21,Ergonomic Office Chair,East,6,325.46,1952.76,0,0
2024-02-22,Laptop Pro 15,North,8,1206.02,9648.16,0,0
2024-02-22,Laptop Pro 15,West,8,1204.34,9634.72,0,0
2024-02-22,Laptop Pro 15,South,8,1182.66,9461.28,0,0
2024-02-22,Laptop Pro 15,East,7,1214.51,8501.57,0,0
2024-02-22,Smartphone Ultra,North,22,752.39,16552.58,0,0
2024-02-22,Smartphone Ultra,West,24,753.5,18084.0,0,0
2024-02-22,Smartphone Ultra,South,6,748.12,4488.72,0,0
2024-02-22,Smartphone Ultra,East,16,764.22,12227.52,0,0
2024-02-22,Wireless Noise-Canceling Headphones,North,17,177.54,3018.18,0,0
2024-02-22,Wireless Noise-Canceling Headphones,West,24,177.41,4257.84,0,0
2024-02-22,Wireless Noise-Canceling Headphones,South,24,181.79,4362.96,0,0
2024-02-22,Wireless Noise-Canceling Headphones,East,19,181.83,3454.77,0,0
2024-02-22,Smart Fitness Watch,North,21,221.26,4646.46,0,0
2024-02-22,Smart Fitness Watch,West,23,217.47,5001.81,0,0
2024-02-22,Smart Fitness Watch,South,18,224.18,4035.24,0,0
2024-02-22,Smart Fitness Watch,East,19,217.19,4126.61,0,0
2024-02-22,Ergonomic Office Chair,North,7,317.71,2223.97,0,0
2024-02-22,Ergonomic Office Chair,West,9,319.44,2874.96,0,0
2024-02-22,Ergonomic Office Chair,South,6,314.2,1885.2,0,0
2024-02-22,Ergonomic Office Chair,East,5,324.63,1623.15,0,0
2024-02-23,Laptop Pro 15,North,6,1214.04,7284.24,0,0
2024-02-23,Laptop Pro 15,West,8,1189.97,9519.76,0,0
2024-02-23,Laptop Pro 15,South,5,1212.26,6061.3,0,0
2024-02-23,Laptop Pro 15,East,2,1214.21,2428.42,0,0
2024-02-23,Smartphone Ultra,North,26,737.87,19184.62,0,0
2024-02-23,Smartphone Ultra,West,25,739.74,18493.5,0,0
2024-02-23,Smartphone Ultra,South,18,737.09,13267.62,0,0
2024-02-23,Smartphone Ultra,East,8,754.57,6036.56,0,0
2024-02-23,Wireless Noise-Canceling Headphones,North,28,181.8,5090.4,0,0
2024-02-23,Wireless Noise-Canceling Headphones,West,34,183.52,6239.68,0,0
2024-02-23,Wireless Noise-Canceling Headphones,South,28,183.57,5139.96,0,0
2024-02-23,Wireless Noise-Canceling Headphones,East,30,179.42,5382.6,0,0
2024-02-23,Smart Fitness Watch,North,31,222.23,6889.13,0,0
2024-02-23,Smart Fitness Watch,West,28,221.0,6188.0,0,0
2024-02-23,Smart Fitness Watch,South,17,216.95,3688.15,0,0
2024-02-23,Smart Fitness Watch,East,20,215.92,4318.4,0,0
2024-02-23,Ergonomic Office Chair,North,6,316.67,1900.02,0,0
2024-02-23,Ergonomic Office Chair,West,12,322.47,3869.64,0,0
2024-02-23,Ergonomic Office Chair,South,8,316.44,2531.52,0,0
2024-02-23,Ergonomic Office Chair,East,8,315.18,2521.44,0,0
2024-02-24,Laptop Pro 15,North,11,1207.88,13286.68,0,0
2024-02-24,Laptop Pro 15,West,9,1214.76,10932.84,0,0
2024-02-24,Laptop Pro 15,South,8,1204.9,9639.2,0,0
2024-02-24,Laptop Pro 15,East,4,1183.29,4733.16,0,0
2024-02-24,Smartphone Ultra,North,31,758.22,23504.82,0,0
2024-02-24,Smartphone Ultra,West,27,741.25,20013.75,0,0
2024-02-24,Smartphone Ultra,South,26,740.2,19245.2,0,0
2024-02-24,Smartphone Ultra,East,16,746.28,11940.48,0,0
2024-02-24,Wireless Noise-Canceling Headphones,North,40,181.13,7245.2,0,0
2024-02-24,Wireless Noise-Canceling Headphones,West,51,178.96,9126.96,0,0
2024-02-24,Wireless Noise-Canceling Headphones,South,38,179.49,6820.62,0,0
2024-02-24,Wireless Noise-Canceling Headphones,East,30,179.76,5392.8,0,0
2024-02-24,Smart Fitness Watch,North,30,217.91,6537.3,0,0
2024-02-24,Smart Fitness Watch,West,28,217.44,6088.32,0,0
2024-02-24,Smart Fitness Watch,South,29,218.86,6346.94,0,0
2024-02-24,Smart Fitness Watch,East,24,220.89,5301.36,0,0
2024-02-24,Ergonomic Office Chair,North,8,325.14,2601.12,0,0
2024-02-24,Ergonomic Office Chair,West,6,320.12,1920.72,0,0
2024-02-24,Ergonomic Office Chair,South,12,324.77,3897.24,0,0
2024-02-24,Ergonomic Office Chair,East,4,324.61,1298.44,0,0
2024-02-25,Laptop Pro 15,North,10,1183.51,11835.1,0,0
2024-02-25,Laptop Pro 15,West,8,1219.44,9755.52,0,0
2024-02-25,Laptop Pro 15,South,10,1187.39,11873.9,0,0
2024-02-25,Laptop Pro 15,East,7,1221.76,8552.32,0,0
2024-02-25,Smartphone Ultra,North,17,761.49,12945.33,0,0
2024-02-25,Smartphone Ultra,West,22,755.05,16611.1,0,0
2024-02-25,Smartphone Ultra,South,22,748.67,16470.74,0,0
2024-02-25,Smartphone Ultra,East,15,751.67,11275.05,0,0
2024-02-25,Wireless Noise-Canceling Headphones,North,43,178.24,7664.32,0,0
2024-02-25,Wireless Noise-Canceling Headphones,West,34,178.14,6056.76,0,0
2024-02-25,Wireless Noise-Canceling Headphones,South,37,177.96,6584.52,0,0
2024-02-25,Wireless Noise-Canceling Headphones,East,36,177.31,6383.16,0,0
2024-02-25,Smart Fitness Watch,North,25,218.58,5464.5,0,0
2024-02-25,Smart Fitness Watch,West,35,223.65,7827.75,0,0
2024-02-25,Smart Fitness Watch,South,17,223.39,3797.63,0,0
2024-02-25,Smart Fitness Watch,East,18,219.62,3953.16,0,0
2024-02-25,Ergonomic Office Chair,North,14,314.11,4397.54,0,0
2024-02-25,Ergonomic Office Chair,West,12,317.64,3811.68,0,0
2024-02-25,Ergonomic Office Chair,South,14,326.34,4568.76,0,0
2024-02-25,Ergonomic Office Chair,East,8,324.62,2596.96,0,0
2024-02-26,Laptop Pro 15,North,7,1191.55,8340.85,0,0
2024-02-26,Laptop Pro 15,West,6,1184.56,7107.36,0,0
2024-02-26,Laptop Pro 15,South,8,1204.88,9639.04,0,0
2024-02-26,Laptop Pro 15,East,6,1182.96,7097.76,0,0
2024-02-26,Smartphone Ultra,North,25,754.86,18871.5,0,0
2024-02-26,Smartphone Ultra,West,19,751.62,14280.78,0,0
2024-02-26,Smartphone Ultra,South,15,762.51,11437.65,0,0
2024-02-26,Smartphone Ultra,East,12,747.25,8967.0,0,0
2024-02-26,Wireless Noise-Canceling Headphones,North,37,178.12,6590.44,0,0
2024-02-26,Wireless Noise-Canceling Headphones,West,29,183.36,5317.44,0,0
2024-02-26,Wireless Noise-Canceling Headphones,South,24,180.12,4322.88,0,0
2024-02-26,Wireless Noise-Canceling Headphones,East,22,177.94,3914.68,0,0
2024-02-26,Smart Fitness Watch,North,23,223.12,5131.76,0,0
2024-02-26,Smart Fitness Watch,West,16,223.08,3569.28,0,0
2024-02-26,Smart Fitness Watch,South,16,216.41,3462.56,0,0
2024-02-26,Smart Fitness Watch,East,15,220.59,3308.85,0,0
2024-02-26,Ergonomic Office Chair,North,12,324.87,3898.44,0,0
2024-02-26,Ergonomic Office Chair,West,8,319.47,2555.76,0,0
2024-02-26,Ergonomic Office Chair,South,16,323.34,5173.44,0,0
2024-02-26,Ergonomic Office Chair,East,6,316.88,1901.28,0,0
2024-02-27,Laptop Pro 15,North,5,1214.87,6074.35,0,0
2024-02-27,Laptop Pro 15,West,6,1200.25,7201.5,0,0
2024-02-27,Laptop Pro 15,South,5,1213.58,6067.9,0,0
2024-02-27,Laptop Pro 15,East,4,1218.86,4875.44,0,0
2024-02-27,Smartphone Ultra,North,19,756.11,14366.09,0,0
2024-02-27,Smartphone Ultra,West,22,751.7,16537.4,0,0
2024-02-27,Smartphone Ultra,South,12,746.99,8963.88,0,0
2024-02-27,Smartphone Ultra,East,15,747.16,11207.4,0,0
2024-02-27,Wireless Noise-Canceling Headphones,North,27,178.69,4824.63,0,0
2024-02-27,Wireless Noise-Canceling Headphones,West,30,182.21,5466.3,0,0
2024-02-27,Wireless Noise-Canceling Headphones,South,19,179.64,3413.16,0,0
2024-02-27,Wireless Noise-Canceling Headphones,East,16,177.77,2844.32,0,0
2024-02-27,Smart Fitness Watch,North,16,216.75,3468.0,0,0
2024-02-27,Smart Fitness Watch,West,20,217.92,4358.4,0,0
2024-02-27,Smart Fitness Watch,South,18,218.56,3934.08,0,0
2024-02-27,Smart Fitness Watch,East,16,218.76,3500.16,0,0
2024-02-27,Ergonomic Office Chair,North,9,323.3,2909.7,0,0
2024-02-27,Ergonomic Office Chair,West,12,322.93,3875.16,0,0
2024-02-27,Ergonomic Office Chair,South,11,315.34,3468.74,0,0
2024-02-27,Ergonomic Office Chair,East,8,321.62,2572.96,0,0
2024-02-28,Laptop Pro 15,North,7,1177.56,8242.92,0,0
2024-02-28,Laptop Pro 15,West,5,1184.76,5923.8,0,0
2024-02-28,Laptop Pro 15,South,9,1187.29,10685.61,0,0
2024-02-28,Laptop Pro 15,East,7,1195.62,8369.34,0,0
2024-02-28,Smartphone Ultra,North,15,748.85,11232.75,0,0
2024-02-28,Smartphone Ultra,West,14,737.76,10328.64,0,0
2024-02-28,Smartphone Ultra,South,17,742.26,12618.42,0,0
2024-02-28,Smartphone Ultra,East,12,748.36,8980.32,0,0
2024-02-28,Wireless Noise-Canceling Headphones,North,22,182.0,4004.0,0,0
2024-02-28,Wireless Noise-Canceling Headphones,West,26,180.84,4701.84,0,0
2024-02-28,Wireless Noise-Canceling Headphones,South,23,179.69,4132.87,0,0
2024-02-28,Wireless Noise-Canceling Headphones,East,28,177.15,4960.2,0,0
2024-02-28,Smart Fitness Watch,North,23,222.33,5113.59,0,0
2024-02-28,Smart Fitness Watch,West,29,218.7,6342.3,0,0
2024-02-28,Smart Fitness Watch,South,18,224.22,4035.96,0,0
2024-02-28,Smart Fitness Watch,East,27,219.97,5939.19,0,0
2024-02-28,Ergonomic Office Chair,North,5,317.17,1585.85,0,0
2024-02-28,Ergonomic Office Chair,West,10,314.54,3145.4,0,0
2024-02-28,Ergonomic Office Chair,South,8,322.6,2580.8,0,0
2024-02-28,Ergonomic Office Chair,East,9,324.85,2923.65,0,0
2024-02-29,Laptop Pro 15,North,9,1193.87,10744.83,0,0
2024-02-29,Laptop Pro 15,West,2,1190.99,2381.98,0,0
2024-02-29,Laptop Pro 15,South,5,1184.48,5922.4,0,0
2024-02-29,Laptop Pro 15,East,4,1192.52,4770.08,0,0
2024-02-29,Smartphone Ultra,North,17,742.19,12617.23,0,0
2024-02-29,Smartphone Ultra,West,11,754.35,8297.85,0,0
2024-02-29,Smartphone Ultra,South,15,758.02,11370.3,0,0
2024-02-29,Smartphone Ultra,East,8,755.28,6042.24,0,0
2024-02-29,Wireless Noise-Canceling Headphones,North,24,183.43,4402.32,0,0
2024-02-29,Wireless Noise-Canceling Headphones,West,34,180.15,6125.1,0,0
2024-02-29,Wireless Noise-Canceling Headphones,South,38,182.94,6951.72,0,0
2024-02-29,Wireless Noise-Canceling Headphones,East,16,178.94,2863.04,0,0
2024-02-29,Smart Fitness Watch,North,19,218.5,4151.5,0,0
2024-02-29,Smart Fitness Watch,West,26,221.86,5768.36,0,0
2024-02-29,Smart Fitness Watch,South,18,216.95,3905.1,0,0
2024-02-29,Smart Fitness Watch,East,17,222.3,3779.1,0,0
2024-02-29,Ergonomic Office Chair,North,9,315.58,2840.22,0,0
2024-02-29,Ergonomic Office Chair,West,9,319.85,2878.65,0,0
2024-02-29,Ergonomic Office Chair,South,9,325.85,2932.65,0,0
2024-02-29,Ergonomic Office Chair,East,8,315.78,2526.24,0,0
2024-03-01,Laptop Pro 15,North,6,1176.77,7060.62,0,0
2024-03-01,Laptop Pro 15,West,7,1215.75,8510.25,0,0
2024-03-01,Laptop Pro 15,South,7,1212.11,8484.77,0,0
2024-03-01,Laptop Pro 15,East,1,1213.8,1213.8,0,0
2024-03-01,Smartphone Ultra,North,21,739.7,15533.7,0,0
2024-03-01,Smartphone Ultra,West,26,743.27,19325.02,0,0
2024-03-01,Smartphone Ultra,South,13,740.78,9630.14,0,0
2024-03-01,Smartphone Ultra,East,18,764.82,13766.76,0,0
2024-03-01,Wireless Noise-Canceling Headphones,North,33,177.32,5851.56,0,0
2024-03-01,Wireless Noise-Canceling Headphones,West,27,177.46,4791.42,0,0
2024-03-01,Wireless Noise-Canceling Headphones,South,31,182.42,5655.02,0,0
2024-03-01,Wireless Noise-Canceling Headphones,East,26,177.53,4615.78,0,0
2024-03-01,Smart Fitness Watch,North,21,221.73,4656.33,0,0
2024-03-01,Smart Fitness Watch,West,23,217.94,5012.62,0,0
2024-03-01,Smart Fitness Watch,South,24,219.43,5266.32,0,0
2024-03-01,Smart Fitness Watch,East,15,224.1,3361.5,0,0
2024-03-01,Ergonomic Office Chair,North,16,319.76,5116.16,0,0
2024-03-01,Ergonomic Office Chair,West,9,321.36,2892.24,0,0
2024-03-01,Ergonomic Office Chair,South,8,326.04,2608.32,0,0
2024-03-01,Ergonomic Office Chair,East,9,314.52,2830.68,0,0
2024-03-02,Laptop Pro 15,North,17,1185.3,20150.1,0,0
2024-03-02,Laptop Pro 15,West,18,1199.93,21598.74,0,0
2024-03-02,Laptop Pro 15,South,11,1194.68,13141.48,0,0
2024-03-02,Laptop Pro 15,East,7,1216.93,8518.51,0,0
2024-03-02,Smartphone Ultra,North,17,750.2,12753.4,0,0
2024-03-02,Smartphone Ultra,West,25,762.78,19069.5,0,0
2024-03-02,Smartphone Ultra,South,17,749.88,12747.96,0,0
2024-03-02,Smartphone Ultra,East,14,763.7,10691.8,0,0
2024-03-02,Wireless Noise-Canceling Headphones,North,42,182.04,7645.68,0,0
2024-03-02,Wireless Noise-Canceling Headphones,West,28,177.59,4972.52,0,0
2024-03-02,Wireless Noise-Canceling Headphones,South,38,182.39,6930.82,0,0
2024-03-02,Wireless Noise-Canceling Headphones,East,31,178.98,5548.38,0,0
2024-03-02,Smart Fitness Watch,North,22,217.68,4788.96,0,0
2024-03-02,Smart Fitness Watch,West,22,224.33,4935.26,0,0
2024-03-02,Smart Fitness Watch,South,26,218.18,5672.68,0,0
2024-03-02,Smart Fitness Watch,East,13,220.47,2866.11,0,0
2024-03-02,Ergonomic Office Chair,North,16,323.5,5176.0,0,0
2024-03-02,Ergonomic Office Chair,West,13,320.93,4172.09,0,0
2024-03-02,Ergonomic Office Chair,South,11,320.58,3526.38,0,0
2024-03-02,Ergonomic Office Chair,East,18,316.38,5694.84,0,0
2024-03-03,Laptop Pro 15,North,8,1192.7,9541.6,0,0
2024-03-03,Laptop Pro 15,West,8,1190.6,9524.8,0,0
2024-03-03,Laptop Pro 15,South,10,1182.38,11823.8,0,0
2024-03-03,Laptop Pro 15,East,10,1193.5,11935.0,0,0
2024-03-03,Smartphone Ultra,North,17,762.74,12966.58,0,0
2024-03-03,Smartphone Ultra,West,25,754.47,18861.75,0,0
2024-03-03,Smartphone Ultra,South,20,739.83,14796.6,0,0
2024-03-03,Smartphone Ultra,East,20,764.51,15290.2,0,0
2024-03-03,Wireless Noise-Canceling Headphones,North,42,176.58,7416.36,0,0
2024-03-03,Wireless Noise-Canceling Headphones,West,30,180.86,5425.8,0,0
2024-03-03,Wireless Noise-Canceling Headphones,South,33,180.64,5961.12,0,0
2024-03-03,Wireless Noise-Canceling Headphones,East,29,177.05,5134.45,0,0
2024-03-03,Smart Fitness Watch,North,40,217.92,8716.8,0,0
2024-03-03,Smart Fitness Watch,West,31,220.05,6821.55,0,0
2024-03-03,Smart Fitness Watch,South,22,224.35,4935.7,0,0
2024-03-03,Smart Fitness Watch,East,15,217.53,3262.95,0,0
2024-03-03,Ergonomic Office Chair,North,14,323.99,4535.86,0,0
2024-03-03,Ergonomic Office Chair,West,11,319.43,3513.73,0,0
2024-03-03,Ergonomic Office Chair,South,16,322.94,5167.04,0,0
2024-03-03,Ergonomic Office Chair,East,6,319.25,1915.5,0,0
2024-03-04,Laptop Pro 15,North,7,1177.06,8239.42,0,0
2024-03-04,Laptop Pro 15,West,7,1213.97,8497.79,0,0
2024-03-04,Laptop Pro 15,South,1,1186.33,1186.33,0,0
2024-03-04,Laptop Pro 15,East,4,1207.66,4830.64,0,0
2024-03-04,Smartphone Ultra,North,15,741.75,11126.25,0,0
2024-03-04,Smartphone Ultra,West,22,737.01,16214.22,0,0
2024-03-04,Smartphone Ultra,South,9,761.97,6857.73,0,0
2024-03-04,Smartphone Ultra,East,12,759.52,9114.24,0,0
2024-03-04,Wireless Noise-Canceling Headphones,North,36,178.35,6420.6,0,0
2024-03-04,Wireless Noise-Canceling Headphones,West,29,180.07,5222.03,0,0
2024-03-04,Wireless Noise-Canceling Headphones,South,14,181.28,2537.92,0,0
2024-03-04,Wireless Noise-Canceling Headphones,East,15,177.51,2662.65,0,0
2024-03-04,Smart Fitness Watch,North,12,217.99,2615.88,0,0
2024-03-04,Smart Fitness Watch,West,21,219.77,4615.17,0,0
2024-03-04,Smart Fitness Watch,South,19,216.79,4119.01,0,0
2024-03-04,Smart Fitness Watch,East,20,216.13,4322.6,0,0
2024-03-04,Ergonomic Office Chair,North,9,313.84,2824.56,0,0
2024-03-04,Ergonomic Office Chair,West,11,314.34,3457.74,0,0
2024-03-04,Ergonomic Office Chair,South,8,325.82,2606.56,0,0
2024-03-04,Ergonomic Office Chair,East,8,323.7,2589.6,0,0
2024-03-05,Laptop Pro 15,North,13,1203.6,15646.8,0,0
2024-03-05,Laptop Pro 15,West,9,1206.91,10862.19,0,0
2024-03-05,Laptop Pro 15,South,8,1208.49,9667.92,0,0
2024-03-05,Laptop Pro 15,East,4,1195.97,4783.88,0,0
2024-03-05,Smartphone Ultra,North,16,738.42,11814.72,0,0
2024-03-05,Smartphone Ultra,West,22,755.67,16624.74,0,0
2024-03-05,Smartphone Ultra,South,19,740.86,14076.34,0,0
2024-03-05,Smartphone Ultra,East,14,749.29,10490.06,0,0
2024-03-05,Wireless Noise-Canceling Headphones,North,36,180.86,6510.96,0,0
2024-03-05,Wireless Noise-Canceling Headphones,West,39,176.83,6896.37,0,0
2024-03-05,Wireless Noise-Canceling Headphones,South,20,177.11,3542.2,0,0
2024-03-05,Wireless Noise-Canceling Headphones,East,19,179.2,3404.8,0,0
2024-03-05,Smart Fitness Watch,North,18,220.91,3976.38,0,0
2024-03-05,Smart Fitness Watch,West,21,216.56,4547.76,0,0
2024-03-05,Smart Fitness Watch,South,18,219.31,3947.58,0,0
2024-03-05,Smart Fitness Watch,East,10,219.07,2190.7,0,0
2024-03-05,Ergonomic Office Chair,North,14,322.96,4521.44,0,0
2024-03-05,Ergonomic Office Chair,West,9,323.36,2910.24,0,0
2024-03-05,Ergonomic Office Chair,South,6,322.72,1936.32,0,0
2024-03-05,Ergonomic Office Chair,East,5,321.09,1605.45,0,0
2024-03-06,Laptop Pro 15,North,11,1181.36,12994.96,0,0
2024-03-06,Laptop Pro 15,West,6,1200.11,7200.66,0,0
2024-03-06,Laptop Pro 15,South,4,1195.78,4783.12,0,0
2024-03-06,Laptop Pro 15,East,11,1215.72,13372.92,0,0
2024-03-06,Smartphone Ultra,North,15,742.49,11137.35,0,0
2024-03-06,Smartphone Ultra,West,21,752.03,15792.63,0,0
2024-03-06,Smartphone Ultra,South,15,745.44,11181.6,0,0
2024-03-06,Smartphone Ultra,East,12,762.67,9152.04,0,0
2024-03-06,Wireless Noise-Canceling Headphones,North,30,179.14,5374.2,0,0
2024-03-06,Wireless Noise-Canceling Headphones,West,26,178.53,4641.78,0,0
2024-03-06,Wireless Noise-Canceling Headphones,South,22,181.0,3982.0,0,0
2024-03-06,Wireless Noise-Canceling Headphones,East,19,180.97,3438.43,0,0
2024-03-06,Smart Fitness Watch,North,20,219.12,4382.4,0,0
2024-03-06,Smart Fitness Watch,West,18,216.8,3902.4,0,0
2024-03-06,Smart Fitness Watch,South,14,220.31,3084.34,0,0
2024-03-06,Smart Fitness Watch,East,15,218.1,3271.5,0,0
2024-03-06,Ergonomic Office Chair,North,12,325.5,3906.0,0,0
2024-03-06,Ergonomic Office Chair,West,7,320.14,2240.98,0,0
2024-03-06,Ergonomic Office Chair,South,4,313.63,1254.52,0,0
2024-03-06,Ergonomic Office Chair,East,8,321.82,2574.56,0,0
2024-03-07,Laptop Pro 15,North,5,1193.73,5968.65,0,0
2024-03-07,Laptop Pro 15,West,9,1193.84,10744.56,0,0
2024-03-07,Laptop Pro 15,South,8,1210.63,9685.04,0,0
2024-03-07,Laptop Pro 15,East,5,1212.47,6062.35,0,0
2024-03-07,Smartphone Ultra,North,18,736.11,13249.98,0,0
2024-03-07,Smartphone Ultra,West,19,746.5,14183.5,0,0
2024-03-07,Smartphone Ultra,South,14,741.82,10385.48,0,0
2024-03-07,Smartphone Ultra,East,17,753.36,12807.12,0,0
2024-03-07,Wireless Noise-Canceling Headphones,North,31,180.43,5593.33,0,0
2024-03-07,Wireless Noise-Canceling Headphones,West,27,177.14,4782.78,0,0
2024-03-07,Wireless Noise-Canceling Headphones,South,16,182.88,2926.08,0,0
2024-03-07,Wireless Noise-Canceling Headphones,East,23,177.54,4083.42,0,0
2024-03-07,Smart Fitness Watch,North,21,222.49,4672.29,0,0
2024-03-07,Smart Fitness Watch,West,15,223.62,3354.3,0,0
2024-03-07,Smart Fitness Watch,South,14,221.68,3103.52,0,0
2024-03-07,Smart Fitness Watch,East,16,221.62,3545.92,0,0
2024-03-07,Ergonomic Office Chair,North,6,321.98,1931.88,0,0
2024-03-07,Ergonomic Office Chair,West,7,316.25,2213.75,0,0
2024-03-07,Ergonomic Office Chair,South,11,319.52,3514.72,0,0
2024-03-07,Ergonomic Office Chair,East,8,313.83,2510.64,0,0
2024-03-08,Laptop Pro 15,North,6,1199.62,7197.72,0,0
2024-03-08,Laptop Pro 15,West,4,1181.08,4724.32,0,0
2024-03-08,Laptop Pro 15,South,5,1181.31,5906.55,0,0
2024-03-08,Laptop Pro 15,East,7,1194.15,8359.05,0,0
2024-03-08,Smartphone Ultra,North,28,744.75,20853.0,0,0
2024-03-08,Smartphone Ultra,West,22,750.71,16515.62,0,0
2024-03-08,Smartphone Ultra,South,19,755.78,14359.82,0,0
2024-03-08,Smartphone Ultra,East,13,761.95,9905.35,0,0
2024-03-08,Wireless Noise-Canceling Headphones,North,34,182.74,6213.16,0,0
2024-03-08,Wireless Noise-Canceling Headphones,West,26,178.62,4644.12,0,0
2024-03-08,Wireless Noise-Canceling Headphones,South,26,179.2,4659.2,0,0
2024-03-08,Wireless Noise-Canceling Headphones,East,26,179.27,4661.02,0,0
2024-03-08,Smart Fitness Watch,North,17,216.66,3683.22,0,0
2024-03-08,Smart Fitness Watch,West,23,221.43,5092.89,0,0
2024-03-08,Smart Fitness Watch,South,19,217.82,4138.58,0,0
2024-03-08,Smart Fitness Watch,East,21,216.16,4539.36,0,0
2024-03-08,Ergonomic Office Chair,North,18,325.25,5854.5,0,0
2024-03-08,Ergonomic Office Chair,West,9,314.91,2834.19,0,0
2024-03-08,Ergonomic Office Chair,South,7,323.95,2267.65,0,0
2024-03-08,Ergonomic Office Chair,East,10,318.28,3182.8,0,0
2024-03-09,Laptop Pro 15,North,12,1202.37,14428.44,0,0
2024-03-09,Laptop Pro 15,West,12,1219.81,14637.72,0,0
2024-03-09,Laptop Pro 15,South,9,1216.78,10951.02,0,0
2024-03-09,Laptop Pro 15,East,4,1192.77,4771.08,0,0
2024-03-09,Smartphone Ultra,North,18,760.01,13680.18,0,0
2024-03-09,Smartphone Ultra,West,17,762.06,12955.02,0,0
2024-03-09,Smartphone Ultra,South,24,737.39,17697.36,0,0
2024-03-09,Smartphone Ultra,East,19,756.73,14377.87,0,0
2024-03-09,Wireless Noise-Canceling Headphones,North,39,181.4,7074.6,0,0
2024-03-09,Wireless Noise-Canceling Headphones,West,24,180.46,4331.04,0,0
2024-03-09,Wireless Noise-Canceling Headphones,South,26,176.97,4601.22,0,0
2024-03-09,Wireless Noise-Canceling Headphones,East,29,177.07,5135.03,0,0
2024-03-09,Smart Fitness Watch,North,32,223.87,7163.84,0,0
2024-03-09,Smart Fitness Watch,West,43,219.89,9455.27,0,0
2024-03-09,Smart Fitness Watch,South,21,216.93,4555.53,0,0
2024-03-09,Smart Fitness Watch,East,23,217.67,5006.41,0,0
2024-03-09,Ergonomic Office Chair,North,8,317.69,2541.52,0,0
2024-03-09,Ergonomic Office Chair,West,9,321.14,2890.26,0,0
2024-03-09,Ergonomic Office Chair,South,13,318.84,4144.92,0,0
2024-03-09,Ergonomic Office Chair,East,9,313.75,2823.75,0,0
2024-03-10,Laptop Pro 15,North,6,1185.5,7113.0,0,0
2024-03-10,Laptop Pro 15,West,8,1207.25,9658.0,0,0
2024-03-10,Laptop Pro 15,South,1,1189.68,1189.68,0,0
2024-03-10,Laptop Pro 15,East,12,1196.97,14363.64,0,0
2024-03-10,Smartphone Ultra,North,23,747.34,17188.82,0,0
2024-03-10,Smartphone Ultra,West,21,741.78,15577.38,0,0
2024-03-10,Smartphone Ultra,South,8,743.49,5947.92,0,0
2024-03-10,Smartphone Ultra,East,15,743.1,11146.5,0,0
2024-03-10,Wireless Noise-Canceling Headphones,North,49,178.45,8744.05,0,0
2024-03-10,Wireless Noise-Canceling Headphones,West,44,183.05,8054.2,0,0
2024-03-10,Wireless Noise-Canceling Headphones,South,41,178.4,7314.4,0,0
2024-03-10,Wireless Noise-Canceling Headphones,East,33,176.54,5825.82,0,0
2024-03-10,Smart Fitness Watch,North,33,219.14,7231.62,0,0
2024-03-10,Smart Fitness Watch,West,21,218.51,4588.71,0,0
2024-03-10,Smart Fitness Watch,South,28,216.73,6068.44,0,0
2024-03-10,Smart Fitness Watch,East,23,217.37,4999.51,0,0
2024-03-10,Ergonomic Office Chair,North,12,323.79,3885.48,0,0
2024-03-10,Ergonomic Office Chair,West,13,320.55,4167.15,0,0
2024-03-10,Ergonomic Office Chair,South,6,323.52,1941.12,0,0
2024-03-10,Ergonomic Office Chair,East,8,323.96,2591.68,0,0
2024-03-11,Laptop Pro 15,North,8,1202.58,9620.64,0,0
2024-03-11,Laptop Pro 15,West,13,1211.41,15748.33,0,0
2024-03-11,Laptop Pro 15,South,1,1210.37,1210.37,0,0
2024-03-11,Laptop Pro 15,East,8,1186.42,9491.36,0,0
2024-03-11,Smartphone Ultra,North,24,735.25,17646.0,0,0
2024-03-11,Smartphone Ultra,West,18,741.96,13355.28,0,0
2024-03-11,Smartphone Ultra,South,13,759.1,9868.3,0,0
2024-03-11,Smartphone Ultra,East,12,744.39,8932.68,0,0
2024-03-11,Wireless Noise-Canceling Headphones,North,16,181.57,2905.12,0,0
2024-03-11,Wireless Noise-Canceling Headphones,West,21,182.47,3831.87,0,0
2024-03-11,Wireless Noise-Canceling Headphones,South,22,182.69,4019.18,0,0
2024-03-11,Wireless Noise-Canceling Headphones,East,25,180.93,4523.25,0,0
2024-03-11,Smart Fitness Watch,North,15,217.92,3268.8,0,0
2024-03-11,Smart Fitness Watch,West,18,218.75,3937.5,0,0
2024-03-11,Smart Fitness Watch,South,18,218.28,3929.04,0,0
2024-03-11,Smart Fitness Watch,East,19,221.21,4202.99,0,0
2024-03-11,Ergonomic Office Chair,North,8,325.05,2600.4,0,0
2024-03-11,Ergonomic Office Chair,West,8,317.91,2543.28,0,0
2024-03-11,Ergonomic Office Chair,South,11,323.2,3555.2,0,0
2024-03-11,Ergonomic Office Chair,East,6,315.02,1890.12,0,0
2024-03-12,Laptop Pro 15,North,9,1196.4,10767.6,0,0
2024-03-12,Laptop Pro 15,West,4,1202.56,4810.24,0,0
2024-03-12,Laptop Pro 15,South,5,1205.76,6028.8,0,0
2024-03-12,Laptop Pro 15,East,3,1201.16,3603.48,0,0
2024-03-12,Smartphone Ultra,North,12,740.02,8880.24,0,0
2024-03-12,Smartphone Ultra,West,22,751.99,16543.78,0,0
2024-03-12,Smartphone Ultra,South,11,753.94,8293.34,0,0
2024-03-12,Smartphone Ultra,East,10,749.38,7493.8,0,0
2024-03-12,Wireless Noise-Canceling Headphones,North,25,183.16,4579.0,0,0
2024-03-12,Wireless Noise-Canceling Headphones,West,27,182.76,4934.52,0,0
2024-03-12,Wireless Noise-Canceling Headphones,South,19,179.84,3416.96,0,0
2024-03-12,Wireless Noise-Canceling Headphones,East,21,178.65,3751.65,0,0
2024-03-12,Smart Fitness Watch,North,21,216.34,4543.14,0,0
2024-03-12,Smart Fitness Watch,West,25,216.37,5409.25,0,0
2024-03-12,Smart Fitness Watch,South,22,216.86,4770.92,0,0
2024-03-12,Smart Fitness Watch,East,23,220.13,5062.99,0,0
2024-03-12,Ergonomic Office Chair,North,15,326.0,4890.0,0,0
2024-03-12,Ergonomic Office Chair,West,9,316.3,2846.7,0,0
2024-03-12,Ergonomic Office Chair,South,9,320.03,2880.27,0,0
2024-03-12,Ergonomic Office Chair,East,5,320.06,1600.3,0,0
2024-03-13,Laptop Pro 15,North,7,1205.57,8438.99,0,0
2024-03-13,Laptop Pro 15,West,3,1209.24,3627.72,0,0
2024-03-13,Laptop Pro 15,South,6,1186.16,7116.96,0,0
2024-03-13,Laptop Pro 15,East,1,1205.9,1205.9,0,0
2024-03-13,Smartphone Ultra,North,17,760.92,12935.64,0,0
2024-03-13,Smartphone Ultra,West,22,743.19,16350.18,0,0
2024-03-13,Smartphone Ultra,South,21,736.31,15462.51,0,0
2024-03-13,Smartphone Ultra,East,16,742.39,11878.24,0,0
2024-03-13,Wireless Noise-Canceling Headphones,North,32,182.48,5839.36,0,0
2024-03-13,Wireless Noise-Canceling Headphones,West,25,180.07,4501.75,0,0
2024-03-13,Wireless Noise-Canceling Headphones,South,31,179.43,5562.33,0,0
2024-03-13,Wireless Noise-Canceling Headphones,East,17,182.87,3108.79,0,0
2024-03-13,Smart Fitness Watch,North,16,218.65,3498.4,0,0
2024-03-13,Smart Fitness Watch,West,18,221.38,3984.84,0,0
2024-03-13,Smart Fitness Watch,South,20,218.6,4372.0,0,0
2024-03-13,Smart Fitness Watch,East,16,222.94,3567.04,0,0
2024-03-13,Ergonomic Office Chair,North,11,320.95,3530.45,0,0
2024-03-13,Ergonomic Office Chair,West,9,317.83,2860.47,0,0
2024-03-13,Ergonomic Office Chair,South,9,313.82,2824.38,0,0
2024-03-13,Ergonomic Office Chair,East,6,315.1,1890.6,0,0
2024-03-14,Laptop Pro 15,North,12,1217.52,14610.24,0,0
2024-03-14,Laptop Pro 15,West,4,1208.09,4832.36,0,0
2024-03-14,Laptop Pro 15,South,6,1177.51,7065.06,0,0
2024-03-14,Laptop Pro 15,East,10,1188.07,11880.7,0,0
2024-03-14,Smartphone Ultra,North,15,741.76,11126.4,0,0
2024-03-14,Smartphone Ultra,West,16,760.81,12172.96,0,0
2024-03-14,Smartphone Ultra,South,23,735.84,16924.32,0,0
2024-03-14,Smartphone Ultra,East,8,741.83,5934.64,0,0
2024-03-14,Wireless Noise-Canceling Headphones,North,33,178.05,5875.65,0,0
2024-03-14,Wireless Noise-Canceling Headphones,West,26,179.78,4674.28,0,0
2024-03-14,Wireless Noise-Canceling Headphones,South,35,177.83,6224.05,0,0
2024-03-14,Wireless Noise-Canceling Headphones,East,21,182.07,3823.47,0,0
2024-03-14,Smart Fitness Watch,North,20,223.65,4473.0,0,0
2024-03-14,Smart Fitness Watch,West,19,224.31,4261.89,0,0
2024-03-14,Smart Fitness Watch,South,19,221.76,4213.44,0,0
2024-03-14,Smart Fitness Watch,East,11,218.35,2401.85,0,0
2024-03-14,Ergonomic Office Chair,North,13,322.52,4192.76,0,0
2024-03-14,Ergonomic Office Chair,West,7,315.77,2210.39,0,0
2024-03-14,Ergonomic Office Chair,South,9,319.48,2875.32,0,0
2024-03-14,Ergonomic Office Chair,East,2,325.03,650.06,0,0
2024-03-15,Laptop Pro 15,North,14,1061.22,14857.08,1,0
2024-03-15,Laptop Pro 15,West,16,1071.66,17146.56,1,0
2024-03-15,Laptop Pro 15,South,8,1022.07,8176.56,1,0
2024-03-15,Laptop Pro 15,East,6,1023.65,6141.9,1,0
2024-03-15,Smartphone Ultra,North,35,681.16,23840.6,1,0
2024-03-15,Smartphone Ultra,West,32,657.4,21036.8,1,0
2024-03-15,Smartphone Ultra,South,26,646.54,16810.04,1,0
2024-03-15,Smartphone Ultra,East,20,665.46,13309.2,1,0
2024-03-15,Wireless Noise-Canceling Headphones,North,54,153.41,8284.14,1,0
2024-03-15,Wireless Noise-Canceling Headphones,West,62,154.86,9601.32,1,0
2024-03-15,Wireless Noise-Canceling Headphones,South,38,163.05,6195.9,1,0
2024-03-15,Wireless Noise-Canceling Headphones,East,39,161.79,6309.81,1,0
2024-03-15,Smart Fitness Watch,North,37,198.39,7340.43,1,0
2024-03-15,Smart Fitness Watch,West,25,189.3,4732.5,1,0
2024-03-15,Smart Fitness Watch,South,41,193.33,7926.53,1,0
2024-03-15,Smart Fitness Watch,East,31,201.34,6241.54,1,0
2024-03-15,Ergonomic Office Chair,North,18,289.8,5216.4,1,0
2024-03-15,Ergonomic Office Chair,West,19,277.37,5270.03,1,0
2024-03-15,Ergonomic Office Chair,South,6,279.69,1678.14,1,0
2024-03-15,Ergonomic Office Chair,East,7,282.51,1977.57,1,0
2024-03-16,Laptop Pro 15,North,20,1059.92,21198.4,1,0
2024-03-16,Laptop Pro 15,West,15,1052.58,15788.7,1,0
2024-03-16,Laptop Pro 15,South,17,1083.74,18423.58,1,0
2024-03-16,Laptop Pro 15,East,12,1086.5,13038.0,1,0
2024-03-16,Smartphone Ultra,North,41,646.07,26488.87,1,0
2024-03-16,Smartphone Ultra,West,20,655.36,13107.2,1,0
2024-03-16,Smartphone Ultra,South,22,641.89,14121.58,1,0
2024-03-16,Smartphone Ultra,East,25,676.5,16912.5,1,0
2024-03-16,Wireless Noise-Canceling Headphones,North,55,164.12,9026.6,1,0
2024-03-16,Wireless Noise-Canceling Headphones,West,60,156.96,9417.6,1,0
2024-03-16,Wireless Noise-Canceling Headphones,South,59,156.62,9240.58,1,0
2024-03-16,Wireless Noise-Canceling Headphones,East,54,162.27,8762.58,1,0
2024-03-16,Smart Fitness Watch,North,53,191.42,10145.26,1,0
2024-03-16,Smart Fitness Watch,West,43,189.79,8160.97,1,0
2024-03-16,Smart Fitness Watch,South,29,189.99,5509.71,1,0
2024-03-16,Smart Fitness Watch,East,22,199.6,4391.2,1,0
2024-03-16,Ergonomic Office Chair,North,13,286.04,3718.52,1,0
2024-03-16,Ergonomic Office Chair,West,15,277.61,4164.15,1,0
2024-03-16,Ergonomic Office Chair,South,18,278.23,5008.14,1,0
2024-03-16,Ergonomic Office Chair,East,16,293.12,4689.92,1,0
2024-03-17,Laptop Pro 15,North,8,1190.65,9525.2,0,0
2024-03-17,Laptop Pro 15,West,10,1217.39,12173.9,0,0
2024-03-17,Laptop Pro 15,South,6,1202.64,7215.84,0,0
2024-03-17,Laptop Pro 15,East,6,1177.02,7062.12,0,0
2024-03-17,Smartphone Ultra,North,24,743.25,17838.0,0,0
2024-03-17,Smartphone Ultra,West,24,745.48,17891.52,0,0
2024-03-17,Smartphone Ultra,South,20,742.43,14848.6,0,0
2024-03-17,Smartphone Ultra,East,21,754.19,15837.99,0,0
2024-03-17,Wireless Noise-Canceling Headphones,North,50,179.05,8952.5,0,0
2024-03-17,Wireless Noise-Canceling Headphones,West,28,182.48,5109.44,0,0
2024-03-17,Wireless Noise-Canceling Headphones,South,32,181.14,5796.48,0,0
2024-03-17,Wireless Noise-Canceling Headphones,East,19,179.04,3401.76,0,0
2024-03-17,Smart Fitness Watch,North,30,217.44,6523.2,0,0
2024-03-17,Smart Fitness Watch,West,29,215.84,6259.36,0,0
2024-03-17,Smart Fitness Watch,South,27,223.73,6040.71,0,0
2024-03-17,Smart Fitness Watch,East,23,222.37,5114.51,0,0
2024-03-17,Ergonomic Office Chair,North,10,320.25,3202.5,0,0
2024-03-17,Ergonomic Office Chair,West,11,317.35,3490.85,0,0
2024-03-17,Ergonomic Office Chair,South,8,325.38,2603.04,0,0
2024-03-17,Ergonomic Office Chair,East,9,317.38,2856.42,0,0
2024-03-18,Laptop Pro 15,North,8,1222.43,9779.44,0,0
2024-03-18,Laptop Pro 15,West,6,1213.02,7278.12,0,0
2024-03-18,Laptop Pro 15,South,4,1196.05,4784.2,0,0
2024-03-18,Laptop Pro 15,East,8,1205.81,9646.48,0,0
2024-03-18,Smartphone Ultra,North,16,760.83,12173.28,0,0
2024-03-18,Smartphone Ultra,West,20,744.48,14889.6,0,0
2024-03-18,Smartphone Ultra,South,12,749.7,8996.4,0,0
2024-03-18,Smartphone Ultra,East,20,741.34,14826.8,0,0
2024-03-18,Wireless Noise-Canceling Headphones,North,35,178.23,6238.05,0,0
2024-03-18,Wireless Noise-Canceling Headphones,West,28,179.84,5035.52,0,0
2024-03-18,Wireless Noise-Canceling Headphones,South,23,182.51,4197.73,0,0
2024-03-18,Wireless Noise-Canceling Headphones,East,12,180.06,2160.72,0,0
2024-03-18,Smart Fitness Watch,North,19,216.61,4115.59,0,0
2024-03-18,Smart Fitness Watch,West,25,218.15,5453.75,0,0
2024-03-18,Smart Fitness Watch,South,16,217.82,3485.12,0,0
2024-03-18,Smart Fitness Watch,East,18,221.65,3989.7,0,0
2024-03-18,Ergonomic Office Chair,North,8,318.58,2548.64,0,0
2024-03-18,Ergonomic Office Chair,West,9,319.5,2875.5,0,0
2024-03-18,Ergonomic Office Chair,South,8,320.38,2563.04,0,0
2024-03-18,Ergonomic Office Chair,East,4,315.54,1262.16,0,0
2024-03-19,Laptop Pro 15,North,9,1203.06,10827.54,0,0
2024-03-19,Laptop Pro 15,West,9,1191.0,10719.0,0,0
2024-03-19,Laptop Pro 15,South,6,1200.72,7204.32,0,0
2024-03-19,Laptop Pro 15,East,1,1177.95,1177.95,0,0
2024-03-19,Smartphone Ultra,North,22,762.84,16782.48,0,0
2024-03-19,Smartphone Ultra,West,16,738.77,11820.32,0,0
2024-03-19,Smartphone Ultra,South,22,736.26,16197.72,0,0
2024-03-19,Smartphone Ultra,East,5,749.6,3748.0,0,0
2024-03-19,Wireless Noise-Canceling Headphones,North,35,181.77,6361.95,0,0
2024-03-19,Wireless Noise-Canceling Headphones,West,22,177.28,3900.16,0,0
2024-03-19,Wireless Noise-Canceling Headphones,South,22,179.72,3953.84,0,0
2024-03-19,Wireless Noise-Canceling Headphones,East,17,178.84,3040.28,0,0
2024-03-19,Smart Fitness Watch,North,20,220.81,4416.2,0,0
2024-03-19,Smart Fitness Watch,West,23,223.56,5141.88,0,0
2024-03-19,Smart Fitness Watch,South,22,217.67,4788.74,0,0
2024-03-19,Smart Fitness Watch,East,12,216.86,2602.32,0,0
2024-03-19,Ergonomic Office Chair,North,12,314.36,3772.32,0,0
2024-03-19,Ergonomic Office Chair,West,5,325.1,1625.5,0,0
2024-03-19,Ergonomic Office Chair,South,10,322.69,3226.9,0,0
2024-03-19,Ergonomic Office Chair,East,6,315.21,1891.26,0,0
2024-03-20,Laptop Pro 15,North,8,1209.99,9679.92,0,0
2024-03-20,Laptop Pro 15,West,2,1184.76,2369.52,0,0
2024-03-20,Laptop Pro 15,South,5,1190.07,5950.35,0,0
2024-03-20,Laptop Pro 15,East,5,1205.98,6029.9,0,0
2024-03-20,Smartphone Ultra,North,12,745.91,8950.92,0,0
2024-03-20,Smartphone Ultra,West,19,735.31,13970.89,0,0
2024-03-20,Smartphone Ultra,South,13,739.2,9609.6,0,0
2024-03-20,Smartphone Ultra,East,14,756.52,10591.28,0,0
2024-03-20,Wireless Noise-Canceling Headphones,North,27,177.6,4795.2,0,0
2024-03-20,Wireless Noise-Canceling Headphones,West,30,179.16,5374.8,0,0
2024-03-20,Wireless Noise-Canceling Headphones,South,27,182.53,4928.31,0,0
2024-03-20,Wireless Noise-Canceling Headphones,East,24,177.32,4255.68,0,0
2024-03-20,Smart Fitness Watch,North,24,222.68,5344.32,0,0
2024-03-20,Smart Fitness Watch,West,18,217.05,3906.9,0,0
2024-03-20,Smart Fitness Watch,South,13,221.38,2877.94,0,0
2024-03-20,Smart Fitness Watch,East,19,219.14,4163.66,0,0
2024-03-20,Ergonomic Office Chair,North,10,323.36,3233.6,0,0
2024-03-20,Ergonomic Office Chair,West,9,323.0,2907.0,0,0
2024-03-20,Ergonomic Office Chair,South,5,320.14,1600.7,0,0
2024-03-20,Ergonomic Office Chair,East,2,325.27,650.54,0,0
2024-03-21,Laptop Pro 15,North,8,1206.55,9652.4,0,0
2024-03-21,Laptop Pro 15,West,8,1196.52,9572.16,0,0
2024-03-21,Laptop Pro 15,South,3,1217.73,3653.19,0,0
2024-03-21,Laptop Pro 15,East,2,1199.62,2399.24,0,0
2024-03-21,Smartphone Ultra,North,17,747.09,12700.53,0,0
2024-03-21,Smartphone Ultra,West,23,745.98,17157.54,0,0
2024-03-21,Smartphone Ultra,South,22,746.72,16427.84,0,0
2024-03-21,Smartphone Ultra,East,10,743.36,7433.6,0,0
2024-03-21,Wireless Noise-Canceling Headphones,North,36,183.53,6607.08,0,0
2024-03-21,Wireless Noise-Canceling Headphones,West,32,177.07,5666.24,0,0
2024-03-21,Wireless Noise-Canceling Headphones,South,27,177.28,4786.56,0,0
2024-03-21,Wireless Noise-Canceling Headphones,East,18,182.9,3292.2,0,0
2024-03-21,Smart Fitness Watch,North,26,216.34,5624.84,0,0
2024-03-21,Smart Fitness Watch,West,24,222.1,5330.4,0,0
2024-03-21,Smart Fitness Watch,South,20,224.11,4482.2,0,0
2024-03-21,Smart Fitness Watch,East,12,220.86,2650.32,0,0
2024-03-21,Ergonomic Office Chair,North,9,324.52,2920.68,0,0
2024-03-21,Ergonomic Office Chair,West,12,326.3,3915.6,0,0
2024-03-21,Ergonomic Office Chair,South,6,319.89,1919.34,0,0
2024-03-21,Ergonomic Office Chair,East,3,321.83,965.49,0,0
2024-03-22,Laptop Pro 15,North,17,1181.94,20092.98,0,0
2024-03-22,Laptop Pro 15,West,6,1185.09,7110.54,0,0
2024-03-22,Laptop Pro 15,South,6,1187.05,7122.3,0,0
2024-03-22,Laptop Pro 15,East,8,1198.54,9588.32,0,0
2024-03-22,Smartphone Ultra,North,21,756.94,15895.74,0,0
2024-03-22,Smartphone Ultra,West,13,763.89,9930.57,0,0
2024-03-22,Smartphone Ultra,South,15,747.66,11214.9,0,0
2024-03-22,Smartphone Ultra,East,12,741.24,8894.88,0,0
2024-03-22,Wireless Noise-Canceling Headphones,North,37,181.06,6699.22,0,0
2024-03-22,Wireless Noise-Canceling Headphones,West,24,182.6,4382.4,0,0
2024-03-22,Wireless Noise-Canceling Headphones,South,33,176.62,5828.46,0,0
2024-03-22,Wireless Noise-Canceling Headphones,East,20,177.44,3548.8,0,0
2024-03-22,Smart Fitness Watch,North,30,222.12,6663.6,0,0
2024-03-22,Smart Fitness Watch,West,26,218.17,5672.42,0,0
2024-03-22,Smart Fitness Watch,South,23,215.99,4967.77,0,0
2024-03-22,Smart Fitness Watch,East,16,220.52,3528.32,0,0
2024-03-22,Ergonomic Office Chair,North,14,315.29,4414.06,0,0
2024-03-22,Ergonomic Office Chair,West,14,313.85,4393.9,0,0
2024-03-22,Ergonomic Office Chair,South,11,318.65,3505.15,0,0
2024-03-22,Ergonomic Office Chair,East,11,324.81,3572.91,0,0
2024-03-23,Laptop Pro 15,North,16,1218.49,19495.84,0,0
2024-03-23,Laptop Pro 15,West,8,1185.75,9486.0,0,0
2024-03-23,Laptop Pro 15,South,8,1195.94,9567.52,0,0
2024-03-23,Laptop Pro 15,East,4,1218.91,4875.64,0,0
2024-03-23,Smartphone Ultra,North,30,752.43,22572.9,0,0
2024-03-23,Smartphone Ultra,West,20,743.38,14867.6,0,0
2024-03-23,Smartphone Ultra,South,18,751.17,13521.06,0,0
2024-03-23,Smartphone Ultra,East,16,764.08,12225.28,0,0
2024-03-23,Wireless Noise-Canceling Headphones,North,34,177.0,6018.0,0,0
2024-03-23,Wireless Noise-Canceling Headphones,West,42,178.05,7478.1,0,0
2024-03-23,Wireless Noise-Canceling Headphones,South,36,180.24,6488.64,0,0
2024-03-23,Wireless Noise-Canceling Headphones,East,21,181.68,3815.28,0,0
2024-03-23,Smart Fitness Watch,North,15,217.49,3262.35,0,0
2024-03-23,Smart Fitness Watch,West,25,223.22,5580.5,0,0
2024-03-23,Smart Fitness Watch,South,30,215.82,6474.6,0,0
2024-03-23,Smart Fitness Watch,East,11,221.5,2436.5,0,0
2024-03-23,Ergonomic Office Chair,North,14,315.84,4421.76,0,0
2024-03-23,Ergonomic Office Chair,West,16,326.22,5219.52,0,0
2024-03-23,Ergonomic Office Chair,South,9,325.05,2925.45,0,0
2024-03-23,Ergonomic Office Chair,East,14,319.93,4479.02,0,0
2024-03-24,Laptop Pro 15,North,12,1220.36,14644.32,0,0
2024-03-24,Laptop Pro 15,West,10,1209.28,12092.8,0,0
2024-03-24,Laptop Pro 15,South,7,1223.81,8566.67,0,0
2024-03-24,Laptop Pro 15,East,9,1185.14,10666.26,0,0
2024-03-24,Smartphone Ultra,North,32,744.72,23831.04,0,0
2024-03-24,Smartphone Ultra,West,24,763.62,18326.88,0,0
2024-03-24,Smartphone Ultra,South,15,745.24,11178.6,0,0
2024-03-24,Smartphone Ultra,East,18,741.15,13340.7,0,0
2024-03-24,Wireless Noise-Canceling Headphones,North,40,182.0,7280.0,0,0
2024-03-24,Wireless Noise-Canceling Headphones,West,43,178.1,7658.3,0,0
2024-03-24,Wireless Noise-Canceling Headphones,South,29,177.48,5146.92,0,0
2024-03-24,Wireless Noise-Canceling Headphones,East,37,181.81,6726.97,0,0
2024-03-24,Smart Fitness Watch,North,31,222.62,6901.22,0,0
2024-03-24,Smart Fitness Watch,West,35,222.74,7795.9,0,0
2024-03-24,Smart Fitness Watch,South,22,223.63,4919.86,0,0
2024-03-24,Smart Fitness Watch,East,24,223.23,5357.52,0,0
2024-03-24,Ergonomic Office Chair,North,11,321.58,3537.38,0,0
2024-03-24,Ergonomic Office Chair,West,13,316.86,4119.18,0,0
2024-03-24,Ergonomic Office Chair,South,15,324.35,4865.25,0,0
2024-03-24,Ergonomic Office Chair,East,8,321.45,2571.6,0,0
2024-03-25,Laptop Pro 15,North,9,1212.62,10913.58,0,0
2024-03-25,Laptop Pro 15,West,5,1180.34,5901.7,0,0
2024-03-25,Laptop Pro 15,South,8,1183.14,9465.12,0,0
2024-03-25,Laptop Pro 15,East,5,1213.44,6067.2,0,0
2024-03-25,Smartphone Ultra,North,15,736.74,11051.1,0,0
2024-03-25,Smartphone Ultra,West,18,740.79,13334.22,0,0
2024-03-25,Smartphone Ultra,South,16,757.99,12127.84,0,0
2024-03-25,Smartphone Ultra,East,15,740.65,11109.75,0,0
2024-03-25,Wireless Noise-Canceling Headphones,North,35,182.5,6387.5,0,0
2024-03-25,Wireless Noise-Canceling Headphones,West,16,177.69,2843.04,0,0
2024-03-25,Wireless Noise-Canceling Headphones,South,23,178.69,4109.87,0,0
2024-03-25,Wireless Noise-Canceling Headphones,East,27,178.07,4807.89,0,0
2024-03-25,Smart Fitness Watch,North,33,217.08,7163.64,0,0
2024-03-25,Smart Fitness Watch,West,22,222.81,4901.82,0,0
2024-03-25,Smart Fitness Watch,South,16,222.75,3564.0,0,0
2024-03-25,Smart Fitness Watch,East,17,224.14,3810.38,0,0
2024-03-25,Ergonomic Office Chair,North,10,325.78,3257.8,0,0
2024-03-25,Ergonomic Office Chair,West,15,313.75,4706.25,0,0
2024-03-25,Ergonomic Office Chair,South,10,317.36,3173.6,0,0
2024-03-25,Ergonomic Office Chair,East,12,315.15,3781.8,0,0
2024-03-26,Laptop Pro 15,North,12,1204.56,14454.72,0,0
2024-03-26,Laptop Pro 15,West,15,1200.47,18007.05,0,0
2024-03-26,Laptop Pro 15,South,5,1217.31,6086.55,0,0
2024-03-26,Laptop Pro 15,East,7,1176.85,8237.95,0,0
2024-03-26,Smartphone Ultra,North,19,758.41,14409.79,0,0
2024-03-26,Smartphone Ultra,West,16,737.21,11795.36,0,0
2024-03-26,Smartphone Ultra,South,10,746.72,7467.2,0,0
2024-03-26,Smartphone Ultra,East,17,755.91,12850.47,0,0
2024-03-26,Wireless Noise-Canceling Headphones,North,37,177.76,6577.12,0,0
2024-03-26,Wireless Noise-Canceling Headphones,West,31,183.47,5687.57,0,0
2024-03-26,Wireless Noise-Canceling Headphones,South,25,178.3,4457.5,0,0
2024-03-26,Wireless Noise-Canceling Headphones,East,24,176.57,4237.68,0,0
2024-03-26,Smart Fitness Watch,North,24,218.41,5241.84,0,0
2024-03-26,Smart Fitness Watch,West,17,221.4,3763.8,0,0
2024-03-26,Smart Fitness Watch,South,13,218.5,2840.5,0,0
2024-03-26,Smart Fitness Watch,East,18,219.18,3945.24,0,0
2024-03-26,Ergonomic Office Chair,North,7,325.15,2276.05,0,0
2024-03-26,Ergonomic Office Chair,West,9,317.49,2857.41,0,0
2024-03-26,Ergonomic Office Chair,South,9,326.38,2937.42,0,0
2024-03-26,Ergonomic Office Chair,East,11,325.05,3575.55,0,0
2024-03-27,Laptop Pro 15,North,5,1205.39,6026.95,0,0
2024-03-27,Laptop Pro 15,West,6,1178.64,7071.84,0,0
2024-03-27,Laptop Pro 15,South,6,1191.06,7146.36,0,0
2024-03-27,Laptop Pro 15,East,4,1214.59,4858.36,0,0
2024-03-27,Smartphone Ultra,North,10,744.76,7447.6,0,0
2024-03-27,Smartphone Ultra,West,16,739.96,11839.36,0,0
2024-03-27,Smartphone Ultra,South,13,749.61,9744.93,0,0
2024-03-27,Smartphone Ultra,East,10,753.42,7534.2,0,0
2024-03-27,Wireless Noise-Canceling Headphones,North,35,179.74,6290.9,0,0
2024-03-27,Wireless Noise-Canceling Headphones,West,30,181.85,5455.5,0,0
2024-03-27,Wireless Noise-Canceling Headphones,South,28,181.42,5079.76,0,0
2024-03-27,Wireless Noise-Canceling Headphones,East,22,179.39,3946.58,0,0
2024-03-27,Smart Fitness Watch,North,28,217.96,6102.88,0,0
2024-03-27,Smart Fitness Watch,West,7,216.24,1513.68,0,0
2024-03-27,Smart Fitness Watch,South,16,217.93,3486.88,0,0
2024-03-27,Smart Fitness Watch,East,11,224.33,2467.63,0,0
2024-03-27,Ergonomic Office Chair,North,9,317.29,2855.61,0,0
2024-03-27,Ergonomic Office Chair,West,8,314.72,2517.76,0,0
2024-03-27,Ergonomic Office Chair,South,10,321.97,3219.7,0,0
2024-03-27,Ergonomic Office Chair,East,5,316.9,1584.5,0,0
2024-03-28,Laptop Pro 15,North,5,1210.51,6052.55,0,0
2024-03-28,Laptop Pro 15,West,9,1217.85,10960.65,0,0
2024-03-28,Laptop Pro 15,South,5,1216.43,6082.15,0,0
2024-03-28,Laptop Pro 15,East,9,1201.88,10816.92,0,0
2024-03-28,Smartphone Ultra,North,21,741.72,15576.12,0,0
2024-03-28,Smartphone Ultra,West,20,740.1,14802.0,0,0
2024-03-28,Smartphone Ultra,South,20,745.32,14906.4,0,0
2024-03-28,Smartphone Ultra,East,12,745.84,8950.08,0,0
2024-03-28,Wireless Noise-Canceling Headphones,North,39,178.99,6980.61,0,0
2024-03-28,Wireless Noise-Canceling Headphones,West,26,176.64,4592.64,0,0
2024-03-28,Wireless Noise-Canceling Headphones,South,33,181.42,5986.86,0,0
2024-03-28,Wireless Noise-Canceling Headphones,East,15,177.0,2655.0,0,0
2024-03-28,Smart Fitness Watch,North,27,216.99,5858.73,0,0
2024-03-28,Smart Fitness Watch,West,24,216.61,5198.64,0,0
2024-03-28,Smart Fitness Watch,South,18,223.96,4031.28,0,0
2024-03-28,Smart Fitness Watch,East,13,223.95,2911.35,0,0
2024-03-28,Ergonomic Office Chair,North,16,315.1,5041.6,0,0
2024-03-28,Ergonomic Office Chair,West,7,323.14,2261.98,0,0
2024-03-28,Ergonomic Office Chair,South,6,313.98,1883.88,0,0
2024-03-28,Ergonomic Office Chair,East,4,324.75,1299.0,0,0
2024-03-29,Laptop Pro 15,North,2,1186.33,2372.66,0,0
2024-03-29,Laptop Pro 15,West,6,1187.49,7124.94,0,0
2024-03-29,Laptop Pro 15,South,7,1178.13,8246.91,0,0
2024-03-29,Laptop Pro 15,East,5,1222.04,6110.2,0,0
2024-03-29,Smartphone Ultra,North,16,762.17,12194.72,0,0
2024-03-29,Smartphone Ultra,West,8,742.2,5937.6,0,0
2024-03-29,Smartphone Ultra,South,16,738.14,11810.24,0,0
2024-03-29,Smartphone Ultra,East,8,742.7,5941.6,0,0
2024-03-29,Wireless Noise-Canceling Headphones,North,45,181.9,8185.5,0,0
2024-03-29,Wireless Noise-Canceling Headphones,West,27,180.39,4870.53,0,0
2024-03-29,Wireless Noise-Canceling Headphones,South,29,177.19,5138.51,0,0
2024-03-29,Wireless Noise-Canceling Headphones,East,26,182.48,4744.48,0,0
2024-03-29,Smart Fitness Watch,North,27,220.59,5955.93,0,0
2024-03-29,Smart Fitness Watch,West,28,220.03,6160.84,0,0
2024-03-29,Smart Fitness Watch,South,21,222.01,4662.21,0,0
2024-03-29,Smart Fitness Watch,East,19,223.55,4247.45,0,0
2024-03-29,Ergonomic Office Chair,North,11,319.55,3515.05,0,0
2024-03-29,Ergonomic Office Chair,West,12,323.12,3877.44,0,0
2024-03-29,Ergonomic Office Chair,South,11,317.36,3490.96,0,0
2024-03-29,Ergonomic Office Chair,East,7,314.34,2200.38,0,0
2024-03-30,Laptop Pro 15,North,17,1216.8,20685.6,0,0
2024-03-30,Laptop Pro 15,West,8,1214.7,9717.6,0,0
2024-03-30,Laptop Pro 15,South,7,1180.23,8261.61,0,0
2024-03-30,Laptop Pro 15,East,5,1196.6,5983.0,0,0
2024-03-30,Smartphone Ultra,North,28,760.53,21294.84,0,0
2024-03-30,Smartphone Ultra,West,26,760.65,19776.9,0,0
2024-03-30,Smartphone Ultra,South,18,758.62,13655.16,0,0
2024-03-30,Smartphone Ultra,East,14,750.29,10504.06,0,0
2024-03-30,Wireless Noise-Canceling Headphones,North,42,183.55,7709.1,0,0
2024-03-30,Wireless Noise-Canceling Headphones,West,44,181.01,7964.44,0,0
2024-03-30,Wireless Noise-Canceling Headphones,South,33,178.77,5899.41,0,0
2024-03-30,Wireless Noise-Canceling Headphones,East,23,183.49,4220.27,0,0
2024-03-30,Smart Fitness Watch,North,28,219.93,6158.04,0,0
2024-03-30,Smart Fitness Watch,West,25,221.02,5525.5,0,0
2024-03-30,Smart Fitness Watch,South,16,219.01,3504.16,0,0
2024-03-30,Smart Fitness Watch,East,21,220.62,4633.02,0,0
2024-03-30,Ergonomic Office Chair,North,7,316.64,2216.48,0,0
2024-03-30,Ergonomic Office Chair,West,11,321.68,3538.48,0,0
2024-03-30,Ergonomic Office Chair,South,12,315.92,3791.04,0,0
2024-03-30,Ergonomic Office Chair,East,8,316.75,2534.0,0,0
2024-03-31,Laptop Pro 15,North,17,1181.9,20092.3,0,0
2024-03-31,Laptop Pro 15,West,10,1191.21,11912.1,0,0
2024-03-31,Laptop Pro 15,South,9,1214.06,10926.54,0,0
2024-03-31,Laptop Pro 15,East,7,1192.36,8346.52,0,0
2024-03-31,Smartphone Ultra,North,30,748.75,22462.5,0,0
2024-03-31,Smartphone Ultra,West,18,736.29,13253.22,0,0
2024-03-31,Smartphone Ultra,South,19,764.7,14529.3,0,0
2024-03-31,Smartphone Ultra,East,16,741.32,11861.12,0,0
2024-03-31,Wireless Noise-Canceling Headphones,North,36,176.43,6351.48,0,0
2024-03-31,Wireless Noise-Canceling Headphones,West,33,181.34,5984.22,0,0
2024-03-31,Wireless Noise-Canceling Headphones,South,30,182.32,5469.6,0,0
2024-03-31,Wireless Noise-Canceling Headphones,East,22,183.11,4028.42,0,0
2024-03-31,Smart Fitness Watch,North,25,224.22,5605.5,0,0
2024-03-31,Smart Fitness Watch,West,25,219.86,5496.5,0,0
2024-03-31,Smart Fitness Watch,South,13,220.43,2865.59,0,0
2024-03-31,Smart Fitness Watch,East,20,224.29,4485.8,0,0
2024-03-31,Ergonomic Office Chair,North,18,320.66,5771.88,0,0
2024-03-31,Ergonomic Office Chair,West,8,316.43,2531.44,0,0
2024-03-31,Ergonomic Office Chair,South,13,325.45,4230.85,0,0
2024-03-31,Ergonomic Office Chair,East,9,322.7,2904.3,0,0
2024-04-01,Laptop Pro 15,North,4,1192.22,4768.88,0,0
2024-04-01,Laptop Pro 15,West,4,1190.62,4762.48,0,0
2024-04-01,Laptop Pro 15,South,11,1222.72,13449.92,0,0
2024-04-01,Laptop Pro 15,East,6,1219.56,7317.36,0,0
2024-04-01,Smartphone Ultra,North,15,760.74,11411.1,0,0
2024-04-01,Smartphone Ultra,West,14,743.89,10414.46,0,0
2024-04-01,Smartphone Ultra,South,22,737.09,16215.98,0,0
2024-04-01,Smartphone Ultra,East,19,763.32,14503.08,0,0
2024-04-01,Wireless Noise-Canceling Headphones,North,36,179.6,6465.6,0,0
2024-04-01,Wireless Noise-Canceling Headphones,West,19,178.93,3399.67,0,0
2024-04-01,Wireless Noise-Canceling Headphones,South,19,180.63,3431.97,0,0
2024-04-01,Wireless Noise-Canceling Headphones,East,16,179.31,2868.96,0,0
2024-04-01,Smart Fitness Watch,North,32,218.8,7001.6,0,0
2024-04-01,Smart Fitness Watch,West,25,219.27,5481.75,0,0
2024-04-01,Smart Fitness Watch,South,17,218.34,3711.78,0,0
2024-04-01,Smart Fitness Watch,East,18,218.18,3927.24,0,0
2024-04-01,Ergonomic Office Chair,North,8,314.79,2518.32,0,0
2024-04-01,Ergonomic Office Chair,West,11,320.19,3522.09,0,0
2024-04-01,Ergonomic Office Chair,South,12,323.83,3885.96,0,0
2024-04-01,Ergonomic Office Chair,East,4,317.07,1268.28,0,0
2024-04-02,Laptop Pro 15,North,5,1182.88,5914.4,0,0
2024-04-02,Laptop Pro 15,West,9,1215.83,10942.47,0,0
2024-04-02,Laptop Pro 15,South,3,1189.92,3569.76,0,0
2024-04-02,Laptop Pro 15,East,6,1212.56,7275.36,0,0
2024-04-02,Smartphone Ultra,North,13,755.98,9827.74,0,0
2024-04-02,Smartphone Ultra,West,16,757.93,12126.88,0,0
2024-04-02,Smartphone Ultra,South,11,757.02,8327.22,0,0
2024-04-02,Smartphone Ultra,East,11,743.58,8179.38,0,0
2024-04-02,Wireless Noise-Canceling Headphones,North,40,177.18,7087.2,0,0
2024-04-02,Wireless Noise-Canceling Headphones,West,19,177.32,3369.08,0,0
2024-04-02,Wireless Noise-Canceling Headphones,South,24,182.46,4379.04,0,0
2024-04-02,Wireless Noise-Canceling Headphones,East,27,182.8,4935.6,0,0
2024-04-02,Smart Fitness Watch,North,21,217.03,4557.63,0,0
2024-04-02,Smart Fitness Watch,West,11,217.82,2396.02,0,0
2024-04-02,Smart Fitness Watch,South,21,216.75,4551.75,0,0
2024-04-02,Smart Fitness Watch,East,22,219.77,4834.94,0,0
2024-04-02,Ergonomic Office Chair,North,7,324.07,2268.49,0,0
2024-04-02,Ergonomic Office Chair,West,15,318.1,4771.5,0,0
2024-04-02,Ergonomic Office Chair,South,13,325.13,4226.69,0,0
2024-04-02,Ergonomic Office Chair,East,4,321.51,1286.04,0,0
2024-04-03,Laptop Pro 15,North,3,1197.82,3593.46,0,0
2024-04-03,Laptop Pro 15,West,10,1186.67,11866.7,0,0
2024-04-03,Laptop Pro 15,South,8,1205.54,9644.32,0,0
2024-04-03,Laptop Pro 15,East,4,1192.92,4771.68,0,0
2024-04-03,Smartphone Ultra,North,10,764.62,7646.2,0,0
2024-04-03,Smartphone Ultra,West,20,749.29,14985.8,0,0
2024-04-03,Smartphone Ultra,South,9,742.7,6684.3,0,0
2024-04-03,Smartphone Ultra,East,11,762.14,8383.54,0,0
2024-04-03,Wireless Noise-Canceling Headphones,North,30,180.13,5403.9,0,0
2024-04-03,Wireless Noise-Canceling Headphones,West,35,181.78,6362.3,0,0
2024-04-03,Wireless Noise-Canceling Headphones,South,25,178.45,4461.25,0,0
2024-04-03,Wireless Noise-Canceling Headphones,East,16,179.57,2873.12,0,0
2024-04-03,Smart Fitness Watch,North,16,219.26,3508.16,0,0
2024-04-03,Smart Fitness Watch,West,22,218.06,4797.32,0,0
2024-04-03,Smart Fitness Watch,South,12,215.89,2590.68,0,0
2024-04-03,Smart Fitness Watch,East,18,221.49,3986.82,0,0
2024-04-03,Ergonomic Office Chair,North,8,319.88,2559.04,0,0
2024-04-03,Ergonomic Office Chair,West,9,314.63,2831.67,0,0
2024-04-03,Ergonomic Office Chair,South,9,319.18,2872.62,0,0
2024-04-03,Ergonomic Office Chair,East,6,323.92,1943.52,0,0
2024-04-04,Laptop Pro 15,North,9,1216.92,10952.28,0,0
2024-04-04,Laptop Pro 15,West,5,1176.86,5884.3,0,0
2024-04-04,Laptop Pro 15,South,2,1188.3,2376.6,0,0
2024-04-04,Laptop Pro 15,East,8,1204.11,9632.88,0,0
2024-04-04,Smartphone Ultra,North,17,756.83,12866.11,0,0
2024-04-04,Smartphone Ultra,West,15,746.02,11190.3,0,0
2024-04-04,Smartphone Ultra,South,20,746.44,14928.8,0,0
2024-04-04,Smartphone Ultra,East,18,763.44,13741.92,0,0
2024-04-04,Wireless Noise-Canceling Headphones,North,38,181.1,6881.8,0,0
2024-04-04,Wireless Noise-Canceling Headphones,West,22,182.69,4019.18,0,0
2024-04-04,Wireless Noise-Canceling Headphones,South,21,179.62,3772.02,0,0
2024-04-04,Wireless Noise-Canceling Headphones,East,24,179.42,4306.08,0,0
2024-04-04,Smart Fitness Watch,North,19,218.37,4149.03,0,0
2024-04-04,Smart Fitness Watch,West,21,220.03,4620.63,0,0
2024-04-04,Smart Fitness Watch,South,21,219.75,4614.75,0,0
2024-04-04,Smart Fitness Watch,East,11,218.63,2404.93,0,0
2024-04-04,Ergonomic Office Chair,North,7,321.95,2253.65,0,0
2024-04-04,Ergonomic Office Chair,West,9,316.44,2847.96,0,0
2024-04-04,Ergonomic Office Chair,South,4,323.38,1293.52,0,0
2024-04-04,Ergonomic Office Chair,East,5,314.47,1572.35,0,0
2024-04-05,Laptop Pro 15,North,9,1201.5,10813.5,0,0
2024-04-05,Laptop Pro 15,West,4,1223.41,4893.64,0,0
2024-04-05,Laptop Pro 15,South,3,1204.81,3614.43,0,0
2024-04-05,Laptop Pro 15,East,6,1191.57,7149.42,0,0
2024-04-05,Smartphone Ultra,North,23,757.99,17433.77,0,0
2024-04-05,Smartphone Ultra,West,27,752.75,20324.25,0,0
2024-04-05,Smartphone Ultra,South,16,755.47,12087.52,0,0
2024-04-05,Smartphone Ultra,East,16,759.4,12150.4,0,0
2024-04-05,Wireless Noise-Canceling Headphones,North,31,181.75,5634.25,0,0
2024-04-05,Wireless Noise-Canceling Headphones,West,30,181.83,5454.9,0,0
2024-04-05,Wireless Noise-Canceling Headphones,South,29,178.38,5173.02,0,0
2024-04-05,Wireless Noise-Canceling Headphones,East,20,178.28,3565.6,0,0
2024-04-05,Smart Fitness Watch,North,26,215.61,5605.86,0,0
2024-04-05,Smart Fitness Watch,West,22,222.41,4893.02,0,0
2024-04-05,Smart Fitness Watch,South,25,216.68,5417.0,0,0
2024-04-05,Smart Fitness Watch,East,18,218.74,3937.32,0,0
2024-04-05,Ergonomic Office Chair,North,8,319.13,2553.04,0,0
2024-04-05,Ergonomic Office Chair,West,9,317.07,2853.63,0,0
2024-04-05,Ergonomic Office Chair,South,10,316.95,3169.5,0,0
2024-04-05,Ergonomic Office Chair,East,8,317.55,2540.4,0,0
2024-04-06,Laptop Pro 15,North,14,1181.24,16537.36,0,0
2024-04-06,Laptop Pro 15,West,8,1184.72,9477.76,0,0
2024-04-06,Laptop Pro 15,South,9,1215.46,10939.14,0,0
2024-04-06,Laptop Pro 15,East,9,1185.36,10668.24,0,0
2024-04-06,Smartphone Ultra,North,20,761.73,15234.6,0,0
2024-04-06,Smartphone Ultra,West,27,753.35,20340.45,0,0
2024-04-06,Smartphone Ultra,South,26,740.04,19241.04,0,0
2024-04-06,Smartphone Ultra,East,26,762.72,19830.72,0,0
2024-04-06,Wireless Noise-Canceling Headphones,North,42,182.4,7660.8,0,0
2024-04-06,Wireless Noise-Canceling Headphones,West,40,176.51,7060.4,0,0
2024-04-06,Wireless Noise-Canceling Headphones,South,23,180.88,4160.24,0,0
2024-04-06,Wireless Noise-Canceling Headphones,East,28,183.55,5139.4,0,0
2024-04-06,Smart Fitness Watch,North,26,223.02,5798.52,0,0
2024-04-06,Smart Fitness Watch,West,29,216.36,6274.44,0,0
2024-04-06,Smart Fitness Watch,South,23,219.32,5044.36,0,0
2024-04-06,Smart Fitness Watch,East,24,219.65,5271.6,0,0
2024-04-06,Ergonomic Office Chair,North,12,320.71,3848.52,0,0
2024-04-06,Ergonomic Office Chair,West,17,320.95,5456.15,0,0
2024-04-06,Ergonomic Office Chair,South,10,319.1,3191.0,0,0
2024-04-06,Ergonomic Office Chair,East,2,318.7,637.4,0,0
2024-04-07,Laptop Pro 15,North,8,1181.94,9455.52,0,0
2024-04-07,Laptop Pro 15,West,13,1215.47,15801.11,0,0
2024-04-07,Laptop Pro 15,South,7,1219.02,8533.14,0,0
2024-04-07,Laptop Pro 15,East,14,1218.4,17057.6,0,0
2024-04-07,Smartphone Ultra,North,17,737.66,12540.22,0,0
2024-04-07,Smartphone Ultra,West,27,735.48,19857.96,0,0
2024-04-07,Smartphone Ultra,South,22,739.27,16263.94,0,0
2024-04-07,Smartphone Ultra,East,12,738.47,8861.64,0,0
2024-04-07,Wireless Noise-Canceling Headphones,North,32,176.41,5645.12,0,0
2024-04-07,Wireless Noise-Canceling Headphones,West,35,180.73,6325.55,0,0
2024-04-07,Wireless Noise-Canceling Headphones,South,51,182.63,9314.13,0,0
2024-04-07,Wireless Noise-Canceling Headphones,East,27,178.91,4830.57,0,0
2024-04-07,Smart Fitness Watch,North,23,222.53,5118.19,0,0
2024-04-07,Smart Fitness Watch,West,34,219.98,7479.32,0,0
2024-04-07,Smart Fitness Watch,South,31,217.02,6727.62,0,0
2024-04-07,Smart Fitness Watch,East,23,220.84,5079.32,0,0
2024-04-07,Ergonomic Office Chair,North,18,325.62,5861.16,0,0
2024-04-07,Ergonomic Office Chair,West,17,313.75,5333.75,0,0
2024-04-07,Ergonomic Office Chair,South,9,316.55,2848.95,0,0
2024-04-07,Ergonomic Office Chair,East,9,322.06,2898.54,0,0
2024-04-08,Laptop Pro 15,North,5,1194.6,5973.0,0,0
2024-04-08,Laptop Pro 15,West,7,1192.86,8350.02,0,0
2024-04-08,Laptop Pro 15,South,6,1207.91,7247.46,0,0
2024-04-08,Laptop Pro 15,East,6,1192.92,7157.52,0,0
2024-04-08,Smartphone Ultra,North,12,757.77,9093.24,0,0
2024-04-08,Smartphone Ultra,West,17,757.65,12880.05,0,0
2024-04-08,Smartphone Ultra,South,16,762.94,12207.04,0,0
2024-04-08,Smartphone Ultra,East,13,761.07,9893.91,0,0
2024-04-08,Wireless Noise-Canceling Headphones,North,20,177.21,3544.2,0,0
2024-04-08,Wireless Noise-Canceling Headphones,West,34,180.03,6121.02,0,0
2024-04-08,Wireless Noise-Canceling Headphones,South,27,179.88,4856.76,0,0
2024-04-08,Wireless Noise-Canceling Headphones,East,28,182.82,5118.96,0,0
2024-04-08,Smart Fitness Watch,North,23,215.64,4959.72,0,0
2024-04-08,Smart Fitness Watch,West,18,219.37,3948.66,0,0
2024-04-08,Smart Fitness Watch,South,17,218.12,3708.04,0,0
2024-04-08,Smart Fitness Watch,East,15,223.6,3354.0,0,0
2024-04-08,Ergonomic Office Chair,North,10,325.59,3255.9,0,0
2024-04-08,Ergonomic Office Chair,West,10,322.94,3229.4,0,0
2024-04-08,Ergonomic Office Chair,South,8,323.43,2587.44,0,0
2024-04-08,Ergonomic Office Chair,East,3,319.07,957.21,0,0
2024-04-09,Laptop Pro 15,North,8,1181.0,9448.0,0,0
2024-04-09,Laptop Pro 15,West,7,1186.54,8305.78,0,0
2024-04-09,Laptop Pro 15,South,6,1201.5,7209.0,0,0
2024-04-09,Laptop Pro 15,East,7,1223.25,8562.75,0,0
2024-04-09,Smartphone Ultra,North,17,756.52,12860.84,0,0
2024-04-09,Smartphone Ultra,West,24,740.78,17778.72,0,0
2024-04-09,Smartphone Ultra,South,14,754.3,10560.2,0,0
2024-04-09,Smartphone Ultra,East,9,746.54,6718.86,0,0
2024-04-09,Wireless Noise-Canceling Headphones,North,31,179.9,5576.9,0,0
2024-04-09,Wireless Noise-Canceling Headphones,West,26,179.78,4674.28,0,0
2024-04-09,Wireless Noise-Canceling Headphones,South,19,176.65,3356.35,0,0
2024-04-09,Wireless Noise-Canceling Headphones,East,16,176.73,2827.68,0,0
2024-04-09,Smart Fitness Watch,North,15,220.67,3310.05,0,0
2024-04-09,Smart Fitness Watch,West,23,216.2,4972.6,0,0
2024-04-09,Smart Fitness Watch,South,19,220.05,4180.95,0,0
2024-04-09,Smart Fitness Watch,East,18,221.57,3988.26,0,0
2024-04-09,Ergonomic Office Chair,North,10,320.42,3204.2,0,0
2024-04-09,Ergonomic Office Chair,West,12,321.81,3861.72,0,0
2024-04-09,Ergonomic Office Chair,South,2,322.69,645.38,0,0
2024-04-09,Ergonomic Office Chair,East,5,318.74,1593.7,0,0
2024-04-10,Laptop Pro 15,North,3,1198.1,3594.3,0,0
2024-04-10,Laptop Pro 15,West,7,1199.82,8398.74,0,0
2024-04-10,Laptop Pro 15,South,8,1199.46,9595.68,0,0
2024-04-10,Laptop Pro 15,East,5,1220.93,6104.65,0,0
2024-04-10,Smartphone Ultra,North,23,751.92,17294.16,0,0
2024-04-10,Smartphone Ultra,West,9,744.84,6703.56,0,0
2024-04-10,Smartphone Ultra,South,16,736.36,11781.76,0,0
2024-04-10,Smartphone Ultra,East,14,741.2,10376.8,0,0
2024-04-10,Wireless Noise-Canceling Headphones,North,32,181.92,5821.44,0,0
2024-04-10,Wireless Noise-Canceling Headphones,West,21,183.59,3855.39,0,0
2024-04-10,Wireless Noise-Canceling Headphones,South,27,178.69,4824.63,0,0
2024-04-10,Wireless Noise-Canceling Headphones,East,15,178.62,2679.3,0,0
2024-04-10,Smart Fitness Watch,North,22,224.14,4931.08,0,0
2024-04-10,Smart Fitness Watch,West,19,221.03,4199.57,0,0
2024-04-10,Smart Fitness Watch,South,21,217.21,4561.41,0,0
2024-04-10,Smart Fitness Watch,East,13,219.95,2859.35,0,0
2024-04-10,Ergonomic Office Chair,North,11,322.51,3547.61,0,0
2024-04-10,Ergonomic Office Chair,West,15,322.67,4840.05,0,0
2024-04-10,Ergonomic Office Chair,South,11,319.06,3509.66,0,0
2024-04-10,Ergonomic Office Chair,East,6,318.63,1911.78,0,0
2024-04-11,Laptop Pro 15,North,3,1206.13,3618.39,0,0
2024-04-11,Laptop Pro 15,West,3,1183.45,3550.35,0,0
2024-04-11,Laptop Pro 15,South,6,1176.25,7057.5,0,0
2024-04-11,Laptop Pro 15,East,4,1189.08,4756.32,0,0
2024-04-11,Smartphone Ultra,North,22,740.47,16290.34,0,0
2024-04-11,Smartphone Ultra,West,16,736.52,11784.32,0,0
2024-04-11,Smartphone Ultra,South,18,763.35,13740.3,0,0
2024-04-11,Smartphone Ultra,East,11,749.26,8241.86,0,0
2024-04-11,Wireless Noise-Canceling Headphones,North,27,177.29,4786.83,0,0
2024-04-11,Wireless Noise-Canceling Headphones,West,32,182.21,5830.72,0,0
2024-04-11,Wireless Noise-Canceling Headphones,South,25,183.33,4583.25,0,0
2024-04-11,Wireless Noise-Canceling Headphones,East,13,179.23,2329.99,0,0
2024-04-11,Smart Fitness Watch,North,22,216.33,4759.26,0,0
2024-04-11,Smart Fitness Watch,West,21,218.78,4594.38,0,0
2024-04-11,Smart Fitness Watch,South,21,220.99,4640.79,0,0
2024-04-11,Smart Fitness Watch,East,14,223.94,3135.16,0,0
2024-04-11,Ergonomic Office Chair,North,10,313.82,3138.2,0,0
2024-04-11,Ergonomic Office Chair,West,8,325.11,2600.88,0,0
2024-04-11,Ergonomic Office Chair,South,9,320.59,2885.31,0,0
2024-04-11,Ergonomic Office Chair,East,5,316.91,1584.55,0,0
2024-04-12,Laptop Pro 15,North,9,1207.94,10871.46,0,0
2024-04-12,Laptop Pro 15,West,7,1212.07,8484.49,0,0
2024-04-12,Laptop Pro 15,South,10,1212.82,12128.2,0,0
2024-04-12,Laptop Pro 15,East,1,1223.76,1223.76,0,0
2024-04-12,Smartphone Ultra,North,13,761.35,9897.55,0,0
2024-04-12,Smartphone Ultra,West,25,753.33,18833.25,0,0
2024-04-12,Smartphone Ultra,South,19,743.55,14127.45,0,0
2024-04-12,Smartphone Ultra,East,12,743.22,8918.64,0,0
2024-04-12,Wireless Noise-Canceling Headphones,North,30,179.13,5373.9,0,0
2024-04-12,Wireless Noise-Canceling Headphones,West,33,182.08,6008.64,0,0
2024-04-12,Wireless Noise-Canceling Headphones,South,35,177.29,6205.15,0,0
2024-04-12,Wireless Noise-Canceling Headphones,East,11,177.72,1954.92,0,0
2024-04-12,Smart Fitness Watch,North,29,221.76,6431.04,0,0
2024-04-12,Smart Fitness Watch,West,20,218.43,4368.6,0,0
2024-04-12,Smart Fitness Watch,South,17,221.48,3765.16,0,0
2024-04-12,Smart Fitness Watch,East,21,216.16,4539.36,0,0
2024-04-12,Ergonomic Office Chair,North,9,314.57,2831.13,0,0
2024-04-12,Ergonomic Office Chair,West,9,314.89,2834.01,0,0
2024-04-12,Ergonomic Office Chair,South,12,318.4,3820.8,0,0
2024-04-12,Ergonomic Office Chair,East,3,313.93,941.79,0,0
2024-04-13,Laptop Pro 15,North,8,1181.0,9448.0,0,0
2024-04-13,Laptop Pro 15,West,8,1199.02,9592.16,0,0
2024-04-13,Laptop Pro 15,South,15,1207.78,18116.7,0,0
2024-04-13,Laptop Pro 15,East,4,1213.88,4855.52,0,0
2024-04-13,Smartphone Ultra,North,23,750.0,17250.0,0,0
2024-04-13,Smartphone Ultra,West,24,760.6,18254.4,0,0
2024-04-13,Smartphone Ultra,South,23,755.66,17380.18,0,0
2024-04-13,Smartphone Ultra,East,29,746.64,21652.56,0,0
2024-04-13,Wireless Noise-Canceling Headphones,North,49,183.13,8973.37,0,0
2024-04-13,Wireless Noise-Canceling Headphones,West,41,180.28,7391.48,0,0
2024-04-13,Wireless Noise-Canceling Headphones,South,32,181.73,5815.36,0,0
2024-04-13,Wireless Noise-Canceling Headphones,East,30,180.72,5421.6,0,0
2024-04-13,Smart Fitness Watch,North,21,219.13,4601.73,0,0
2024-04-13,Smart Fitness Watch,West,29,216.71,6284.59,0,0
2024-04-13,Smart Fitness Watch,South,26,219.6,5709.6,0,0
2024-04-13,Smart Fitness Watch,East,16,217.27,3476.32,0,0
2024-04-13,Ergonomic Office Chair,North,13,315.93,4107.09,0,0
2024-04-13,Ergonomic Office Chair,West,9,322.77,2904.93,0,0
2024-04-13,Ergonomic Office Chair,South,9,321.96,2897.64,0,0
2024-04-13,Ergonomic Office Chair,East,10,323.38,3233.8,0,0
2024-04-14,Laptop Pro 15,North,10,1072.77,10727.7,1,0
2024-04-14,Laptop Pro 15,West,16,1036.26,16580.16,1,0
2024-04-14,Laptop Pro 15,South,7,1096.44,7675.08,1,0
2024-04-14,Laptop Pro 15,East,11,1065.23,11717.53,1,0
2024-04-14,Smartphone Ultra,North,33,647.31,21361.23,1,0
2024-04-14,Smartphone Ultra,West,31,662.56,20539.36,1,0
2024-04-14,Smartphone Ultra,South,28,645.23,18066.44,1,0
2024-04-14,Smartphone Ultra,East,30,667.58,20027.4,1,0
2024-04-14,Wireless Noise-Canceling Headphones,North,60,161.88,9712.8,1,0
2024-04-14,Wireless Noise-Canceling Headphones,West,60,159.98,9598.8,1,0
2024-04-14,Wireless Noise-Canceling Headphones,South,43,158.44,6812.92,1,0
2024-04-14,Wireless Noise-Canceling Headphones,East,37,156.54,5791.98,1,0
2024-04-14,Smart Fitness Watch,North,32,191.12,6115.84,1,0
2024-04-14,Smart Fitness Watch,West,38,193.75,7362.5,1,0
2024-04-14,Smart Fitness Watch,South,34,190.02,6460.68,1,0
2024-04-14,Smart Fitness Watch,East,39,196.61,7667.79,1,0
2024-04-14,Ergonomic Office Chair,North,17,291.84,4961.28,1,0
2024-04-14,Ergonomic Office Chair,West,19,286.44,5442.36,1,0
2024-04-14,Ergonomic Office Chair,South,11,272.24,2994.64,1,0
2024-04-14,Ergonomic Office Chair,East,11,279.46,3074.06,1,0
2024-04-15,Laptop Pro 15,North,10,1211.7,12117.0,0,0
2024-04-15,Laptop Pro 15,West,5,1182.37,5911.85,0,0
2024-04-15,Laptop Pro 15,South,11,1216.91,13386.01,0,0
2024-04-15,Laptop Pro 15,East,2,1187.87,2375.74,0,0
2024-04-15,Smartphone Ultra,North,16,742.51,11880.16,0,0
2024-04-15,Smartphone Ultra,West,15,752.16,11282.4,0,0
2024-04-15,Smartphone Ultra,South,11,755.41,8309.51,0,0
2024-04-15,Smartphone Ultra,East,12,735.68,8828.16,0,0
2024-04-15,Wireless Noise-Canceling Headphones,North,30,180.71,5421.3,0,0
2024-04-15,Wireless Noise-Canceling Headphones,West,27,177.82,4801.14,0,0
2024-04-15,Wireless Noise-Canceling Headphones,South,22,178.5,3927.0,0,0
2024-04-15,Wireless Noise-Canceling Headphones,East,11,180.23,1982.53,0,0
2024-04-15,Smart Fitness Watch,North,23,217.48,5002.04,0,0
2024-04-15,Smart Fitness Watch,West,14,223.21,3124.94,0,0
2024-04-15,Smart Fitness Watch,South,19,220.69,4193.11,0,0
2024-04-15,Smart Fitness Watch,East,15,222.12,3331.8,0,0
2024-04-15,Ergonomic Office Chair,North,12,323.03,3876.36,0,0
2024-04-15,Ergonomic Office Chair,West,10,323.17,3231.7,0,0
2024-04-15,Ergonomic Office Chair,South,10,321.53,3215.3,0,0
2024-04-15,Ergonomic Office Chair,East,7,314.04,2198.28,0,0
2024-04-16,Laptop Pro 15,North,7,1202.72,8419.04,0,0
2024-04-16,Laptop Pro 15,West,11,1196.6,13162.6,0,0
2024-04-16,Laptop Pro 15,South,4,1218.6,4874.4,0,0
2024-04-16,Laptop Pro 15,East,6,1221.47,7328.82,0,0
2024-04-16,Smartphone Ultra,North,8,752.54,6020.32,0,0
2024-04-16,Smartphone Ultra,West,10,763.6,7636.0,0,0
2024-04-16,Smartphone Ultra,South,15,738.36,11075.4,0,0
2024-04-16,Smartphone Ultra,East,20,760.84,15216.8,0,0
2024-04-16,Wireless Noise-Canceling Headphones,North,32,181.85,5819.2,0,0
2024-04-16,Wireless Noise-Canceling Headphones,West,22,177.47,3904.34,0,0
2024-04-16,Wireless Noise-Canceling Headphones,South,31,183.51,5688.81,0,0
2024-04-16,Wireless Noise-Canceling Headphones,East,19,183.14,3479.66,0,0
2024-04-16,Smart Fitness Watch,North,26,220.25,5726.5,0,0
2024-04-16,Smart Fitness Watch,West,14,220.08,3081.12,0,0
2024-04-16,Smart Fitness Watch,South,17,218.21,3709.57,0,0
2024-04-16,Smart Fitness Watch,East,16,217.02,3472.32,0,0
2024-04-16,Ergonomic Office Chair,North,8,325.71,2605.68,0,0
2024-04-16,Ergonomic Office Chair,West,6,316.18,1897.08,0,0
2024-04-16,Ergonomic Office Chair,South,9,321.32,2891.88,0,0
2024-04-16,Ergonomic Office Chair,East,2,317.11,634.22,0,0
2024-04-17,Laptop Pro 15,North,4,1221.53,4886.12,0,0
2024-04-17,Laptop Pro 15,West,3,1203.2,3609.6,0,0
2024-04-17,Laptop Pro 15,South,9,1185.99,10673.91,0,0
2024-04-17,Laptop Pro 15,East,8,1179.04,9432.32,0,0
2024-04-17,Smartphone Ultra,North,22,745.57,16402.54,0,0
2024-04-17,Smartphone Ultra,West,14,762.36,10673.04,0,0
2024-04-17,Smartphone Ultra,South,12,758.61,9103.32,0,0
2024-04-17,Smartphone Ultra,East,11,742.82,8171.02,0,0
2024-04-17,Wireless Noise-Canceling Headphones,North,21,178.8,3754.8,0,0
2024-04-17,Wireless Noise-Canceling Headphones,West,21,178.24,3743.04,0,0
2024-04-17,Wireless Noise-Canceling Headphones,South,27,182.87,4937.49,0,0
2024-04-17,Wireless Noise-Canceling Headphones,East,13,182.63,2374.19,0,0
2024-04-17,Smart Fitness Watch,North,27,216.55,5846.85,0,0
2024-04-17,Smart Fitness Watch,West,27,223.27,6028.29,0,0
2024-04-17,Smart Fitness Watch,South,29,223.0,6467.0,0,0
2024-04-17,Smart Fitness Watch,East,14,219.19,3068.66,0,0
2024-04-17,Ergonomic Office Chair,North,6,324.64,1947.84,0,0
2024-04-17,Ergonomic Office Chair,West,9,324.38,2919.42,0,0
2024-04-17,Ergonomic Office Chair,South,12,325.79,3909.48,0,0
2024-04-17,Ergonomic Office Chair,East,6,314.5,1887.0,0,0
2024-04-18,Laptop Pro 15,North,11,1209.12,13300.32,0,0
2024-04-18,Laptop Pro 15,West,11,1217.88,13396.68,0,0
2024-04-18,Laptop Pro 15,South,9,1185.67,10671.03,0,0
2024-04-18,Laptop Pro 15,East,4,1210.6,4842.4,0,0
2024-04-18,Smartphone Ultra,North,14,759.19,10628.66,0,0
2024-04-18,Smartphone Ultra,West,16,763.84,12221.44,0,0
2024-04-18,Smartphone Ultra,South,11,745.75,8203.25,0,0
2024-04-18,Smartphone Ultra,East,7,760.39,5322.73,0,0
2024-04-18,Wireless Noise-Canceling Headphones,North,24,182.74,4385.76,0,0
2024-04-18,Wireless Noise-Canceling Headphones,West,28,180.59,5056.52,0,0
2024-04-18,Wireless Noise-Canceling Headphones,South,22,177.36,3901.92,0,0
2024-04-18,Wireless Noise-Canceling Headphones,East,20,179.95,3599.0,0,0
2024-04-18,Smart Fitness Watch,North,30,217.15,6514.5,0,0
2024-04-18,Smart Fitness Watch,West,22,215.93,4750.46,0,0
2024-04-18,Smart Fitness Watch,South,17,217.75,3701.75,0,0
2024-04-18,Smart Fitness Watch,East,11,224.15,2465.65,0,0
2024-04-18,Ergonomic Office Chair,North,7,318.79,2231.53,0,0
2024-04-18,Ergonomic Office Chair,West,12,313.98,3767.76,0,0
2024-04-18,Ergonomic Office Chair,South,6,314.59,1887.54,0,0
2024-04-18,Ergonomic Office Chair,East,3,321.25,963.75,0,0
2024-04-19,Laptop Pro 15,North,8,1187.42,9499.36,0,0
2024-04-19,Laptop Pro 15,West,8,1205.67,9645.36,0,0
2024-04-19,Laptop Pro 15,South,3,1196.29,3588.87,0,0
2024-04-19,Laptop Pro 15,East,7,1218.32,8528.24,0,0
2024-04-19,Smartphone Ultra,North,25,751.9,18797.5,0,0
2024-04-19,Smartphone Ultra,West,19,763.74,14511.06,0,0
2024-04-19,Smartphone Ultra,South,17,764.01,12988.17,0,0
2024-04-19,Smartphone Ultra,East,10,744.41,7444.1,0,0
2024-04-19,Wireless Noise-Canceling Headphones,North,21,183.54,3854.34,0,0
2024-04-19,Wireless Noise-Canceling Headphones,West,38,180.69,6866.22,0,0
2024-04-19,Wireless Noise-Canceling Headphones,South,22,178.89,3935.58,0,0
2024-04-19,Wireless Noise-Canceling Headphones,East,26,177.14,4605.64,0,0
2024-04-19,Smart Fitness Watch,North,27,218.59,5901.93,0,0
2024-04-19,Smart Fitness Watch,West,18,221.44,3985.92,0,0
2024-04-19,Smart Fitness Watch,South,26,215.79,5610.54,0,0
2024-04-19,Smart Fitness Watch,East,22,223.05,4907.1,0,0
2024-04-19,Ergonomic Office Chair,North,14,326.39,4569.46,0,0
2024-04-19,Ergonomic Office Chair,West,10,322.17,3221.7,0,0
2024-04-19,Ergonomic Office Chair,South,8,319.05,2552.4,0,0
2024-04-19,Ergonomic Office Chair,East,6,324.17,1945.02,0,0
2024-04-20,Laptop Pro 15,North,6,1192.34,7154.04,0,0
2024-04-20,Laptop Pro 15,West,15,1204.04,18060.6,0,0
2024-04-20,Laptop Pro 15,South,10,1195.64,11956.4,0,0
2024-04-20,Laptop Pro 15,East,12,1214.44,14573.28,0,0
2024-04-20,Smartphone Ultra,North,18,742.04,13356.72,0,0
2024-04-20,Smartphone Ultra,West,23,759.89,17477.47,0,0
2024-04-20,Smartphone Ultra,South,19,742.71,14111.49,0,0
2024-04-20,Smartphone Ultra,East,24,753.31,18079.44,0,0
2024-04-20,Wireless Noise-Canceling Headphones,North,47,176.97,8317.59,0,0
2024-04-20,Wireless Noise-Canceling Headphones,West,41,177.75,7287.75,0,0
2024-04-20,Wireless Noise-Canceling Headphones,South,45,181.14,8151.3,0,0
2024-04-20,Wireless Noise-Canceling Headphones,East,31,179.02,5549.62,0,0
2024-04-20,Smart Fitness Watch,North,39,219.72,8569.08,0,0
2024-04-20,Smart Fitness Watch,West,21,220.48,4630.08,0,0
2024-04-20,Smart Fitness Watch,South,32,216.95,6942.4,0,0
2024-04-20,Smart Fitness Watch,East,23,217.09,4993.07,0,0
2024-04-20,Ergonomic Office Chair,North,9,321.07,2889.63,0,0
2024-04-20,Ergonomic Office Chair,West,18,322.45,5804.1,0,0
2024-04-20,Ergonomic Office Chair,South,7,321.9,2253.3,0,0
2024-04-20,Ergonomic Office Chair,East,10,318.24,3182.4,0,0
2024-04-21,Laptop Pro 15,North,9,1200.56,10805.04,0,0
2024-04-21,Laptop Pro 15,West,12,1208.76,14505.12,0,0
2024-04-21,Laptop Pro 15,South,6,1216.13,7296.78,0,0
2024-04-21,Laptop Pro 15,East,4,1210.56,4842.24,0,0
2024-04-21,Smartphone Ultra,North,21,754.46,15843.66,0,0
2024-04-21,Smartphone Ultra,West,26,755.38,19639.88,0,0
2024-04-21,Smartphone Ultra,South,23,750.23,17255.29,0,0
2024-04-21,Smartphone Ultra,East,15,746.32,11194.8,0,0
2024-04-21,Wireless Noise-Canceling Headphones,North,46,181.9,8367.4,0,0
2024-04-21,Wireless Noise-Canceling Headphones,West,32,177.22,5671.04,0,0
2024-04-21,Wireless Noise-Canceling Headphones,South,34,181.84,6182.56,0,0
2024-04-21,Wireless Noise-Canceling Headphones,East,17,182.54,3103.18,0,0
2024-04-21,Smart Fitness Watch,North,33,218.47,7209.51,0,0
2024-04-21,Smart Fitness Watch,West,30,221.6,6648.0,0,0
2024-04-21,Smart Fitness Watch,South,27,220.44,5951.88,0,0
2024-04-21,Smart Fitness Watch,East,26,217.77,5662.02,0,0
2024-04-21,Ergonomic Office Chair,North,15,324.26,4863.9,0,0
2024-04-21,Ergonomic Office Chair,West,19,319.14,6063.66,0,0
2024-04-21,Ergonomic Office Chair,South,8,318.52,2548.16,0,0
2024-04-21,Ergonomic Office Chair,East,13,323.59,4206.67,0,0
2024-04-22,Laptop Pro 15,North,4,1190.18,4760.72,0,0
2024-04-22,Laptop Pro 15,West,10,1211.85,12118.5,0,0
2024-04-22,Laptop Pro 15,South,2,1187.58,2375.16,0,0
2024-04-22,Laptop Pro 15,East,8,1204.7,9637.6,0,0
2024-04-22,Smartphone Ultra,North,28,751.2,21033.6,0,0
2024-04-22,Smartphone Ultra,West,17,759.28,12907.76,0,0
2024-04-22,Smartphone Ultra,South,14,738.34,10336.76,0,0
2024-04-22,Smartphone Ultra,East,12,755.54,9066.48,0,0
2024-04-22,Wireless Noise-Canceling Headphones,North,22,182.88,4023.36,0,0
2024-04-22,Wireless Noise-Canceling Headphones,West,25,181.99,4549.75,0,0
2024-04-22,Wireless Noise-Canceling Headphones,South,23,179.29,4123.67,0,0
2024-04-22,Wireless Noise-Canceling Headphones,East,25,183.14,4578.5,0,0
2024-04-22,Smart Fitness Watch,North,19,224.14,4258.66,0,0
2024-04-22,Smart Fitness Watch,West,24,218.2,5236.8,0,0
2024-04-22,Smart Fitness Watch,South,19,217.89,4139.91,0,0
2024-04-22,Smart Fitness Watch,East,12,217.74,2612.88,0,0
2024-04-22,Ergonomic Office Chair,North,8,318.04,2544.32,0,0
2024-04-22,Ergonomic Office Chair,West,2,315.85,631.7,0,0
2024-04-22,Ergonomic Office Chair,South,12,317.12,3805.44,0,0
2024-04-22,Ergonomic Office Chair,East,8,318.1,2544.8,0,0
2024-04-23,Laptop Pro 15,North,7,1216.54,8515.78,0,0
2024-04-23,Laptop Pro 15,West,1,1198.96,1198.96,0,0
2024-04-23,Laptop Pro 15,South,3,1220.49,3661.47,0,0
2024-04-23,Laptop Pro 15,East,4,1210.38,4841.52,0,0
2024-04-23,Smartphone Ultra,North,19,751.15,14271.85,0,0
2024-04-23,Smartphone Ultra,West,21,754.74,15849.54,0,0
2024-04-23,Smartphone Ultra,South,21,735.44,15444.24,0,0
2024-04-23,Smartphone Ultra,East,14,737.09,10319.26,0,0
2024-04-23,Wireless Noise-Canceling Headphones,North,29,181.47,5262.63,0,0
2024-04-23,Wireless Noise-Canceling Headphones,West,36,177.24,6380.64,0,0
2024-04-23,Wireless Noise-Canceling Headphones,South,26,178.59,4643.34,0,0
2024-04-23,Wireless Noise-Canceling Headphones,East,16,177.68,2842.88,0,0
2024-04-23,Smart Fitness Watch,North,27,217.93,5884.11,0,0
2024-04-23,Smart Fitness Watch,West,17,216.99,3688.83,0,0
2024-04-23,Smart Fitness Watch,South,16,222.23,3555.68,0,0
2024-04-23,Smart Fitness Watch,East,19,222.18,4221.42,0,0
2024-04-23,Ergonomic Office Chair,North,11,322.1,3543.1,0,0
2024-04-23,Ergonomic Office Chair,West,8,321.06,2568.48,0,0
2024-04-23,Ergonomic Office Chair,South,10,324.9,3249.0,0,0
2024-04-23,Ergonomic Office Chair,East,8,315.82,2526.56,0,0
2024-04-24,Laptop Pro 15,North,9,1200.61,10805.49,0,0
2024-04-24,Laptop Pro 15,West,3,1183.84,3551.52,0,0
2024-04-24,Laptop Pro 15,South,5,1188.85,5944.25,0,0
2024-04-24,Laptop Pro 15,East,7,1207.31,8451.17,0,0
2024-04-24,Smartphone Ultra,North,18,752.64,13547.52,0,0
2024-04-24,Smartphone Ultra,West,22,744.69,16383.18,0,0
2024-04-24,Smartphone Ultra,South,19,755.85,14361.15,0,0
2024-04-24,Smartphone Ultra,East,20,746.58,14931.6,0,0
2024-04-24,Wireless Noise-Canceling Headphones,North,29,179.31,5199.99,0,0
2024-04-24,Wireless Noise-Canceling Headphones,West,36,182.08,6554.88,0,0
2024-04-24,Wireless Noise-Canceling Headphones,South,25,179.99,4499.75,0,0
2024-04-24,Wireless Noise-Canceling Headphones,East,26,183.53,4771.78,0,0
2024-04-24,Smart Fitness Watch,North,24,218.2,5236.8,0,0
2024-04-24,Smart Fitness Watch,West,22,220.33,4847.26,0,0
2024-04-24,Smart Fitness Watch,South,23,220.44,5070.12,0,0
2024-04-24,Smart Fitness Watch,East,17,223.74,3803.58,0,0
2024-04-24,Ergonomic Office Chair,North,10,325.47,3254.7,0,0
2024-04-24,Ergonomic Office Chair,West,8,325.56,2604.48,0,0
2024-04-24,Ergonomic Office Chair,South,6,321.47,1928.82,0,0
2024-04-24,Ergonomic Office Chair,East,5,320.65,1603.25,0,0
2024-04-25,Laptop Pro 15,North,11,1223.36,13456.96,0,0
2024-04-25,Laptop Pro 15,West,7,1197.62,8383.34,0,0
2024-04-25,Laptop Pro 15,South,7,1179.59,8257.13,0,0
2024-04-25,Laptop Pro 15,East,9,1207.95,10871.55,0,0
2024-04-25,Smartphone Ultra,North,18,735.67,13242.06,0,0
2024-04-25,Smartphone Ultra,West,17,740.33,12585.61,0,0
2024-04-25,Smartphone Ultra,South,15,754.7,11320.5,0,0
2024-04-25,Smartphone Ultra,East,12,743.87,8926.44,0,0
2024-04-25,Wireless Noise-Canceling Headphones,North,29,180.37,5230.73,0,0
2024-04-25,Wireless Noise-Canceling Headphones,West,28,177.03,4956.84,0,0
2024-04-25,Wireless Noise-Canceling Headphones,South,18,182.49,3284.82,0,0
2024-04-25,Wireless Noise-Canceling Headphones,East,14,182.1,2549.4,0,0
2024-04-25,Smart Fitness Watch,North,19,221.64,4211.16,0,0
2024-04-25,Smart Fitness Watch,West,20,220.39,4407.8,0,0
2024-04-25,Smart Fitness Watch,South,10,223.37,2233.7,0,0
2024-04-25,Smart Fitness Watch,East,16,217.94,3487.04,0,0
2024-04-25,Ergonomic Office Chair,North,12,321.99,3863.88,0,0
2024-04-25,Ergonomic Office Chair,West,16,325.77,5212.32,0,0
2024-04-25,Ergonomic Office Chair,South,6,325.93,1955.58,0,0
2024-04-25,Ergonomic Office Chair,East,6,325.73,1954.38,0,0
2024-04-26,Laptop Pro 15,North,8,1201.87,9614.96,0,0
2024-04-26,Laptop Pro 15,West,7,1207.17,8450.19,0,0
2024-04-26,Laptop Pro 15,South,7,1204.13,8428.91,0,0
2024-04-26,Laptop Pro 15,East,8,1184.09,9472.72,0,0
2024-04-26,Smartphone Ultra,North,17,761.58,12946.86,0,0
2024-04-26,Smartphone Ultra,West,19,735.38,13972.22,0,0
2024-04-26,Smartphone Ultra,South,16,744.68,11914.88,0,0
2024-04-26,Smartphone Ultra,East,11,754.16,8295.76,0,0
2024-04-26,Wireless Noise-Canceling Headphones,North,44,177.59,7813.96,0,0
2024-04-26,Wireless Noise-Canceling Headphones,West,38,180.42,6855.96,0,0
2024-04-26,Wireless Noise-Canceling Headphones,South,19,179.74,3415.06,0,0
2024-04-26,Wireless Noise-Canceling Headphones,East,17,178.84,3040.28,0,0
2024-04-26,Smart Fitness Watch,North,30,219.95,6598.5,0,0
2024-04-26,Smart Fitness Watch,West,29,222.68,6457.72,0,0
2024-04-26,Smart Fitness Watch,South,20,221.78,4435.6,0,0
2024-04-26,Smart Fitness Watch,East,9,218.55,1966.95,0,0
2024-04-26,Ergonomic Office Chair,North,13,321.73,4182.49,0,0
2024-04-26,Ergonomic Office Chair,West,8,319.45,2555.6,0,0
2024-04-26,Ergonomic Office Chair,South,10,325.48,3254.8,0,0
2024-04-26,Ergonomic Office Chair,East,13,316.77,4118.01,0,0
2024-04-27,Laptop Pro 15,North,8,1191.91,9535.28,0,0
2024-04-27,Laptop Pro 15,West,13,1179.36,15331.68,0,0
2024-04-27,Laptop Pro 15,South,3,1212.81,3638.43,0,0
2024-04-27,Laptop Pro 15,East,5,1176.45,5882.25,0,0
2024-04-27,Smartphone Ultra,North,21,740.17,15543.57,0,0
2024-04-27,Smartphone Ultra,West,21,761.42,15989.82,0,0
2024-04-27,Smartphone Ultra,South,18,756.92,13624.56,0,0
2024-04-27,Smartphone Ultra,East,13,738.11,9595.43,0,0
2024-04-27,Wireless Noise-Canceling Headphones,North,58,183.57,10647.06,0,0
2024-04-27,Wireless Noise-Canceling Headphones,West,32,182.85,5851.2,0,0
2024-04-27,Wireless Noise-Canceling Headphones,South,35,180.1,6303.5,0,0
2024-04-27,Wireless Noise-Canceling Headphones,East,24,180.84,4340.16,0,0
2024-04-27,Smart Fitness Watch,North,21,219.65,4612.65,0,0
2024-04-27,Smart Fitness Watch,West,23,223.22,5134.06,0,0
2024-04-27,Smart Fitness Watch,South,23,223.94,5150.62,0,0
2024-04-27,Smart Fitness Watch,East,23,217.79,5009.17,0,0
2024-04-27,Ergonomic Office Chair,North,15,325.26,4878.9,0,0
2024-04-27,Ergonomic Office Chair,West,8,314.44,2515.52,0,0
2024-04-27,Ergonomic Office Chair,South,9,324.42,2919.78,0,0
2024-04-27,Ergonomic Office Chair,East,10,322.59,3225.9,0,0
2024-04-28,Laptop Pro 15,North,8,1181.02,9448.16,0,0
2024-04-28,Laptop Pro 15,West,12,1207.54,14490.48,0,0
2024-04-28,Laptop Pro 15,South,16,1201.96,19231.36,0,0
2024-04-28,Laptop Pro 15,East,12,1184.01,14208.12,0,0
2024-04-28,Smartphone Ultra,North,32,757.33,24234.56,0,0
2024-04-28,Smartphone Ultra,West,19,761.87,14475.53,0,0
2024-04-28,Smartphone Ultra,South,7,760.73,5325.11,0,0
2024-04-28,Smartphone Ultra,East,20,763.12,15262.4,0,0
2024-04-28,Wireless Noise-Canceling Headphones,North,44,182.6,8034.4,0,0
2024-04-28,Wireless Noise-Canceling Headphones,West,39,182.34,7111.26,0,0
2024-04-28,Wireless Noise-Canceling Headphones,South,38,182.87,6949.06,0,0
2024-04-28,Wireless Noise-Canceling Headphones,East,35,182.73,6395.55,0,0
2024-04-28,Smart Fitness Watch,North,28,224.16,6276.48,0,0
2024-04-28,Smart Fitness Watch,West,33,221.3,7302.9,0,0
2024-04-28,Smart Fitness Watch,South,25,223.41,5585.25,0,0
2024-04-28,Smart Fitness Watch,East,22,223.38,4914.36,0,0
2024-04-28,Ergonomic Office Chair,North,11,326.17,3587.87,0,0
2024-04-28,Ergonomic Office Chair,West,17,313.76,5333.92,0,0
2024-04-28,Ergonomic Office Chair,South,8,321.64,2573.12,0,0
2024-04-28,Ergonomic Office Chair,East,15,315.22,4728.3,0,0
2024-04-29,Laptop Pro 15,North,10,1202.0,12020.0,0,0
2024-04-29,Laptop Pro 15,West,9,1204.56,10841.04,0,0
2024-04-29,Laptop Pro 15,South,7,1176.67,8236.69,0,0
2024-04-29,Laptop Pro 15,East,7,1221.41,8549.87,0,0
2024-04-29,Smartphone Ultra,North,19,736.34,13990.46,0,0
2024-04-29,Smartphone Ultra,West,16,744.73,11915.68,0,0
2024-04-29,Smartphone Ultra,South,24,751.36,18032.64,0,0
2024-04-29,Smartphone Ultra,East,9,751.87,6766.83,0,0
2024-04-29,Wireless Noise-Canceling Headphones,North,25,182.04,4551.0,0,0
2024-04-29,Wireless Noise-Canceling Headphones,West,41,179.69,7367.29,0,0
2024-04-29,Wireless Noise-Canceling Headphones,South,30,181.53,5445.9,0,0
2024-04-29,Wireless Noise-Canceling Headphones,East,25,181.39,4534.75,0,0
2024-04-29,Smart Fitness Watch,North,27,218.21,5891.67,0,0
2024-04-29,Smart Fitness Watch,West,19,222.47,4226.93,0,0
2024-04-29,Smart Fitness Watch,South,20,219.59,4391.8,0,0
2024-04-29,Smart Fitness Watch,East,21,221.8,4657.8,0,0
2024-04-29,Ergonomic Office Chair,North,8,326.21,2609.68,0,0
2024-04-29,Ergonomic Office Chair,West,12,314.42,3773.04,0,0
2024-04-29,Ergonomic Office Chair,South,7,318.33,2228.31,0,0
2024-04-29,Ergonomic Office Chair,East,4,320.31,1281.24,0,0
2024-04-30,Laptop Pro 15,North,5,1196.92,5984.6,0,0
2024-04-30,Laptop Pro 15,West,7,1208.06,8456.42,0,0
2024-04-30,Laptop Pro 15,South,4,1179.42,4717.68,0,0
2024-04-30,Laptop Pro 15,East,4,1182.04,4728.16,0,0
2024-04-30,Smartphone Ultra,North,23,762.37,17534.51,0,0
2024-04-30,Smartphone Ultra,West,23,761.94,17524.62,0,0
2024-04-30,Smartphone Ultra,South,17,760.58,12929.86,0,0
2024-04-30,Smartphone Ultra,East,12,755.03,9060.36,0,0
2024-04-30,Wireless Noise-Canceling Headphones,North,35,176.98,6194.3,0,0
2024-04-30,Wireless Noise-Canceling Headphones,West,24,178.97,4295.28,0,0
2024-04-30,Wireless Noise-Canceling Headphones,South,16,178.46,2855.36,0,0
2024-04-30,Wireless Noise-Canceling Headphones,East,20,180.11,3602.2,0,0
2024-04-30,Smart Fitness Watch,North,24,223.26,5358.24,0,0
2024-04-30,Smart Fitness Watch,West,23,219.8,5055.4,0,0
2024-04-30,Smart Fitness Watch,South,25,224.2,5605.0,0,0
2024-04-30,Smart Fitness Watch,East,13,219.96,2859.48,0,0
2024-04-30,Ergonomic Office Chair,North,11,319.22,3511.42,0,0
2024-04-30,Ergonomic Office Chair,West,13,321.61,4180.93,0,0
2024-04-30,Ergonomic Office Chair,South,7,319.45,2236.15,0,0
2024-04-30,Ergonomic Office Chair,East,4,314.6,1258.4,0,0
2024-05-01,Laptop Pro 15,North,6,1184.86,7109.16,0,0
2024-05-01,Laptop Pro 15,West,2,1182.1,2364.2,0,0
2024-05-01,Laptop Pro 15,South,6,1188.1,7128.6,0,0
2024-05-01,Laptop Pro 15,East,6,1192.7,7156.2,0,0
2024-05-01,Smartphone Ultra,North,22,755.89,16629.58,0,0
2024-05-01,Smartphone Ultra,West,16,763.73,12219.68,0,0
2024-05-01,Smartphone Ultra,South,17,758.89,12901.13,0,0
2024-05-01,Smartphone Ultra,East,15,755.02,11325.3,0,0
2024-05-01,Wireless Noise-Canceling Headphones,North,21,176.81,3713.01,0,0
2024-05-01,Wireless Noise-Canceling Headphones,West,28,179.43,5024.04,0,0
2024-05-01,Wireless Noise-Canceling Headphones,South,29,176.62,5121.98,0,0
2024-05-01,Wireless Noise-Canceling Headphones,East,15,182.13,2731.95,0,0
2024-05-01,Smart Fitness Watch,North,21,217.6,4569.6,0,0
2024-05-01,Smart Fitness Watch,West,29,217.52,6308.08,0,0
2024-05-01,Smart Fitness Watch,South,18,221.64,3989.52,0,0
2024-05-01,Smart Fitness Watch,East,15,216.19,3242.85,0,0
2024-05-01,Ergonomic Office Chair,North,5,317.48,1587.4,0,0
2024-05-01,Ergonomic Office Chair,West,9,324.34,2919.06,0,0
2024-05-01,Ergonomic Office Chair,South,7,317.03,2219.21,0,0
2024-05-01,Ergonomic Office Chair,East,10,323.96,3239.6,0,0
2024-05-02,Laptop Pro 15,North,11,1187.77,13065.47,0,0
2024-05-02,Laptop Pro 15,West,3,1210.78,3632.34,0,0
2024-05-02,Laptop Pro 15,South,4,1185.76,4743.04,0,0
2024-05-02,Laptop Pro 15,East,3,1192.46,3577.38,0,0
2024-05-02,Smartphone Ultra,North,13,746.38,9702.94,0,0
2024-05-02,Smartphone Ultra,West,21,746.49,15676.29,0,0
2024-05-02,Smartphone Ultra,South,17,737.34,12534.78,0,0
2024-05-02,Smartphone Ultra,East,12,739.5,8874.0,0,0
2024-05-02,Wireless Noise-Canceling Headphones,North,36,177.16,6377.76,0,0
2024-05-02,Wireless Noise-Canceling Headphones,West,28,183.47,5137.16,0,0
2024-05-02,Wireless Noise-Canceling Headphones,South,18,177.85,3201.3,0,0
2024-05-02,Wireless Noise-Canceling Headphones,East,24,181.07,4345.68,0,0
2024-05-02,Smart Fitness Watch,North,20,219.73,4394.6,0,0
2024-05-02,Smart Fitness Watch,West,19,218.98,4160.62,0,0
2024-05-02,Smart Fitness Watch,South,22,223.55,4918.1,0,0
2024-05-02,Smart Fitness Watch,East,12,218.95,2627.4,0,0
2024-05-02,Ergonomic Office Chair,North,10,324.09,3240.9,0,0
2024-05-02,Ergonomic Office Chair,West,15,325.25,4878.75,0,0
2024-05-02,Ergonomic Office Chair,South,9,320.39,2883.51,0,0
2024-05-02,Ergonomic Office Chair,East,10,315.17,3151.7,0,0
2024-05-03,Laptop Pro 15,North,5,1186.01,5930.05,0,0
2024-05-03,Laptop Pro 15,West,5,1205.51,6027.55,0,0
2024-05-03,Laptop Pro 15,South,8,1178.34,9426.72,0,0
2024-05-03,Laptop Pro 15,East,5,1209.3,6046.5,0,0
2024-05-03,Smartphone Ultra,North,21,747.83,15704.43,0,0
2024-05-03,Smartphone Ultra,West,17,759.55,12912.35,0,0
2024-05-03,Smartphone Ultra,South,18,763.19,13737.42,0,0
2024-05-03,Smartphone Ultra,East,19,736.7,13997.3,0,0
2024-05-03,Wireless Noise-Canceling Headphones,North,47,178.2,8375.4,0,0
2024-05-03,Wireless Noise-Canceling Headphones,West,34,178.03,6053.02,0,0
2024-05-03,Wireless Noise-Canceling Headphones,South,20,176.74,3534.8,0,0
2024-05-03,Wireless Noise-Canceling Headphones,East,15,177.54,2663.1,0,0
2024-05-03,Smart Fitness Watch,North,27,220.56,5955.12,0,0
2024-05-03,Smart Fitness Watch,West,25,223.89,5597.25,0,0
2024-05-03,Smart Fitness Watch,South,24,223.84,5372.16,0,0
2024-05-03,Smart Fitness Watch,East,18,217.47,3914.46,0,0
2024-05-03,Ergonomic Office Chair,North,7,319.01,2233.07,0,0
2024-05-03,Ergonomic Office Chair,West,7,325.82,2280.74,0,0
2024-05-03,Ergonomic Office Chair,South,11,323.12,3554.32,0,0
2024-05-03,Ergonomic Office Chair,East,12,318.03,3816.36,0,0
2024-05-04,Laptop Pro 15,North,10,1204.83,12048.3,0,0
2024-05-04,Laptop Pro 15,West,20,1210.48,24209.6,0,0
2024-05-04,Laptop Pro 15,South,8,1183.64,9469.12,0,0
2024-05-04,Laptop Pro 15,East,6,1177.96,7067.76,0,0
2024-05-04,Smartphone Ultra,North,27,735.38,19855.26,0,0
2024-05-04,Smartphone Ultra,West,28,755.94,21166.32,0,0
2024-05-04,Smartphone Ultra,South,20,745.12,14902.4,0,0
2024-05-04,Smartphone Ultra,East,14,760.94,10653.16,0,0
2024-05-04,Wireless Noise-Canceling Headphones,North,43,182.98,7868.14,0,0
2024-05-04,Wireless Noise-Canceling Headphones,West,30,182.57,5477.1,0,0
2024-05-04,Wireless Noise-Canceling Headphones,South,33,179.09,5909.97,0,0
2024-05-04,Wireless Noise-Canceling Headphones,East,16,179.06,2864.96,0,0
2024-05-04,Smart Fitness Watch,North,21,215.64,4528.44,0,0
2024-05-04,Smart Fitness Watch,West,25,217.47,5436.75,0,0
2024-05-04,Smart Fitness Watch,South,15,222.88,3343.2,0,0
2024-05-04,Smart Fitness Watch,East,22,215.61,4743.42,0,0
2024-05-04,Ergonomic Office Chair,North,12,317.9,3814.8,0,0
2024-05-04,Ergonomic Office Chair,West,13,315.93,4107.09,0,0
2024-05-04,Ergonomic Office Chair,South,13,317.78,4131.14,0,0
2024-05-04,Ergonomic Office Chair,East,7,324.17,2269.19,0,0
2024-05-05,Laptop Pro 15,North,13,1205.47,15671.11,0,0
2024-05-05,Laptop Pro 15,West,9,1192.11,10728.99,0,0
2024-05-05,Laptop Pro 15,South,10,1209.77,12097.7,0,0
2024-05-05,Laptop Pro 15,East,9,1199.52,10795.68,0,0
2024-05-05,Smartphone Ultra,North,22,747.06,16435.32,0,0
2024-05-05,Smartphone Ultra,West,21,757.97,15917.37,0,0
2024-05-05,Smartphone Ultra,South,19,761.48,14468.12,0,0
2024-05-05,Smartphone Ultra,East,21,756.64,15889.44,0,0
2024-05-05,Wireless Noise-Canceling Headphones,North,33,179.32,5917.56,0,0
2024-05-05,Wireless Noise-Canceling Headphones,West,42,180.45,7578.9,0,0
2024-05-05,Wireless Noise-Canceling Headphones,South,36,180.67,6504.12,0,0
2024-05-05,Wireless Noise-Canceling Headphones,East,28,179.35,5021.8,0,0
2024-05-05,Smart Fitness Watch,North,27,221.76,5987.52,0,0
2024-05-05,Smart Fitness Watch,West,30,216.03,6480.9,0,0
2024-05-05,Smart Fitness Watch,South,26,215.99,5615.74,0,0
2024-05-05,Smart Fitness Watch,East,21,215.64,4528.44,0,0
2024-05-05,Ergonomic Office Chair,North,7,320.09,2240.63,0,0
2024-05-05,Ergonomic Office Chair,West,8,320.03,2560.24,0,0
2024-05-05,Ergonomic Office Chair,South,13,322.45,4191.85,0,0
2024-05-05,Ergonomic Office Chair,East,14,323.57,4529.98,0,0
2024-05-06,Laptop Pro 15,North,12,1195.13,14341.56,0,0
2024-05-06,Laptop Pro 15,West,7,1192.04,8344.28,0,0
2024-05-06,Laptop Pro 15,South,3,1180.96,3542.88,0,0
2024-05-06,Laptop Pro 15,East,6,1181.07,7086.42,0,0
2024-05-06,Smartphone Ultra,North,16,745.78,11932.48,0,0
2024-05-06,Smartphone Ultra,West,15,740.15,11102.25,0,0
2024-05-06,Smartphone Ultra,South,15,752.26,11283.9,0,0
2024-05-06,Smartphone Ultra,East,17,760.13,12922.21,0,0
2024-05-06,Wireless Noise-Canceling Headphones,North,36,179.63,6466.68,0,0
2024-05-06,Wireless Noise-Canceling Headphones,West,21,181.48,3811.08,0,0
2024-05-06,Wireless Noise-Canceling Headphones,South,21,180.43,3789.03,0,0
2024-05-06,Wireless Noise-Canceling Headphones,East,16,182.43,2918.88,0,0
2024-05-06,Smart Fitness Watch,North,22,222.38,4892.36,0,0
2024-05-06,Smart Fitness Watch,West,17,215.75,3667.75,0,0
2024-05-06,Smart Fitness Watch,South,22,218.26,4801.72,0,0
2024-05-06,Smart Fitness Watch,East,18,220.67,3972.06,0,0
2024-05-06,Ergonomic Office Chair,North,15,315.91,4738.65,0,0
2024-05-06,Ergonomic Office Chair,West,9,323.67,2913.03,0,0
2024-05-06,Ergonomic Office Chair,South,7,321.68,2251.76,0,0
2024-05-06,Ergonomic Office Chair,East,5,326.13,1630.65,0,0
2024-05-07,Laptop Pro 15,North,14,1180.57,16527.98,0,0
2024-05-07,Laptop Pro 15,West,8,1189.88,9519.04,0,0
2024-05-07,Laptop Pro 15,South,4,1222.97,4891.88,0,0
2024-05-07,Laptop Pro 15,East,2,1208.13,2416.26,0,0
2024-05-07,Smartphone Ultra,North,15,745.13,11176.95,0,0
2024-05-07,Smartphone Ultra,West,11,753.37,8287.07,0,0
2024-05-07,Smartphone Ultra,South,13,739.06,9607.78,0,0
2024-05-07,Smartphone Ultra,East,23,751.49,17284.27,0,0
2024-05-07,Wireless Noise-Canceling Headphones,North,31,180.34,5590.54,0,0
2024-05-07,Wireless Noise-Canceling Headphones,West,31,178.67,5538.77,0,0
2024-05-07,Wireless Noise-Canceling Headphones,South,19,180.87,3436.53,0,0
2024-05-07,Wireless Noise-Canceling Headphones,East,26,176.6,4591.6,0,0
2024-05-07,Smart Fitness Watch,North,21,219.98,4619.58,0,0
2024-05-07,Smart Fitness Watch,West,21,221.91,4660.11,0,0
2024-05-07,Smart Fitness Watch,South,13,219.11,2848.43,0,0
2024-05-07,Smart Fitness Watch,East,15,220.68,3310.2,0,0
2024-05-07,Ergonomic Office Chair,North,10,321.6,3216.0,0,0
2024-05-07,Ergonomic Office Chair,West,8,319.16,2553.28,0,0
2024-05-07,Ergonomic Office Chair,South,6,324.59,1947.54,0,0
2024-05-07,Ergonomic Office Chair,East,7,325.27,2276.89,0,0
2024-05-08,Laptop Pro 15,North,4,1222.07,4888.28,0,0
2024-05-08,Laptop Pro 15,West,10,1209.47,12094.7,0,0
2024-05-08,Laptop Pro 15,South,7,1207.17,8450.19,0,0
2024-05-08,Laptop Pro 15,East,4,1177.57,4710.28,0,0
2024-05-08,Smartphone Ultra,North,22,737.15,16217.3,0,0
2024-05-08,Smartphone Ultra,West,19,758.78,14416.82,0,0
2024-05-08,Smartphone Ultra,South,12,745.32,8943.84,0,0
2024-05-08,Smartphone Ultra,East,16,743.53,11896.48,0,0
2024-05-08,Wireless Noise-Canceling Headphones,North,31,183.28,5681.68,0,0
2024-05-08,Wireless Noise-Canceling Headphones,West,25,180.3,4507.5,0,0
2024-05-08,Wireless Noise-Canceling Headphones,South,20,177.75,3555.0,0,0
2024-05-08,Wireless Noise-Canceling Headphones,East,27,181.98,4913.46,0,0
2024-05-08,Smart Fitness Watch,North,24,223.42,5362.08,0,0
2024-05-08,Smart Fitness Watch,West,21,222.56,4673.76,0,0
2024-05-08,Smart Fitness Watch,South,23,217.86,5010.78,0,0
2024-05-08,Smart Fitness Watch,East,18,216.21,3891.78,0,0
2024-05-08,Ergonomic Office Chair,North,6,316.78,1900.68,0,0
2024-05-08,Ergonomic Office Chair,West,13,319.0,4147.0,0,0
2024-05-08,Ergonomic Office Chair,South,11,314.33,3457.63,0,0
2024-05-08,Ergonomic Office Chair,East,3,321.78,965.34,0,0
2024-05-09,Laptop Pro 15,North,6,1192.31,7153.86,0,0
2024-05-09,Laptop Pro 15,West,6,1198.05,7188.3,0,0
2024-05-09,Laptop Pro 15,South,8,1212.19,9697.52,0,0
2024-05-09,Laptop Pro 15,East,10,1176.92,11769.2,0,0
2024-05-09,Smartphone Ultra,North,27,746.33,20150.91,0,0
2024-05-09,Smartphone Ultra,West,17,752.71,12796.07,0,0
2024-05-09,Smartphone Ultra,South,19,757.29,14388.51,0,0
2024-05-09,Smartphone Ultra,East,15,744.76,11171.4,0,0
2024-05-09,Wireless Noise-Canceling Headphones,North,37,179.1,6626.7,0,0
2024-05-09,Wireless Noise-Canceling Headphones,West,29,179.69,5211.01,0,0
2024-05-09,Wireless Noise-Canceling Headphones,South,20,177.38,3547.6,0,0
2024-05-09,Wireless Noise-Canceling Headphones,East,15,183.48,2752.2,0,0
2024-05-09,Smart Fitness Watch,North,22,218.66,4810.52,0,0
2024-05-09,Smart Fitness Watch,West,23,218.62,5028.26,0,0
2024-05-09,Smart Fitness Watch,South,16,220.48,3527.68,0,0
2024-05-09,Smart Fitness Watch,East,19,222.28,4223.32,0,0
2024-05-09,Ergonomic Office Chair,North,9,319.56,2876.04,0,0
2024-05-09,Ergonomic Office Chair,West,11,316.43,3480.73,0,0
2024-05-09,Ergonomic Office Chair,South,7,319.75,2238.25,0,0
2024-05-09,Ergonomic Office Chair,East,9,314.34,2829.06,0,0
2024-05-10,Laptop Pro 15,North,6,1197.54,7185.24,0,0
2024-05-10,Laptop Pro 15,West,8,1186.55,9492.4,0,0
2024-05-10,Laptop Pro 15,South,4,1183.44,4733.76,0,0
2024-05-10,Laptop Pro 15,East,10,1207.95,12079.5,0,0
2024-05-10,Smartphone Ultra,North,21,756.98,15896.58,0,0
2024-05-10,Smartphone Ultra,West,22,747.31,16440.82,0,0
2024-05-10,Smartphone Ultra,South,21,746.24,15671.04,0,0
2024-05-10,Smartphone Ultra,East,11,758.19,8340.09,0,0
2024-05-10,Wireless Noise-Canceling Headphones,North,26,182.95,4756.7,0,0
2024-05-10,Wireless Noise-Canceling Headphones,West,40,179.5,7180.0,0,0
2024-05-10,Wireless Noise-Canceling Headphones,South,29,178.23,5168.67,0,0
2024-05-10,Wireless Noise-Canceling Headphones,East,23,177.89,4091.47,0,0
2024-05-10,Smart Fitness Watch,North,26,219.57,5708.82,0,0
2024-05-10,Smart Fitness Watch,West,20,216.4,4328.0,0,0
2024-05-10,Smart Fitness Watch,South,19,216.69,4117.11,0,0
2024-05-10,Smart Fitness Watch,East,25,217.09,5427.25,0,0
2024-05-10,Ergonomic Office Chair,North,18,316.62,5699.16,0,0
2024-05-10,Ergonomic Office Chair,West,6,320.91,1925.46,0,0
2024-05-10,Ergonomic Office Chair,South,7,321.45,2250.15,0,0
2024-05-10,Ergonomic Office Chair,East,7,316.74,2217.18,0,0
2024-05-11,Laptop Pro 15,North,7,1194.74,8363.18,0,0
2024-05-11,Laptop Pro 15,West,7,1177.71,8243.97,0,0
2024-05-11,Laptop Pro 15,South,12,1201.59,14419.08,0,0
2024-05-11,Laptop Pro 15,East,6,1178.36,7070.16,0,0
2024-05-11,Smartphone Ultra,North,21,751.54,15782.34,0,0
2024-05-11,Smartphone Ultra,West,31,741.56,22988.36,0,0
2024-05-11,Smartphone Ultra,South,16,754.37,12069.92,0,0
2024-05-11,Smartphone Ultra,East,21,752.52,15802.92,0,0
2024-05-11,Wireless Noise-Canceling Headphones,North,42,182.59,7668.78,0,0
2024-05-11,Wireless Noise-Canceling Headphones,West,33,177.17,5846.61,0,0
2024-05-11,Wireless Noise-Canceling Headphones,South,33,176.49,5824.17,0,0
2024-05-11,Wireless Noise-Canceling Headphones,East,21,179.1,3761.1,0,0
2024-05-11,Smart Fitness Watch,North,26,219.25,5700.5,0,0
2024-05-11,Smart Fitness Watch,West,22,220.56,4852.32,0,0
2024-05-11,Smart Fitness Watch,South,17,219.92,3738.64,0,0
2024-05-11,Smart Fitness Watch,East,19,219.96,4179.24,0,0
2024-05-11,Ergonomic Office Chair,North,18,323.81,5828.58,0,0
2024-05-11,Ergonomic Office Chair,West,11,315.76,3473.36,0,0
2024-05-11,Ergonomic Office Chair,South,5,319.52,1597.6,0,0
2024-05-11,Ergonomic Office Chair,East,7,319.98,2239.86,0,0
2024-05-12,Laptop Pro 15,North,13,1189.5,15463.5,0,0
2024-05-12,Laptop Pro 15,West,4,1206.05,4824.2,0,0
2024-05-12,Laptop Pro 15,South,5,1212.81,6064.05,0,0
2024-05-12,Laptop Pro 15,East,7,1209.1,8463.7,0,0
2024-05-12,Smartphone Ultra,North,21,753.7,15827.7,0,0
2024-05-12,Smartphone Ultra,West,17,735.48,12503.16,0,0
2024-05-12,Smartphone Ultra,South,19,747.5,14202.5,0,0
2024-05-12,Smartphone Ultra,East,16,737.75,11804.0,0,0
2024-05-12,Wireless Noise-Canceling Headphones,North,32,179.26,5736.32,0,0
2024-05-12,Wireless Noise-Canceling Headphones,West,49,180.03,8821.47,0,0
2024-05-12,Wireless Noise-Canceling Headphones,South,45,180.01,8100.45,0,0
2024-05-12,Wireless Noise-Canceling Headphones,East,26,179.22,4659.72,0,0
2024-05-12,Smart Fitness Watch,North,32,220.25,7048.0,0,0
2024-05-12,Smart Fitness Watch,West,35,217.62,7616.7,0,0
2024-05-12,Smart Fitness Watch,South,28,224.07,6273.96,0,0
2024-05-12,Smart Fitness Watch,East,13,222.12,2887.56,0,0
2024-05-12,Ergonomic Office Chair,North,15,319.64,4794.6,0,0
2024-05-12,Ergonomic Office Chair,West,5,321.82,1609.1,0,0
2024-05-12,Ergonomic Office Chair,South,12,316.84,3802.08,0,0
2024-05-12,Ergonomic Office Chair,East,7,321.12,2247.84,0,0
2024-05-13,Laptop Pro 15,North,7,1215.83,8510.81,0,0
2024-05-13,Laptop Pro 15,West,7,1183.96,8287.72,0,0
2024-05-13,Laptop Pro 15,South,8,1197.11,9576.88,0,0
2024-05-13,Laptop Pro 15,East,3,1222.55,3667.65,0,0
2024-05-13,Smartphone Ultra,North,20,757.64,15152.8,0,0
2024-05-13,Smartphone Ultra,West,18,749.34,13488.12,0,0
2024-05-13,Smartphone Ultra,South,12,745.82,8949.84,0,0
2024-05-13,Smartphone Ultra,East,11,742.43,8166.73,0,0
2024-05-13,Wireless Noise-Canceling Headphones,North,30,179.32,5379.6,0,0
2024-05-13,Wireless Noise-Canceling Headphones,West,24,182.71,4385.04,0,0
2024-05-13,Wireless Noise-Canceling Headphones,South,21,183.42,3851.82,0,0
2024-05-13,Wireless Noise-Canceling Headphones,East,18,178.43,3211.74,0,0
2024-05-13,Smart Fitness Watch,North,35,223.82,7833.7,0,0
2024-05-13,Smart Fitness Watch,West,14,216.42,3029.88,0,0
2024-05-13,Smart Fitness Watch,South,14,219.42,3071.88,0,0
2024-05-13,Smart Fitness Watch,East,7,221.23,1548.61,0,0
2024-05-13,Ergonomic Office Chair,North,9,319.0,2871.0,0,0
2024-05-13,Ergonomic Office Chair,West,9,321.31,2891.79,0,0
2024-05-13,Ergonomic Office Chair,South,11,324.51,3569.61,0,0
2024-05-13,Ergonomic Office Chair,East,4,325.42,1301.68,0,0
2024-05-14,Laptop Pro 15,North,11,1187.34,13060.74,0,0
2024-05-14,Laptop Pro 15,West,6,1218.55,7311.3,0,0
2024-05-14,Laptop Pro 15,South,7,1210.95,8476.65,0,0
2024-05-14,Laptop Pro 15,East,2,1187.44,2374.88,0,0
2024-05-14,Smartphone Ultra,North,18,745.32,13415.76,0,0
2024-05-14,Smartphone Ultra,West,17,748.82,12729.94,0,0
2024-05-14,Smartphone Ultra,South,20,763.23,15264.6,0,0
2024-05-14,Smartphone Ultra,East,8,754.7,6037.6,0,0
2024-05-14,Wireless Noise-Canceling Headphones,North,26,182.89,4755.14,0,0
2024-05-14,Wireless Noise-Canceling Headphones,West,29,181.99,5277.71,0,0
2024-05-14,Wireless Noise-Canceling Headphones,South,16,177.12,2833.92,0,0
2024-05-14,Wireless Noise-Canceling Headphones,East,16,182.89,2926.24,0,0
2024-05-14,Smart Fitness Watch,North,18,219.94,3958.92,0,0
2024-05-14,Smart Fitness Watch,West,20,223.62,4472.4,0,0
2024-05-14,Smart Fitness Watch,South,16,223.47,3575.52,0,0
2024-05-14,Smart Fitness Watch,East,15,219.78,3296.7,0,0
2024-05-14,Ergonomic Office Chair,North,10,315.13,3151.3,0,0
2024-05-14,Ergonomic Office Chair,West,12,319.46,3833.52,0,0
2024-05-14,Ergonomic Office Chair,South,6,318.55,1911.3,0,0
2024-05-14,Ergonomic Office Chair,East,6,317.25,1903.5,0,0
2024-05-15,Laptop Pro 15,North,11,1223.32,13456.52,0,0
2024-05-15,Laptop Pro 15,West,6,1211.26,7267.56,0,0
2024-05-15,Laptop Pro 15,South,5,1177.6,5888.0,0,0
2024-05-15,Laptop Pro 15,East,6,1190.15,7140.9,0,0
2024-05-15,Smartphone Ultra,North,25,758.8,18970.0,0,0
2024-05-15,Smartphone Ultra,West,13,738.82,9604.66,0,0
2024-05-15,Smartphone Ultra,South,14,751.48,10520.72,0,0
2024-05-15,Smartphone Ultra,East,10,761.57,7615.7,0,0
2024-05-15,Wireless Noise-Canceling Headphones,North,23,180.81,4158.63,0,0
2024-05-15,Wireless Noise-Canceling Headphones,West,25,178.25,4456.25,0,0
2024-05-15,Wireless Noise-Canceling Headphones,South,26,178.47,4640.22,0,0
2024-05-15,Wireless Noise-Canceling Headphones,East,24,176.87,4244.88,0,0
2024-05-15,Smart Fitness Watch,North,19,217.1,4124.9,0,0
2024-05-15,Smart Fitness Watch,West,18,224.09,4033.62,0,0
2024-05-15,Smart Fitness Watch,South,20,219.03,4380.6,0,0
2024-05-15,Smart Fitness Watch,East,2,222.62,445.24,0,0
2024-05-15,Ergonomic Office Chair,North,8,326.0,2608.0,0,0
2024-05-15,Ergonomic Office Chair,West,10,320.92,3209.2,0,0
2024-05-15,Ergonomic Office Chair,South,11,314.48,3459.28,0,0
2024-05-15,Ergonomic Office Chair,East,6,322.18,1933.08,0,0
2024-05-16,Laptop Pro 15,North,10,1178.24,11782.4,0,0
2024-05-16,Laptop Pro 15,West,11,1180.82,12989.02,0,0
2024-05-16,Laptop Pro 15,South,4,1223.36,4893.44,0,0
2024-05-16,Laptop Pro 15,East,5,1192.08,5960.4,0,0
2024-05-16,Smartphone Ultra,North,14,763.42,10687.88,0,0
2024-05-16,Smartphone Ultra,West,17,754.22,12821.74,0,0
2024-05-16,Smartphone Ultra,South,16,746.46,11943.36,0,0
2024-05-16,Smartphone Ultra,East,9,747.56,6728.04,0,0
2024-05-16,Wireless Noise-Canceling Headphones,North,29,179.32,5200.28,0,0
2024-05-16,Wireless Noise-Canceling Headphones,West,29,179.33,5200.57,0,0
2024-05-16,Wireless Noise-Canceling Headphones,South,19,177.8,3378.2,0,0
2024-05-16,Wireless Noise-Canceling Headphones,East,27,183.0,4941.0,0,0
2024-05-16,Smart Fitness Watch,North,24,223.81,5371.44,0,0
2024-05-16,Smart Fitness Watch,West,25,219.72,5493.0,0,0
2024-05-16,Smart Fitness Watch,South,12,221.51,2658.12,0,0
2024-05-16,Smart Fitness Watch,East,19,223.68,4249.92,0,0
2024-05-16,Ergonomic Office Chair,North,9,325.03,2925.27,0,0
2024-05-16,Ergonomic Office Chair,West,9,323.78,2914.02,0,0
2024-05-16,Ergonomic Office Chair,South,6,316.11,1896.66,0,0
2024-05-16,Ergonomic Office Chair,East,7,323.0,2261.0,0,0
2024-05-17,Laptop Pro 15,North,4,1178.69,4714.76,0,0
2024-05-17,Laptop Pro 15,West,8,1196.06,9568.48,0,0
2024-05-17,Laptop Pro 15,South,7,1193.72,8356.04,0,0
2024-05-17,Laptop Pro 15,East,7,1220.87,8546.09,0,0
2024-05-17,Smartphone Ultra,North,21,745.97,15665.37,0,0
2024-05-17,Smartphone Ultra,West,16,735.96,11775.36,0,0
2024-05-17,Smartphone Ultra,South,14,736.35,10308.9,0,0
2024-05-17,Smartphone Ultra,East,10,747.48,7474.8,0,0
2024-05-17,Wireless Noise-Canceling Headphones,North,36,177.42,6387.12,0,0
2024-05-17,Wireless Noise-Canceling Headphones,West,45,181.74,8178.3,0,0
2024-05-17,Wireless Noise-Canceling Headphones,South,32,180.43,5773.76,0,0
2024-05-17,Wireless Noise-Canceling Headphones,East,26,181.23,4711.98,0,0
2024-05-17,Smart Fitness Watch,North,30,215.73,6471.9,0,0
2024-05-17,Smart Fitness Watch,West,22,216.97,4773.34,0,0
2024-05-17,Smart Fitness Watch,South,19,223.83,4252.77,0,0
2024-05-17,Smart Fitness Watch,East,20,215.69,4313.8,0,0
2024-05-17,Ergonomic Office Chair,North,6,318.59,1911.54,0,0
2024-05-17,Ergonomic Office Chair,West,8,326.07,2608.56,0,0
2024-05-17,Ergonomic Office Chair,South,7,326.18,2283.26,0,0
2024-05-17,Ergonomic Office Chair,East,10,323.76,3237.6,0,0
2024-05-18,Laptop Pro 15,North,8,1181.08,9448.64,0,0
2024-05-18,Laptop Pro 15,West,10,1206.28,12062.8,0,0
2024-05-18,Laptop Pro 15,South,3,1203.03,3609.09,0,0
2024-05-18,Laptop Pro 15,East,5,1197.46,5987.3,0,0
2024-05-18,Smartphone Ultra,North,25,749.56,18739.0,0,0
2024-05-18,Smartphone Ultra,West,33,758.47,25029.51,0,0
2024-05-18,Smartphone Ultra,South,22,739.41,16267.02,0,0
2024-05-18,Smartphone Ultra,East,17,761.2,12940.4,0,0
2024-05-18,Wireless Noise-Canceling Headphones,North,37,183.42,6786.54,0,0
2024-05-18,Wireless Noise-Canceling Headphones,West,38,182.41,6931.58,0,0
2024-05-18,Wireless Noise-Canceling Headphones,South,33,177.84,5868.72,0,0
2024-05-18,Wireless Noise-Canceling Headphones,East,30,177.11,5313.3,0,0
2024-05-18,Smart Fitness Watch,North,42,221.57,9305.94,0,0
2024-05-18,Smart Fitness Watch,West,38,217.69,8272.22,0,0
2024-05-18,Smart Fitness Watch,South,24,222.28,5334.72,0,0
2024-05-18,Smart Fitness Watch,East,12,217.09,2605.08,0,0
2024-05-18,Ergonomic Office Chair,North,15,323.92,4858.8,0,0
2024-05-18,Ergonomic Office Chair,West,13,320.48,4166.24,0,0
2024-05-18,Ergonomic Office Chair,South,11,317.22,3489.42,0,0
2024-05-18,Ergonomic Office Chair,East,14,319.75,4476.5,0,0
2024-05-19,Laptop Pro 15,North,7,1197.23,8380.61,0,0
2024-05-19,Laptop Pro 15,West,10,1202.29,12022.9,0,0
2024-05-19,Laptop Pro 15,South,7,1212.93,8490.51,0,0
2024-05-19,Laptop Pro 15,East,10,1189.28,11892.8,0,0
2024-05-19,Smartphone Ultra,North,36,761.6,27417.6,0,0
2024-05-19,Smartphone Ultra,West,24,735.17,17644.08,0,0
2024-05-19,Smartphone Ultra,South,27,742.21,20039.67,0,0
2024-05-19,Smartphone Ultra,East,15,747.73,11215.95,0,0
2024-05-19,Wireless Noise-Canceling Headphones,North,38,182.27,6926.26,0,0
2024-05-19,Wireless Noise-Canceling Headphones,West,30,177.43,5322.9,0,0
2024-05-19,Wireless Noise-Canceling Headphones,South,40,180.86,7234.4,0,0
2024-05-19,Wireless Noise-Canceling Headphones,East,22,183.41,4035.02,0,0
2024-05-19,Smart Fitness Watch,North,15,224.05,3360.75,0,0
2024-05-19,Smart Fitness Watch,West,32,218.8,7001.6,0,0
2024-05-19,Smart Fitness Watch,South,25,223.01,5575.25,0,0
2024-05-19,Smart Fitness Watch,East,13,219.8,2857.4,0,0
2024-05-19,Ergonomic Office Chair,North,14,319.37,4471.18,0,0
2024-05-19,Ergonomic Office Chair,West,9,316.03,2844.27,0,0
2024-05-19,Ergonomic Office Chair,South,5,326.15,1630.75,0,0
2024-05-19,Ergonomic Office Chair,East,5,316.45,1582.25,0,0
2024-05-20,Laptop Pro 15,North,6,1206.77,7240.62,0,0
2024-05-20,Laptop Pro 15,West,16,1198.77,19180.32,0,0
2024-05-20,Laptop Pro 15,South,5,1202.89,6014.45,0,0
2024-05-20,Laptop Pro 15,East,4,1191.28,4765.12,0,0
2024-05-20,Smartphone Ultra,North,24,760.0,18240.0,0,0
2024-05-20,Smartphone Ultra,West,19,753.06,14308.14,0,0
2024-05-20,Smartphone Ultra,South,14,762.22,10671.08,0,0
2024-05-20,Smartphone Ultra,East,10,744.29,7442.9,0,0
2024-05-20,Wireless Noise-Canceling Headphones,North,27,181.29,4894.83,0,0
2024-05-20,Wireless Noise-Canceling Headphones,West,25,182.25,4556.25,0,0
2024-05-20,Wireless Noise-Canceling Headphones,South,19,182.99,3476.81,0,0
2024-05-20,Wireless Noise-Canceling Headphones,East,17,181.57,3086.69,0,0
2024-05-20,Smart Fitness Watch,North,31,223.06,6914.86,0,0
2024-05-20,Smart Fitness Watch,West,20,219.84,4396.8,0,0
2024-05-20,Smart Fitness Watch,South,31,217.93,6755.83,0,0
2024-05-20,Smart Fitness Watch,East,16,218.1,3489.6,0,0
2024-05-20,Ergonomic Office Chair,North,8,323.93,2591.44,0,0
2024-05-20,Ergonomic Office Chair,West,8,316.7,2533.6,0,0
2024-05-20,Ergonomic Office Chair,South,9,316.33,2846.97,0,0
2024-05-20,Ergonomic Office Chair,East,3,323.26,969.78,0,0
2024-05-21,Laptop Pro 15,North,12,1189.3,14271.6,0,0
2024-05-21,Laptop Pro 15,West,12,1201.02,14412.24,0,0
2024-05-21,Laptop Pro 15,South,2,1176.24,2352.48,0,0
2024-05-21,Laptop Pro 15,East,5,1207.85,6039.25,0,0
2024-05-21,Smartphone Ultra,North,25,744.42,18610.5,0,0
2024-05-21,Smartphone Ultra,West,19,747.07,14194.33,0,0
2024-05-21,Smartphone Ultra,South,12,755.38,9064.56,0,0
2024-05-21,Smartphone Ultra,East,19,735.3,13970.7,0,0
2024-05-21,Wireless Noise-Canceling Headphones,North,39,182.94,7134.66,0,0
2024-05-21,Wireless Noise-Canceling Headphones,West,43,181.45,7802.35,0,0
2024-05-21,Wireless Noise-Canceling Headphones,South,26,177.5,4615.0,0,0
2024-05-21,Wireless Noise-Canceling Headphones,East,19,182.24,3462.56,0,0
2024-05-21,Smart Fitness Watch,North,20,219.17,4383.4,0,0
2024-05-21,Smart Fitness Watch,West,21,220.38,4627.98,0,0
2024-05-21,Smart Fitness Watch,South,14,220.6,3088.4,0,0
2024-05-21,Smart Fitness Watch,East,18,221.06,3979.08,0,0
2024-05-21,Ergonomic Office Chair,North,13,326.06,4238.78,0,0
2024-05-21,Ergonomic Office Chair,West,8,317.53,2540.24,0,0
2024-05-21,Ergonomic Office Chair,South,9,321.53,2893.77,0,0
2024-05-21,Ergonomic Office Chair,East,8,325.48,2603.84,0,0
2024-05-22,Laptop Pro 15,North,15,1182.38,17735.7,0,0
2024-05-22,Laptop Pro 15,West,8,1211.81,9694.48,0,0
2024-05-22,Laptop Pro 15,South,9,1223.79,11014.11,0,0
2024-05-22,Laptop Pro 15,East,5,1194.56,5972.8,0,0
2024-05-22,Smartphone Ultra,North,19,755.68,14357.92,0,0
2024-05-22,Smartphone Ultra,West,20,743.95,14879.0,0,0
2024-05-22,Smartphone Ultra,South,19,764.09,14517.71,0,0
2024-05-22,Smartphone Ultra,East,15,749.33,11239.95,0,0
2024-05-22,Wireless Noise-Canceling Headphones,North,33,182.89,6035.37,0,0
2024-05-22,Wireless Noise-Canceling Headphones,West,33,182.98,6038.34,0,0
2024-05-22,Wireless Noise-Canceling Headphones,South,23,182.04,4186.92,0,0
2024-05-22,Wireless Noise-Canceling Headphones,East,23,178.27,4100.21,0,0
2024-05-22,Smart Fitness Watch,North,22,221.15,4865.3,0,0
2024-05-22,Smart Fitness Watch,West,23,219.79,5055.17,0,0
2024-05-22,Smart Fitness Watch,South,19,216.99,4122.81,0,0
2024-05-22,Smart Fitness Watch,East,17,216.17,3674.89,0,0
2024-05-22,Ergonomic Office Chair,North,6,318.09,1908.54,0,0
2024-05-22,Ergonomic Office Chair,West,5,319.51,1597.55,0,0
2024-05-22,Ergonomic Office Chair,South,4,316.41,1265.64,0,0
2024-05-22,Ergonomic Office Chair,East,4,313.75,1255.0,0,0
2024-05-23,Laptop Pro 15,North,9,1220.08,10980.72,0,0
2024-05-23,Laptop Pro 15,West,5,1201.43,6007.15,0,0
2024-05-23,Laptop Pro 15,South,9,1195.33,10757.97,0,0
2024-05-23,Laptop Pro 15,East,6,1178.25,7069.5,0,0
2024-05-23,Smartphone Ultra,North,24,755.41,18129.84,0,0
2024-05-23,Smartphone Ultra,West,15,753.27,11299.05,0,0
2024-05-23,Smartphone Ultra,South,18,747.01,13446.18,0,0
2024-05-23,Smartphone Ultra,East,21,764.59,16056.39,0,0
2024-05-23,Wireless Noise-Canceling Headphones,North,37,176.47,6529.39,0,0
2024-05-23,Wireless Noise-Canceling Headphones,West,25,181.1,4527.5,0,0
2024-05-23,Wireless Noise-Canceling Headphones,South,23,181.17,4166.91,0,0
2024-05-23,Wireless Noise-Canceling Headphones,East,19,178.58,3393.02,0,0
2024-05-23,Smart Fitness Watch,North,13,215.62,2803.06,0,0
2024-05-23,Smart Fitness Watch,West,26,220.62,5736.12,0,0
2024-05-23,Smart Fitness Watch,South,20,220.58,4411.6,0,0
2024-05-23,Smart Fitness Watch,East,20,222.68,4453.6,0,0
2024-05-23,Ergonomic Office Chair,North,8,316.94,2535.52,0,0
2024-05-23,Ergonomic Office Chair,West,9,325.01,2925.09,0,0
2024-05-23,Ergonomic Office Chair,South,4,316.12,1264.48,0,0
2024-05-23,Ergonomic Office Chair,East,5,326.11,1630.55,0,0
2024-05-24,Laptop Pro 15,North,6,1196.25,7177.5,0,0
2024-05-24,Laptop Pro 15,West,8,1180.48,9443.84,0,0
2024-05-24,Laptop Pro 15,South,3,1192.84,3578.52,0,0
2024-05-24,Laptop Pro 15,East,11,1180.99,12990.89,0,0
2024-05-24,Smartphone Ultra,North,22,743.95,16366.9,0,0
2024-05-24,Smartphone Ultra,West,17,745.22,12668.74,0,0
2024-05-24,Smartphone Ultra,South,19,747.91,14210.29,0,0
2024-05-24,Smartphone Ultra,East,11,737.81,8115.91,0,0
2024-05-24,Wireless Noise-Canceling Headphones,North,41,180.51,7400.91,0,0
2024-05-24,Wireless Noise-Canceling Headphones,West,35,182.46,6386.1,0,0
2024-05-24,Wireless Noise-Canceling Headphones,South,25,176.41,4410.25,0,0
2024-05-24,Wireless Noise-Canceling Headphones,East,27,177.69,4797.63,0,0
2024-05-24,Smart Fitness Watch,North,25,220.93,5523.25,0,0
2024-05-24,Smart Fitness Watch,West,25,218.36,5459.0,0,0
2024-05-24,Smart Fitness Watch,South,27,215.62,5821.74,0,0
2024-05-24,Smart Fitness Watch,East,18,222.69,4008.42,0,0
2024-05-24,Ergonomic Office Chair,North,9,324.13,2917.17,0,0
2024-05-24,Ergonomic Office Chair,West,11,320.92,3530.12,0,0
2024-05-24,Ergonomic Office Chair,South,7,326.02,2282.14,0,0
2024-05-24,Ergonomic Office Chair,East,11,317.91,3497.01,0,0
2024-05-25,Laptop Pro 15,North,10,1185.38,11853.8,0,0
2024-05-25,Laptop Pro 15,West,11,1199.94,13199.34,0,0
2024-05-25,Laptop Pro 15,South,12,1208.03,14496.36,0,0
2024-05-25,Laptop Pro 15,East,9,1202.53,10822.77,0,0
2024-05-25,Smartphone Ultra,North,21,737.93,15496.53,0,0
2024-05-25,Smartphone Ultra,West,16,748.5,11976.0,0,0
2024-05-25,Smartphone Ultra,South,21,764.49,16054.29,0,0
2024-05-25,Smartphone Ultra,East,21,743.81,15620.01,0,0
2024-05-25,Wireless Noise-Canceling Headphones,North,38,182.06,6918.28,0,0
2024-05-25,Wireless Noise-Canceling Headphones,West,37,180.24,6668.88,0,0
2024-05-25,Wireless Noise-Canceling Headphones,South,30,182.02,5460.6,0,0
2024-05-25,Wireless Noise-Canceling Headphones,East,36,180.76,6507.36,0,0
2024-05-25,Smart Fitness Watch,North,32,221.71,7094.72,0,0
2024-05-25,Smart Fitness Watch,West,36,219.02,7884.72,0,0
2024-05-25,Smart Fitness Watch,South,21,217.19,4560.99,0,0
2024-05-25,Smart Fitness Watch,East,17,220.08,3741.36,0,0
2024-05-25,Ergonomic Office Chair,North,8,321.06,2568.48,0,0
2024-05-25,Ergonomic Office Chair,West,16,321.4,5142.4,0,0
2024-05-25,Ergonomic Office Chair,South,8,321.3,2570.4,0,0
2024-05-25,Ergonomic Office Chair,East,6,313.68,1882.08,0,0
2024-05-26,Laptop Pro 15,North,17,1213.6,20631.2,0,0
2024-05-26,Laptop Pro 15,West,10,1197.39,11973.9,0,0
2024-05-26,Laptop Pro 15,South,3,1215.03,3645.09,0,0
2024-05-26,Laptop Pro 15,East,13,1219.84,15857.92,0,0
2024-05-26,Smartphone Ultra,North,32,750.35,24011.2,0,0
2024-05-26,Smartphone Ultra,West,20,735.25,14705.0,0,0
2024-05-26,Smartphone Ultra,South,20,753.55,15071.0,0,0
2024-05-26,Smartphone Ultra,East,19,743.6,14128.4,0,0
2024-05-26,Wireless Noise-Canceling Headphones,North,45,178.78,8045.1,0,0
2024-05-26,Wireless Noise-Canceling Headphones,West,37,179.01,6623.37,0,0
2024-05-26,Wireless Noise-Canceling Headphones,South,33,177.32,5851.56,0,0
2024-05-26,Wireless Noise-Canceling Headphones,East,23,179.71,4133.33,0,0
2024-05-26,Smart Fitness Watch,North,28,217.14,6079.92,0,0
2024-05-26,Smart Fitness Watch,West,25,218.76,5469.0,0,0
2024-05-26,Smart Fitness Watch,South,25,216.98,5424.5,0,0
2024-05-26,Smart Fitness Watch,East,19,223.37,4244.03,0,0
2024-05-26,Ergonomic Office Chair,North,21,322.8,6778.8,0,0
2024-05-26,Ergonomic Office Chair,West,19,317.64,6035.16,0,0
2024-05-26,Ergonomic Office Chair,South,6,315.64,1893.84,0,0
2024-05-26,Ergonomic Office Chair,East,12,318.25,3819.0,0,0
2024-05-27,Laptop Pro 15,North,8,1191.13,9529.04,0,0
2024-05-27,Laptop Pro 15,West,5,1207.73,6038.65,0,0
2024-05-27,Laptop Pro 15,South,2,1208.0,2416.0,0,0
2024-05-27,Laptop Pro 15,East,6,1208.9,7253.4,0,0
2024-05-27,Smartphone Ultra,North,20,740.49,14809.8,0,0
2024-05-27,Smartphone Ultra,West,17,761.97,12953.49,0,0
2024-05-27,Smartphone Ultra,South,11,743.34,8176.74,0,0
2024-05-27,Smartphone Ultra,East,22,756.26,16637.72,0,0
2024-05-27,Wireless Noise-Canceling Headphones,North,32,179.17,5733.44,0,0
2024-05-27,Wireless Noise-Canceling Headphones,West,26,180.11,4682.86,0,0
2024-05-27,Wireless Noise-Canceling Headphones,South,27,182.31,4922.37,0,0
2024-05-27,Wireless Noise-Canceling Headphones,East,27,182.13,4917.51,0,0
2024-05-27,Smart Fitness Watch,North,24,221.13,5307.12,0,0
2024-05-27,Smart Fitness Watch,West,28,217.03,6076.84,0,0
2024-05-27,Smart Fitness Watch,South,17,222.77,3787.09,0,0
2024-05-27,Smart Fitness Watch,East,12,217.85,2614.2,0,0
2024-05-27,Ergonomic Office Chair,North,8,315.22,2521.76,0,0
2024-05-27,Ergonomic Office Chair,West,9,326.02,2934.18,0,0
2024-05-27,Ergonomic Office Chair,South,6,320.66,1923.96,0,0
2024-05-27,Ergonomic Office Chair,East,7,317.83,2224.81,0,0
2024-05-28,Laptop Pro 15,North,7,1182.94,8280.58,0,0
2024-05-28,Laptop Pro 15,West,3,1192.59,3577.77,0,0
2024-05-28,Laptop Pro 15,South,7,1191.86,8343.02,0,0
2024-05-28,Laptop Pro 15,East,6,1192.29,7153.74,0,0
2024-05-28,Smartphone Ultra,North,18,740.7,13332.6,0,0
2024-05-28,Smartphone Ultra,West,18,745.38,13416.84,0,0
2024-05-28,Smartphone Ultra,South,17,749.08,12734.36,0,0
2024-05-28,Smartphone Ultra,East,8,741.73,5933.84,0,0
2024-05-28,Wireless Noise-Canceling Headphones,North,36,180.43,6495.48,0,0
2024-05-28,Wireless Noise-Canceling Headphones,West,38,180.22,6848.36,0,0
2024-05-28,Wireless Noise-Canceling Headphones,South,20,176.61,3532.2,0,0
2024-05-28,Wireless Noise-Canceling Headphones,East,23,178.65,4108.95,0,0
2024-05-28,Smart Fitness Watch,North,24,216.77,5202.48,0,0
2024-05-28,Smart Fitness Watch,West,29,216.44,6276.76,0,0
2024-05-28,Smart Fitness Watch,South,23,223.87,5149.01,0,0
2024-05-28,Smart Fitness Watch,East,15,217.71,3265.65,0,0
2024-05-28,Ergonomic Office Chair,North,4,324.6,1298.4,0,0
2024-05-28,Ergonomic Office Chair,West,9,324.5,2920.5,0,0
2024-05-28,Ergonomic Office Chair,South,9,318.35,2865.15,0,0
2024-05-28,Ergonomic Office Chair,East,1,315.28,315.28,0,0
2024-05-29,Laptop Pro 15,North,10,1205.28,12052.8,0,0
2024-05-29,Laptop Pro 15,West,6,1200.74,7204.44,0,0
2024-05-29,Laptop Pro 15,South,4,1178.8,4715.2,0,0
2024-05-29,Laptop Pro 15,East,5,1201.52,6007.6,0,0
2024-05-29,Smartphone Ultra,North,12,736.7,8840.4,0,0
2024-05-29,Smartphone Ultra,West,26,743.37,19327.62,0,0
2024-05-29,Smartphone Ultra,South,18,763.48,13742.64,0,0
2024-05-29,Smartphone Ultra,East,12,735.59,8827.08,0,0
2024-05-29,Wireless Noise-Canceling Headphones,North,31,182.09,5644.79,0,0
2024-05-29,Wireless Noise-Canceling Headphones,West,38,181.72,6905.36,0,0
2024-05-29,Wireless Noise-Canceling Headphones,South,23,180.37,4148.51,0,0
2024-05-29,Wireless Noise-Canceling Headphones,East,22,181.32,3989.04,0,0
2024-05-29,Smart Fitness Watch,North,25,219.5,5487.5,0,0
2024-05-29,Smart Fitness Watch,West,20,221.47,4429.4,0,0
2024-05-29,Smart Fitness Watch,South,18,217.91,3922.38,0,0
2024-05-29,Smart Fitness Watch,East,12,215.86,2590.32,0,0
2024-05-29,Ergonomic Office Chair,North,9,317.86,2860.74,0,0
2024-05-29,Ergonomic Office Chair,West,9,317.13,2854.17,0,0
2024-05-29,Ergonomic Office Chair,South,10,324.83,3248.3,0,0
2024-05-29,Ergonomic Office Chair,East,10,323.38,3233.8,0,0
2024-05-30,Laptop Pro 15,North,12,1191.9,14302.8,0,0
2024-05-30,Laptop Pro 15,West,9,1202.48,10822.32,0,0
2024-05-30,Laptop Pro 15,South,3,1221.59,3664.77,0,0
2024-05-30,Laptop Pro 15,East,5,1177.16,5885.8,0,0
2024-05-30,Smartphone Ultra,North,17,742.64,12624.88,0,0
2024-05-30,Smartphone Ultra,West,13,740.66,9628.58,0,0
2024-05-30,Smartphone Ultra,South,17,745.81,12678.77,0,0
2024-05-30,Smartphone Ultra,East,13,759.68,9875.84,0,0
2024-05-30,Wireless Noise-Canceling Headphones,North,33,177.04,5842.32,0,0
2024-05-30,Wireless Noise-Canceling Headphones,West,25,180.26,4506.5,0,0
2024-05-30,Wireless Noise-Canceling Headphones,South,25,181.74,4543.5,0,0
2024-05-30,Wireless Noise-Canceling Headphones,East,24,180.11,4322.64,0,0
2024-05-30,Smart Fitness Watch,North,20,223.44,4468.8,0,0
2024-05-30,Smart Fitness Watch,West,23,221.51,5094.73,0,0
2024-05-30,Smart Fitness Watch,South,13,222.82,2896.66,0,0
2024-05-30,Smart Fitness Watch,East,16,219.26,3508.16,0,0
2024-05-30,Ergonomic Office Chair,North,12,315.92,3791.04,0,0
2024-05-30,Ergonomic Office Chair,West,11,316.72,3483.92,0,0
2024-05-30,Ergonomic Office Chair,South,7,325.15,2276.05,0,0
2024-05-30,Ergonomic Office Chair,East,5,326.34,1631.7,0,0
2024-05-31,Laptop Pro 15,North,9,1201.2,10810.8,0,0
2024-05-31,Laptop Pro 15,West,6,1217.99,7307.94,0,0
2024-05-31,Laptop Pro 15,South,12,1212.59,14551.08,0,0
2024-05-31,Laptop Pro 15,East,8,1209.28,9674.24,0,0
2024-05-31,Smartphone Ultra,North,23,755.75,17382.25,0,0
2024-05-31,Smartphone Ultra,West,17,757.42,12876.14,0,0
2024-05-31,Smartphone Ultra,South,16,741.0,11856.0,0,0
2024-05-31,Smartphone Ultra,East,16,740.01,11840.16,0,0
2024-05-31,Wireless Noise-Canceling Headphones,North,33,177.67,5863.11,0,0
2024-05-31,Wireless Noise-Canceling Headphones,West,25,179.39,4484.75,0,0
2024-05-31,Wireless Noise-Canceling Headphones,South,25,183.47,4586.75,0,0
2024-05-31,Wireless Noise-Canceling Headphones,East,19,183.5,3486.5,0,0
2024-05-31,Smart Fitness Watch,North,24,223.63,5367.12,0,0
2024-05-31,Smart Fitness Watch,West,23,219.37,5045.51,0,0
2024-05-31,Smart Fitness Watch,South,34,224.24,7624.16,0,0
2024-05-31,Smart Fitness Watch,East,22,222.56,4896.32,0,0
2024-05-31,Ergonomic Office Chair,North,4,318.17,1272.68,0,0
2024-05-31,Ergonomic Office Chair,West,10,320.03,3200.3,0,0
2024-05-31,Ergonomic Office Chair,South,12,321.64,3859.68,0,0
2024-05-31,Ergonomic Office Chair,East,11,320.62,3526.82,0,0
2024-06-01,Laptop Pro 15,North,10,1189.18,11891.8,0,0
2024-06-01,Laptop Pro 15,West,7,1196.06,8372.42,0,0
2024-06-01,Laptop Pro 15,South,7,1182.26,8275.82,0,0
2024-06-01,Laptop Pro 15,East,7,1205.03,8435.21,0,0
2024-06-01,Smartphone Ultra,North,36,748.6,26949.6,0,0
2024-06-01,Smartphone Ultra,West,22,757.68,16668.96,0,0
2024-06-01,Smartphone Ultra,South,14,738.14,10333.96,0,0
2024-06-01,Smartphone Ultra,East,14,760.84,10651.76,0,0
2024-06-01,Wireless Noise-Canceling Headphones,North,33,177.35,5852.55,0,0
2024-06-01,Wireless Noise-Canceling Headphones,West,31,182.93,5670.83,0,0
2024-06-01,Wireless Noise-Canceling Headphones,South,37,180.06,6662.22,0,0
2024-06-01,Wireless Noise-Canceling Headphones,East,28,181.6,5084.8,0,0
2024-06-01,Smart Fitness Watch,North,30,216.42,6492.6,0,0
2024-06-01,Smart Fitness Watch,West,35,220.13,7704.55,0,0
2024-06-01,Smart Fitness Watch,South,27,216.33,5840.91,0,0
2024-06-01,Smart Fitness Watch,East,20,224.24,4484.8,0,0
2024-06-01,Ergonomic Office Chair,North,16,322.59,5161.44,0,0
2024-06-01,Ergonomic Office Chair,West,14,322.12,4509.68,0,0
2024-06-01,Ergonomic Office Chair,South,10,317.22,3172.2,0,0
2024-06-01,Ergonomic Office Chair,East,11,318.58,3504.38,0,0
2024-06-02,Laptop Pro 15,North,9,1203.95,10835.55,0,0
2024-06-02,Laptop Pro 15,West,7,1209.16,8464.12,0,0
2024-06-02,Laptop Pro 15,South,11,1219.83,13418.13,0,0
2024-06-02,Laptop Pro 15,East,7,1205.25,8436.75,0,0
2024-06-02,Smartphone Ultra,North,24,761.03,18264.72,0,0
2024-06-02,Smartphone Ultra,West,25,737.05,18426.25,0,0
2024-06-02,Smartphone Ultra,South,23,742.61,17080.03,0,0
2024-06-02,Smartphone Ultra,East,23,750.45,17260.35,0,0
2024-06-02,Wireless Noise-Canceling Headphones,North,47,182.29,8567.63,0,0
2024-06-02,Wireless Noise-Canceling Headphones,West,49,183.17,8975.33,0,0
2024-06-02,Wireless Noise-Canceling Headphones,South,33,177.6,5860.8,0,0
2024-06-02,Wireless Noise-Canceling Headphones,East,22,176.74,3888.28,0,0
2024-06-02,Smart Fitness Watch,North,32,220.89,7068.48,0,0
2024-06-02,Smart Fitness Watch,West,35,216.28,7569.8,0,0
2024-06-02,Smart Fitness Watch,South,28,220.01,6160.28,0,0
2024-06-02,Smart Fitness Watch,East,26,217.35,5651.1,0,0
2024-06-02,Ergonomic Office Chair,North,13,319.64,4155.32,0,0
2024-06-02,Ergonomic Office Chair,West,8,324.9,2599.2,0,0
2024-06-02,Ergonomic Office Chair,South,6,326.34,1958.04,0,0
2024-06-02,Ergonomic Office Chair,East,12,325.03,3900.36,0,0
2024-06-03,Laptop Pro 15,North,13,1211.57,15750.41,0,0
2024-06-03,Laptop Pro 15,West,9,1185.47,10669.23,0,0
2024-06-03,Laptop Pro 15,South,7,1184.47,8291.29,0,0
2024-06-03,Laptop Pro 15,East,1,1192.27,1192.27,0,0
2024-06-03,Smartphone Ultra,North,21,746.77,15682.17,0,0
2024-06-03,Smartphone Ultra,West,16,761.79,12188.64,0,0
2024-06-03,Smartphone Ultra,South,15,755.04,11325.6,0,0
2024-06-03,Smartphone Ultra,East,13,749.74,9746.62,0,0
2024-06-03,Wireless Noise-Canceling Headphones,North,29,181.95,5276.55,0,0
2024-06-03,Wireless Noise-Canceling Headphones,West,23,181.43,4172.89,0,0
2024-06-03,Wireless Noise-Canceling Headphones,South,26,179.53,4667.78,0,0
2024-06-03,Wireless Noise-Canceling Headphones,East,25,182.7,4567.5,0,0
2024-06-03,Smart Fitness Watch,North,26,221.05,5747.3,0,0
2024-06-03,Smart Fitness Watch,West,20,217.19,4343.8,0,0
2024-06-03,Smart Fitness Watch,South,20,223.95,4479.0,0,0
2024-06-03,Smart Fitness Watch,East,16,221.29,3540.64,0,0
2024-06-03,Ergonomic Office Chair,North,9,321.78,2896.02,0,0
2024-06-03,Ergonomic Office Chair,West,8,315.66,2525.28,0,0
2024-06-03,Ergonomic Office Chair,South,8,317.33,2538.64,0,0
2024-06-03,Ergonomic Office Chair,East,8,320.72,2565.76,0,0
2024-06-04,Laptop Pro 15,North,8,1179.04,9432.32,0,0
2024-06-04,Laptop Pro 15,West,8,1218.25,9746.0,0,0
2024-06-04,Laptop Pro 15,South,10,1190.89,11908.9,0,0
2024-06-04,Laptop Pro 15,East,4,1178.97,4715.88,0,0
2024-06-04,Smartphone Ultra,North,20,755.4,15108.0,0,0
2024-06-04,Smartphone Ultra,West,10,747.18,7471.8,0,0
2024-06-04,Smartphone Ultra,South,17,738.52,12554.84,0,0
2024-06-04,Smartphone Ultra,East,10,742.59,7425.9,0,0
2024-06-04,Wireless Noise-Canceling Headphones,North,21,181.48,3811.08,0,0
2024-06-04,Wireless Noise-Canceling Headphones,West,28,181.39,5078.92,0,0
2024-06-04,Wireless Noise-Canceling Headphones,South,24,183.21,4397.04,0,0
2024-06-04,Wireless Noise-Canceling Headphones,East,21,181.98,3821.58,0,0
2024-06-04,Smart Fitness Watch,North,26,216.17,5620.42,0,0
2024-06-04,Smart Fitness Watch,West,27,218.31,5894.37,0,0
2024-06-04,Smart Fitness Watch,South,21,217.81,4574.01,0,0
2024-06-04,Smart Fitness Watch,East,19,222.25,4222.75,0,0
2024-06-04,Ergonomic Office Chair,North,10,314.72,3147.2,0,0
2024-06-04,Ergonomic Office Chair,West,7,314.4,2200.8,0,0
2024-06-04,Ergonomic Office Chair,South,11,321.95,3541.45,0,0
2024-06-04,Ergonomic Office Chair,East,6,322.27,1933.62,0,0
2024-06-05,Laptop Pro 15,North,2,1183.39,2366.78,0,0
2024-06-05,Laptop Pro 15,West,7,1207.07,8449.49,0,0
2024-06-05,Laptop Pro 15,South,8,1194.77,9558.16,0,0
2024-06-05,Laptop Pro 15,East,5,1206.59,6032.95,0,0
2024-06-05,Smartphone Ultra,North,12,752.22,9026.64,0,0
2024-06-05,Smartphone Ultra,West,15,737.7,11065.5,0,0
2024-06-05,Smartphone Ultra,South,15,753.88,11308.2,0,0
2024-06-05,Smartphone Ultra,East,13,739.19,9609.47,0,0
2024-06-05,Wireless Noise-Canceling Headphones,North,32,183.05,5857.6,0,0
2024-06-05,Wireless Noise-Canceling Headphones,West,37,183.3,6782.1,0,0
2024-06-05,Wireless Noise-Canceling Headphones,South,24,178.88,4293.12,0,0
2024-06-05,Wireless Noise-Canceling Headphones,East,15,176.51,2647.65,0,0
2024-06-05,Smart Fitness Watch,North,22,218.43,4805.46,0,0
2024-06-05,Smart Fitness Watch,West,15,222.72,3340.8,0,0
2024-06-05,Smart Fitness Watch,South,15,220.5,3307.5,0,0
2024-06-05,Smart Fitness Watch,East,13,221.07,2873.91,0,0
2024-06-05,Ergonomic Office Chair,North,7,315.01,2205.07,0,0
2024-06-05,Ergonomic Office Chair,West,9,318.48,2866.32,0,0
2024-06-05,Ergonomic Office Chair,South,15,318.82,4782.3,0,0
2024-06-05,Ergonomic Office Chair,East,4,314.85,1259.4,0,0
2024-06-06,Laptop Pro 15,North,10,1210.37,12103.7,0,0
2024-06-06,Laptop Pro 15,West,7,1204.37,8430.59,0,0
2024-06-06,Laptop Pro 15,South,7,1181.83,8272.81,0,0
2024-06-06,Laptop Pro 15,East,1,1210.67,1210.67,0,0
2024-06-06,Smartphone Ultra,North,29,738.38,21413.02,0,0
2024-06-06,Smartphone Ultra,West,23,747.14,17184.22,0,0
2024-06-06,Smartphone Ultra,South,17,741.68,12608.56,0,0
2024-06-06,Smartphone Ultra,East,13,750.28,9753.64,0,0
2024-06-06,Wireless Noise-Canceling Headphones,North,28,176.97,4955.16,0,0
2024-06-06,Wireless Noise-Canceling Headphones,West,33,182.26,6014.58,0,0
2024-06-06,Wireless Noise-Canceling Headphones,South,31,179.43,5562.33,0,0
2024-06-06,Wireless Noise-Canceling Headphones,East,24,182.56,4381.44,0,0
2024-06-06,Smart Fitness Watch,North,23,222.53,5118.19,0,0
2024-06-06,Smart Fitness Watch,West,15,216.35,3245.25,0,0
2024-06-06,Smart Fitness Watch,South,15,220.59,3308.85,0,0
2024-06-06,Smart Fitness Watch,East,20,222.36,4447.2,0,0
2024-06-06,Ergonomic Office Chair,North,4,316.36,1265.44,0,0
2024-06-06,Ergonomic Office Chair,West,9,314.12,2827.08,0,0
2024-06-06,Ergonomic Office Chair,South,3,317.56,952.68,0,0
2024-06-06,Ergonomic Office Chair,East,7,314.09,2198.63,0,0
2024-06-07,Laptop Pro 15,North,9,1222.28,11000.52,0,0
2024-06-07,Laptop Pro 15,West,3,1188.39,3565.17,0,0
2024-06-07,Laptop Pro 15,South,6,1180.36,7082.16,0,0
2024-06-07,Laptop Pro 15,East,7,1221.5,8550.5,0,0
2024-06-07,Smartphone Ultra,North,17,745.67,12676.39,0,0
2024-06-07,Smartphone Ultra,West,20,755.05,15101.0,0,0
2024-06-07,Smartphone Ultra,South,14,745.73,10440.22,0,0
2024-06-07,Smartphone Ultra,East,12,763.96,9167.52,0,0
2024-06-07,Wireless Noise-Canceling Headphones,North,43,179.67,7725.81,0,0
2024-06-07,Wireless Noise-Canceling Headphones,West,37,181.63,6720.31,0,0
2024-06-07,Wireless Noise-Canceling Headphones,South,33,182.66,6027.78,0,0
2024-06-07,Wireless Noise-Canceling Headphones,East,29,182.31,5286.99,0,0
2024-06-07,Smart Fitness Watch,North,28,223.92,6269.76,0,0
2024-06-07,Smart Fitness Watch,West,19,217.64,4135.16,0,0
2024-06-07,Smart Fitness Watch,South,18,215.91,3886.38,0,0
2024-06-07,Smart Fitness Watch,East,26,218.0,5668.0,0,0
2024-06-07,Ergonomic Office Chair,North,13,323.45,4204.85,0,0
2024-06-07,Ergonomic Office Chair,West,13,322.77,4196.01,0,0
2024-06-07,Ergonomic Office Chair,South,9,313.76,2823.84,0,0
2024-06-07,Ergonomic Office Chair,East,4,314.65,1258.6,0,0
2024-06-08,Laptop Pro 15,North,12,1215.43,14585.16,0,0
2024-06-08,Laptop Pro 15,West,10,1178.3,11783.0,0,0
2024-06-08,Laptop Pro 15,South,5,1200.82,6004.1,0,0
2024-06-08,Laptop Pro 15,East,8,1212.62,9700.96,0,0
2024-06-08,Smartphone Ultra,North,20,760.47,15209.4,0,0
2024-06-08,Smartphone Ultra,West,24,744.18,17860.32,0,0
2024-06-08,Smartphone Ultra,South,12,747.05,8964.6,0,0
2024-06-08,Smartphone Ultra,East,16,751.37,12021.92,0,0
2024-06-08,Wireless Noise-Canceling Headphones,North,44,180.23,7930.12,0,0
2024-06-08,Wireless Noise-Canceling Headphones,West,45,178.93,8051.85,0,0
2024-06-08,Wireless Noise-Canceling Headphones,South,37,181.85,6728.45,0,0
2024-06-08,Wireless Noise-Canceling Headphones,East,30,183.49,5504.7,0,0
2024-06-08,Smart Fitness Watch,North,34,219.47,7461.98,0,0
2024-06-08,Smart Fitness Watch,West,38,222.17,8442.46,0,0
2024-06-08,Smart Fitness Watch,South,17,218.55,3715.35,0,0
2024-06-08,Smart Fitness Watch,East,23,216.58,4981.34,0,0
2024-06-08,Ergonomic Office Chair,North,13,323.54,4206.02,0,0
2024-06-08,Ergonomic Office Chair,West,12,322.81,3873.72,0,0
2024-06-08,Ergonomic Office Chair,South,9,315.74,2841.66,0,0
2024-06-08,Ergonomic Office Chair,East,16,324.66,5194.56,0,0
2024-06-09,Laptop Pro 15,North,13,1213.73,15778.49,0,0
2024-06-09,Laptop Pro 15,West,15,1209.39,18140.85,0,0
2024-06-09,Laptop Pro 15,South,8,1209.54,9676.32,0,0
2024-06-09,Laptop Pro 15,East,3,1183.76,3551.28,0,0
2024-06-09,Smartphone Ultra,North,26,742.04,19293.04,0,0
2024-06-09,Smartphone Ultra,West,26,741.13,19269.38,0,0
2024-06-09,Smartphone Ultra,South,13,756.27,9831.51,0,0
2024-06-09,Smartphone Ultra,East,19,758.91,14419.29,0,0
2024-06-09,Wireless Noise-Canceling Headphones,North,34,179.03,6087.02,0,0
2024-06-09,Wireless Noise-Canceling Headphones,West,32,183.48,5871.36,0,0
2024-06-09,Wireless Noise-Canceling Headphones,South,36,178.33,6419.88,0,0
2024-06-09,Wireless Noise-Canceling Headphones,East,27,177.18,4783.86,0,0
2024-06-09,Smart Fitness Watch,North,35,224.3,7850.5,0,0
2024-06-09,Smart Fitness Watch,West,26,216.72,5634.72,0,0
2024-06-09,Smart Fitness Watch,South,32,223.01,7136.32,0,0
2024-06-09,Smart Fitness Watch,East,23,217.9,5011.7,0,0
2024-06-09,Ergonomic Office Chair,North,15,324.46,4866.9,0,0
2024-06-09,Ergonomic Office Chair,West,13,322.36,4190.68,0,0
2024-06-09,Ergonomic Office Chair,South,14,323.07,4522.98,0,0
2024-06-09,Ergonomic Office Chair,East,8,322.3,2578.4,0,0
2024-06-10,Laptop Pro 15,North,9,1185.2,10666.8,0,0
2024-06-10,Laptop Pro 15,West,6,1209.66,7257.96,0,0
2024-06-10,Laptop Pro 15,South,5,1180.41,5902.05,0,0
2024-06-10,Laptop Pro 15,East,6,1219.39,7316.34,0,0
2024-06-10,Smartphone Ultra,North,16,756.14,12098.24,0,0
2024-06-10,Smartphone Ultra,West,24,744.39,17865.36,0,0
2024-06-10,Smartphone Ultra,South,13,759.72,9876.36,0,0
2024-06-10,Smartphone Ultra,East,14,760.13,10641.82,0,0
2024-06-10,Wireless Noise-Canceling Headphones,North,33,178.92,5904.36,0,0
2024-06-10,Wireless Noise-Canceling Headphones,West,23,177.19,4075.37,0,0
2024-06-10,Wireless Noise-Canceling Headphones,South,27,182.62,4930.74,0,0
2024-06-10,Wireless Noise-Canceling Headphones,East,27,183.59,4956.93,0,0
2024-06-10,Smart Fitness Watch,North,19,219.25,4165.75,0,0
2024-06-10,Smart Fitness Watch,West,18,221.09,3979.62,0,0
2024-06-10,Smart Fitness Watch,South,22,221.91,4882.02,0,0
2024-06-10,Smart Fitness Watch,East,10,223.69,2236.9,0,0
2024-06-10,Ergonomic Office Chair,North,4,316.03,1264.12,0,0
2024-06-10,Ergonomic Office Chair,West,12,325.03,3900.36,0,0
2024-06-10,Ergonomic Office Chair,South,6,323.44,1940.64,0,0
2024-06-10,Ergonomic Office Chair,East,5,323.95,1619.75,0,0
2024-06-11,Laptop Pro 15,North,5,1214.97,6074.85,0,0
2024-06-11,Laptop Pro 15,West,7,1217.36,8521.52,0,0
2024-06-11,Laptop Pro 15,South,4,1192.39,4769.56,0,0
2024-06-11,Laptop Pro 15,East,4,1180.91,4723.64,0,0
2024-06-11,Smartphone Ultra,North,23,747.54,17193.42,0,0
2024-06-11,Smartphone Ultra,West,16,747.98,11967.68,0,0
2024-06-11,Smartphone Ultra,South,12,752.71,9032.52,0,0
2024-06-11,Smartphone Ultra,East,21,756.59,15888.39,0,0
2024-06-11,Wireless Noise-Canceling Headphones,North,16,178.71,2859.36,0,0
2024-06-11,Wireless Noise-Canceling Headphones,West,28,176.89,4952.92,0,0
2024-06-11,Wireless Noise-Canceling Headphones,South,19,179.45,3409.55,0,0
2024-06-11,Wireless Noise-Canceling Headphones,East,22,181.96,4003.12,0,0
2024-06-11,Smart Fitness Watch,North,30,223.54,6706.2,0,0
2024-06-11,Smart Fitness Watch,West,22,220.95,4860.9,0,0
2024-06-11,Smart Fitness Watch,South,15,222.78,3341.7,0,0
2024-06-11,Smart Fitness Watch,East,25,218.27,5456.75,0,0
2024-06-11,Ergonomic Office Chair,North,9,321.23,2891.07,0,0
2024-06-11,Ergonomic Office Chair,West,1,316.83,316.83,0,0
2024-06-11,Ergonomic Office Chair,South,8,323.55,2588.4,0,0
2024-06-11,Ergonomic Office Chair,East,9,317.3,2855.7,0,0
2024-06-12,Laptop Pro 15,North,9,1198.57,10787.13,0,0
2024-06-12,Laptop Pro 15,West,6,1195.52,7173.12,0,0
2024-06-12,Laptop Pro 15,South,4,1214.91,4859.64,0,0
2024-06-12,Laptop Pro 15,East,6,1192.91,7157.46,0,0
2024-06-12,Smartphone Ultra,North,17,757.46,12876.82,0,0
2024-06-12,Smartphone Ultra,West,27,749.48,20235.96,0,0
2024-06-12,Smartphone Ultra,South,14,754.14,10557.96,0,0
2024-06-12,Smartphone Ultra,East,17,764.46,12995.82,0,0
2024-06-12,Wireless Noise-Canceling Headphones,North,33,183.59,6058.47,0,0
2024-06-12,Wireless Noise-Canceling Headphones,West,29,182.09,5280.61,0,0
2024-06-12,Wireless Noise-Canceling Headphones,South,31,176.57,5473.67,0,0
2024-06-12,Wireless Noise-Canceling Headphones,East,15,183.05,2745.75,0,0
2024-06-12,Smart Fitness Watch,North,14,223.99,3135.86,0,0
2024-06-12,Smart Fitness Watch,West,15,223.29,3349.35,0,0
2024-06-12,Smart Fitness Watch,South,20,224.09,4481.8,0,0
2024-06-12,Smart Fitness Watch,East,19,219.44,4169.36,0,0
2024-06-12,Ergonomic Office Chair,North,5,321.11,1605.55,0,0
2024-06-12,Ergonomic Office Chair,West,14,319.13,4467.82,0,0
2024-06-12,Ergonomic Office Chair,South,6,314.7,1888.2,0,0
2024-06-12,Ergonomic Office Chair,East,7,325.72,2280.04,0,0
2024-06-13,Laptop Pro 15,North,12,1203.66,14443.92,0,0
2024-06-13,Laptop Pro 15,West,8,1187.67,9501.36,0,0
2024-06-13,Laptop Pro 15,South,10,1189.7,11897.0,0,0
2024-06-13,Laptop Pro 15,East,5,1211.81,6059.05,0,0
2024-06-13,Smartphone Ultra,North,26,753.51,19591.26,0,0
2024-06-13,Smartphone Ultra,West,18,758.47,13652.46,0,0
2024-06-13,Smartphone Ultra,South,13,747.09,9712.17,0,0
2024-06-13,Smartphone Ultra,East,10,746.24,7462.4,0,0
2024-06-13,Wireless Noise-Canceling Headphones,North,32,181.49,5807.68,0,0
2024-06-13,Wireless Noise-Canceling Headphones,West,28,179.36,5022.08,0,0
2024-06-13,Wireless Noise-Canceling Headphones,South,22,179.55,3950.1,0,0
2024-06-13,Wireless Noise-Canceling Headphones,East,27,178.96,4831.92,0,0
2024-06-13,Smart Fitness Watch,North,21,217.2,4561.2,0,0
2024-06-13,Smart Fitness Watch,West,18,216.28,3893.04,0,0
2024-06-13,Smart Fitness Watch,South,14,223.3,3126.2,0,0
2024-06-13,Smart Fitness Watch,East,18,216.47,3896.46,0,0
2024-06-13,Ergonomic Office Chair,North,8,320.14,2561.12,0,0
2024-06-13,Ergonomic Office Chair,West,10,319.34,3193.4,0,0
2024-06-13,Ergonomic Office Chair,South,5,314.67,1573.35,0,0
2024-06-13,Ergonomic Office Chair,East,9,314.63,2831.67,0,0
2024-06-14,Laptop Pro 15,North,7,1069.65,7487.55,1,0
2024-06-14,Laptop Pro 15,West,14,1043.58,14610.12,1,0
2024-06-14,Laptop Pro 15,South,12,1020.84,12250.08,1,0
2024-06-14,Laptop Pro 15,East,13,1037.75,13490.75,1,0
2024-06-14,Smartphone Ultra,North,25,654.22,16355.5,1,0
2024-06-14,Smartphone Ultra,West,20,672.63,13452.6,1,0
2024-06-14,Smartphone Ultra,South,29,662.8,19221.2,1,0
2024-06-14,Smartphone Ultra,East,20,638.2,12764.0,1,0
2024-06-14,Wireless Noise-Canceling Headphones,North,53,158.71,8411.63,1,0
2024-06-14,Wireless Noise-Canceling Headphones,West,44,158.06,6954.64,1,0
2024-06-14,Wireless Noise-Canceling Headphones,South,55,164.39,9041.45,1,0
2024-06-14,Wireless Noise-Canceling Headphones,East,40,160.61,6424.4,1,0
2024-06-14,Smart Fitness Watch,North,32,187.69,6006.08,1,0
2024-06-14,Smart Fitness Watch,West,42,187.9,7891.8,1,0
2024-06-14,Smart Fitness Watch,South,34,189.1,6429.4,1,0
2024-06-14,Smart Fitness Watch,East,23,192.51,4427.73,1,0
2024-06-14,Ergonomic Office Chair,North,17,276.25,4696.25,1,0
2024-06-14,Ergonomic Office Chair,West,18,275.35,4956.3,1,0
2024-06-14,Ergonomic Office Chair,South,12,293.5,3522.0,1,0
2024-06-14,Ergonomic Office Chair,East,13,274.51,3568.63,1,0
2024-06-15,Laptop Pro 15,North,14,1101.38,15419.32,1,0
2024-06-15,Laptop Pro 15,West,14,1036.41,14509.74,1,0
2024-06-15,Laptop Pro 15,South,14,1036.64,14512.96,1,0
2024-06-15,Laptop Pro 15,East,11,1080.59,11886.49,1,0
2024-06-15,Smartphone Ultra,North,49,654.43,32067.07,1,0
2024-06-15,Smartphone Ultra,West,29,666.88,19339.52,1,0
2024-06-15,Smartphone Ultra,South,28,672.28,18823.84,1,0
2024-06-15,Smartphone Ultra,East,18,684.77,12325.86,1,0
2024-06-15,Wireless Noise-Canceling Headphones,North,62,157.86,9787.32,1,0
2024-06-15,Wireless Noise-Canceling Headphones,West,65,158.15,10279.75,1,0
2024-06-15,Wireless Noise-Canceling Headphones,South,44,159.73,7028.12,1,0
2024-06-15,Wireless Noise-Canceling Headphones,East,36,161.26,5805.36,1,0
2024-06-15,Smart Fitness Watch,North,44,200.56,8824.64,1,0
2024-06-15,Smart Fitness Watch,West,48,197.76,9492.48,1,0
2024-06-15,Smart Fitness Watch,South,35,189.47,6631.45,1,0
2024-06-15,Smart Fitness Watch,East,36,197.66,7115.76,1,0
2024-06-15,Ergonomic Office Chair,North,16,274.36,4389.76,1,0
2024-06-15,Ergonomic Office Chair,West,19,286.79,5449.01,1,0
2024-06-15,Ergonomic Office Chair,South,18,284.52,5121.36,1,0
2024-06-15,Ergonomic Office Chair,East,6,288.17,1729.02,1,0
2024-06-16,Laptop Pro 15,North,23,1080.95,24861.85,1,0
2024-06-16,Laptop Pro 15,West,18,1029.67,18534.06,1,0
2024-06-16,Laptop Pro 15,South,11,1091.71,12008.81,1,0
2024-06-16,Laptop Pro 15,East,10,1101.05,11010.5,1,0
2024-06-16,Smartphone Ultra,North,29,644.09,18678.61,1,0
2024-06-16,Smartphone Ultra,West,40,643.67,25746.8,1,0
2024-06-16,Smartphone Ultra,South,34,668.42,22726.28,1,0
2024-06-16,Smartphone Ultra,East,29,689.67,20000.43,1,0
2024-06-16,Wireless Noise-Canceling Headphones,North,58,155.54,9021.32,1,0
2024-06-16,Wireless Noise-Canceling Headphones,West,57,164.93,9401.01,1,0
2024-06-16,Wireless Noise-Canceling Headphones,South,52,158.87,8261.24,1,0
2024-06-16,Wireless Noise-Canceling Headphones,East,34,158.5,5389.0,1,0
2024-06-16,Smart Fitness Watch,North,50,187.73,9386.5,1,0
2024-06-16,Smart Fitness Watch,West,45,193.76,8719.2,1,0
2024-06-16,Smart Fitness Watch,South,39,198.67,7748.13,1,0
2024-06-16,Smart Fitness Watch,East,30,194.36,5830.8,1,0
2024-06-16,Ergonomic Office Chair,North,14,290.07,4060.98,1,0
2024-06-16,Ergonomic Office Chair,West,19,279.2,5304.8,1,0
2024-06-16,Ergonomic Office Chair,South,13,290.48,3776.24,1,0
2024-06-16,Ergonomic Office Chair,East,17,289.9,4928.3,1,0
2024-06-17,Laptop Pro 15,North,4,1178.0,4712.0,0,0
2024-06-17,Laptop Pro 15,West,4,1203.68,4814.72,0,0
2024-06-17,Laptop Pro 15,South,5,1211.93,6059.65,0,0
2024-06-17,Laptop Pro 15,East,13,1218.26,15837.38,0,0
2024-06-17,Smartphone Ultra,North,16,744.82,11917.12,0,0
2024-06-17,Smartphone Ultra,West,13,755.07,9815.91,0,0
2024-06-17,Smartphone Ultra,South,16,763.98,12223.68,0,0
2024-06-17,Smartphone Ultra,East,14,760.61,10648.54,0,0
2024-06-17,Wireless Noise-Canceling Headphones,North,27,180.55,4874.85,0,0
2024-06-17,Wireless Noise-Canceling Headphones,West,44,181.86,8001.84,0,0
2024-06-17,Wireless Noise-Canceling Headphones,South,26,182.39,4742.14,0,0
2024-06-17,Wireless Noise-Canceling Headphones,East,16,182.92,2926.72,0,0
2024-06-17,Smart Fitness Watch,North,24,218.45,5242.8,0,0
2024-06-17,Smart Fitness Watch,West,18,220.03,3960.54,0,0
2024-06-17,Smart Fitness Watch,South,18,216.6,3898.8,0,0
2024-06-17,Smart Fitness Watch,East,12,223.91,2686.92,0,0
2024-06-17,Ergonomic Office Chair,North,4,325.68,1302.72,0,0
2024-06-17,Ergonomic Office Chair,West,12,314.39,3772.68,0,0
2024-06-17,Ergonomic Office Chair,South,4,315.9,1263.6,0,0
2024-06-17,Ergonomic Office Chair,East,9,321.99,2897.91,0,0
2024-06-18,Laptop Pro 15,North,4,1190.93,4763.72,0,0
2024-06-18,Laptop Pro 15,West,6,1223.47,7340.82,0,0
2024-06-18,Laptop Pro 15,South,1,1199.29,1199.29,0,0
2024-06-18,Laptop Pro 15,East,5,1205.84,6029.2,0,0
2024-06-18,Smartphone Ultra,North,22,753.74,16582.28,0,0
2024-06-18,Smartphone Ultra,West,16,761.87,12189.92,0,0
2024-06-18,Smartphone Ultra,South,14,740.84,10371.76,0,0
2024-06-18,Smartphone Ultra,East,8,758.96,6071.68,0,0
2024-06-18,Wireless Noise-Canceling Headphones,North,33,183.02,6039.66,0,0
2024-06-18,Wireless Noise-Canceling Headphones,West,23,177.76,4088.48,0,0
2024-06-18,Wireless Noise-Canceling Headphones,South,24,182.75,4386.0,0,0
2024-06-18,Wireless Noise-Canceling Headphones,East,22,182.86,4022.92,0,0
2024-06-18,Smart Fitness Watch,North,24,221.8,5323.2,0,0
2024-06-18,Smart Fitness Watch,West,25,218.01,5450.25,0,0
2024-06-18,Smart Fitness Watch,South,17,216.88,3686.96,0,0
2024-06-18,Smart Fitness Watch,East,15,220.0,3300.0,0,0
2024-06-18,Ergonomic Office Chair,North,5,322.47,1612.35,0,0
2024-06-18,Ergonomic Office Chair,West,3,322.83,968.49,0,0
2024-06-18,Ergonomic Office Chair,South,11,321.6,3537.6,0,0
2024-06-18,Ergonomic Office Chair,East,4,324.16,1296.64,0,0
2024-06-19,Laptop Pro 15,North,6,1197.67,7186.02,0,0
2024-06-19,Laptop Pro 15,West,8,1186.29,9490.32,0,0
2024-06-19,Laptop Pro 15,South,9,1191.74,10725.66,0,0
2024-06-19,Laptop Pro 15,East,5,1182.7,5913.5,0,0
2024-06-19,Smartphone Ultra,North,14,737.27,10321.78,0,0
2024-06-19,Smartphone Ultra,West,16,763.34,12213.44,0,0
2024-06-19,Smartphone Ultra,South,13,745.87,9696.31,0,0
2024-06-19,Smartphone Ultra,East,17,743.75,12643.75,0,0
2024-06-19,Wireless Noise-Canceling Headphones,North,40,183.39,7335.6,0,0
2024-06-19,Wireless Noise-Canceling Headphones,West,35,180.71,6324.85,0,0
2024-06-19,Wireless Noise-Canceling Headphones,South,20,178.9,3578.0,0,0
2024-06-19,Wireless Noise-Canceling Headphones,East,21,178.53,3749.13,0,0
2024-06-19,Smart Fitness Watch,North,23,218.62,5028.26,0,0
2024-06-19,Smart Fitness Watch,West,21,219.64,4612.44,0,0
2024-06-19,Smart Fitness Watch,South,18,223.01,4014.18,0,0
2024-06-19,Smart Fitness Watch,East,14,221.7,3103.8,0,0
2024-06-19,Ergonomic Office Chair,North,12,316.02,3792.24,0,0
2024-06-19,Ergonomic Office Chair,West,10,323.17,3231.7,0,0
2024-06-19,Ergonomic Office Chair,South,8,317.63,2541.04,0,0
2024-06-19,Ergonomic Office Chair,East,6,323.84,1943.04,0,0
2024-06-20,Laptop Pro 15,North,12,1218.44,14621.28,0,0
2024-06-20,Laptop Pro 15,West,5,1206.72,6033.6,0,0
2024-06-20,Laptop Pro 15,South,4,1201.92,4807.68,0,0
2024-06-20,Laptop Pro 15,East,10,1189.46,11894.6,0,0
2024-06-20,Smartphone Ultra,North,13,758.28,9857.64,0,0
2024-06-20,Smartphone Ultra,West,12,764.32,9171.84,0,0
2024-06-20,Smartphone Ultra,South,14,755.69,10579.66,0,0
2024-06-20,Smartphone Ultra,East,17,759.28,12907.76,0,0
2024-06-20,Wireless Noise-Canceling Headphones,North,26,177.3,4609.8,0,0
2024-06-20,Wireless Noise-Canceling Headphones,West,28,181.62,5085.36,0,0
2024-06-20,Wireless Noise-Canceling Headphones,South,27,177.73,4798.71,0,0
2024-06-20,Wireless Noise-Canceling Headphones,East,23,179.84,4136.32,0,0
2024-06-20,Smart Fitness Watch,North,23,216.22,4973.06,0,0
2024-06-20,Smart Fitness Watch,West,27,218.65,5903.55,0,0
2024-06-20,Smart Fitness Watch,South,20,217.3,4346.0,0,0
2024-06-20,Smart Fitness Watch,East,15,223.67,3355.05,0,0
2024-06-20,Ergonomic Office Chair,North,8,320.26,2562.08,0,0
2024-06-20,Ergonomic Office Chair,West,2,325.44,650.88,0,0
2024-06-20,Ergonomic Office Chair,South,5,319.66,1598.3,0,0
2024-06-20,Ergonomic Office Chair,East,11,319.72,3516.92,0,0
2024-06-21,Laptop Pro 15,North,9,1203.11,10827.99,0,0
2024-06-21,Laptop Pro 15,West,6,1221.99,7331.94,0,0
2024-06-21,Laptop Pro 15,South,7,1192.3,8346.1,0,0
2024-06-21,Laptop Pro 15,East,9,1181.25,10631.25,0,0
2024-06-21,Smartphone Ultra,North,17,764.92,13003.64,0,0
2024-06-21,Smartphone Ultra,West,19,762.13,14480.47,0,0
2024-06-21,Smartphone Ultra,South,14,742.3,10392.2,0,0
2024-06-21,Smartphone Ultra,East,20,748.54,14970.8,0,0
2024-06-21,Wireless Noise-Canceling Headphones,North,41,178.12,7302.92,0,0
2024-06-21,Wireless Noise-Canceling Headphones,West,35,178.27,6239.45,0,0
2024-06-21,Wireless Noise-Canceling Headphones,South,24,177.37,4256.88,0,0
2024-06-21,Wireless Noise-Canceling Headphones,East,28,180.09,5042.52,0,0
2024-06-21,Smart Fitness Watch,North,20,218.43,4368.6,0,0
2024-06-21,Smart Fitness Watch,West,24,219.21,5261.04,0,0
2024-06-21,Smart Fitness Watch,South,26,216.78,5636.28,0,0
2024-06-21,Smart Fitness Watch,East,21,221.62,4654.02,0,0
2024-06-21,Ergonomic Office Chair,North,13,324.07,4212.91,0,0
2024-06-21,Ergonomic Office Chair,West,11,320.12,3521.32,0,0
2024-06-21,Ergonomic Office Chair,South,9,323.5,2911.5,0,0
2024-06-21,Ergonomic Office Chair,East,5,323.97,1619.85,0,0
2024-06-22,Laptop Pro 15,North,3,1177.32,3531.96,0,0
2024-06-22,Laptop Pro 15,West,12,1201.56,14418.72,0,0
2024-06-22,Laptop Pro 15,South,9,1199.11,10791.99,0,0
2024-06-22,Laptop Pro 15,East,9,1205.1,10845.9,0,0
2024-06-22,Smartphone Ultra,North,26,751.13,19529.38,0,0
2024-06-22,Smartphone Ultra,West,26,754.96,19628.96,0,0
2024-06-22,Smartphone Ultra,South,16,750.38,12006.08,0,0
2024-06-22,Smartphone Ultra,East,20,756.15,15123.0,0,0
2024-06-22,Wireless Noise-Canceling Headphones,North,31,178.42,5531.02,0,0
2024-06-22,Wireless Noise-Canceling Headphones,West,38,177.79,6756.02,0,0
2024-06-22,Wireless Noise-Canceling Headphones,South,34,181.66,6176.44,0,0
2024-06-22,Wireless Noise-Canceling Headphones,East,32,179.27,5736.64,0,0
2024-06-22,Smart Fitness Watch,North,35,216.1,7563.5,0,0
2024-06-22,Smart Fitness Watch,West,26,220.16,5724.16,0,0
2024-06-22,Smart Fitness Watch,South,23,217.71,5007.33,0,0
2024-06-22,Smart Fitness Watch,East,23,219.99,5059.77,0,0
2024-06-22,Ergonomic Office Chair,North,11,314.41,3458.51,0,0
2024-06-22,Ergonomic Office Chair,West,15,325.1,4876.5,0,0
2024-06-22,Ergonomic Office Chair,South,16,326.35,5221.6,0,0
2024-06-22,Ergonomic Office Chair,East,12,324.35,3892.2,0,0
2024-06-23,Laptop Pro 15,North,13,1212.81,15766.53,0,0
2024-06-23,Laptop Pro 15,West,10,1198.44,11984.4,0,0
2024-06-23,Laptop Pro 15,South,8,1213.59,9708.72,0,0
2024-06-23,Laptop Pro 15,East,5,1187.9,5939.5,0,0
2024-06-23,Smartphone Ultra,North,24,747.69,17944.56,0,0
2024-06-23,Smartphone Ultra,West,21,759.32,15945.72,0,0
2024-06-23,Smartphone Ultra,South,26,762.65,19828.9,0,0
2024-06-23,Smartphone Ultra,East,19,763.91,14514.29,0,0
2024-06-23,Wireless Noise-Canceling Headphones,North,33,182.29,6015.57,0,0
2024-06-23,Wireless Noise-Canceling Headphones,West,39,180.18,7027.02,0,0
2024-06-23,Wireless Noise-Canceling Headphones,South,27,181.72,4906.44,0,0
2024-06-23,Wireless Noise-Canceling Headphones,East,29,177.15,5137.35,0,0
2024-06-23,Smart Fitness Watch,North,22,216.03,4752.66,0,0
2024-06-23,Smart Fitness Watch,West,26,219.64,5710.64,0,0
2024-06-23,Smart Fitness Watch,South,28,217.98,6103.44,0,0
2024-06-23,Smart Fitness Watch,East,21,224.05,4705.05,0,0
2024-06-23,Ergonomic Office Chair,North,14,318.3,4456.2,0,0
2024-06-23,Ergonomic Office Chair,West,9,320.07,2880.63,0,0
2024-06-23,Ergonomic Office Chair,South,9,325.99,2933.91,0,0
2024-06-23,Ergonomic Office Chair,East,13,320.84,4170.92,0,0
2024-06-24,Laptop Pro 15,North,7,1187.91,8315.37,0,0
2024-06-24,Laptop Pro 15,West,5,1201.74,6008.7,0,0
2024-06-24,Laptop Pro 15,South,4,1182.94,4731.76,0,0
2024-06-24,Laptop Pro 15,East,3,1180.86,3542.58,0,0
2024-06-24,Smartphone Ultra,North,21,740.3,15546.3,0,0
2024-06-24,Smartphone Ultra,West,14,736.55,10311.7,0,0
2024-06-24,Smartphone Ultra,South,15,759.33,11389.95,0,0
2024-06-24,Smartphone Ultra,East,16,746.54,11944.64,0,0
2024-06-24,Wireless Noise-Canceling Headphones,North,32,178.79,5721.28,0,0
2024-06-24,Wireless Noise-Canceling Headphones,West,26,180.01,4680.26,0,0
2024-06-24,Wireless Noise-Canceling Headphones,South,24,178.5,4284.0,0,0
2024-06-24,Wireless Noise-Canceling Headphones,East,29,179.57,5207.53,0,0
2024-06-24,Smart Fitness Watch,North,26,217.95,5666.7,0,0
2024-06-24,Smart Fitness Watch,West,24,221.85,5324.4,0,0
2024-06-24,Smart Fitness Watch,South,13,216.42,2813.46,0,0
2024-06-24,Smart Fitness Watch,East,14,223.29,3126.06,0,0
2024-06-24,Ergonomic Office Chair,North,7,325.99,2281.93,0,0
2024-06-24,Ergonomic Office Chair,West,10,313.69,3136.9,0,0
2024-06-24,Ergonomic Office Chair,South,10,322.82,3228.2,0,0
2024-06-24,Ergonomic Office Chair,East,11,322.33,3545.63,0,0
2024-06-25,Laptop Pro 15,North,9,1185.79,10672.11,0,0
2024-06-25,Laptop Pro 15,West,5,1212.96,6064.8,0,0
2024-06-25,Laptop Pro 15,South,3,1201.11,3603.33,0,0
2024-06-25,Laptop Pro 15,East,6,1183.92,7103.52,0,0
2024-06-25,Smartphone Ultra,North,21,760.14,15962.94,0,0
2024-06-25,Smartphone Ultra,West,25,761.45,19036.25,0,0
2024-06-25,Smartphone Ultra,South,9,744.52,6700.68,0,0
2024-06-25,Smartphone Ultra,East,16,745.45,11927.2,0,0
2024-06-25,Wireless Noise-Canceling Headphones,North,24,176.55,4237.2,0,0
2024-06-25,Wireless Noise-Canceling Headphones,West,26,177.33,4610.58,0,0
2024-06-25,Wireless Noise-Canceling Headphones,South,19,179.47,3409.93,0,0
2024-06-25,Wireless Noise-Canceling Headphones,East,21,182.82,3839.22,0,0
2024-06-25,Smart Fitness Watch,North,16,218.42,3494.72,0,0
2024-06-25,Smart Fitness Watch,West,22,221.9,4881.8,0,0
2024-06-25,Smart Fitness Watch,South,19,218.75,4156.25,0,0
2024-06-25,Smart Fitness Watch,East,14,217.95,3051.3,0,0
2024-06-25,Ergonomic Office Chair,North,4,321.46,1285.84,0,0
2024-06-25,Ergonomic Office Chair,West,10,322.38,3223.8,0,0
2024-06-25,Ergonomic Office Chair,South,11,322.96,3552.56,0,0
2024-06-25,Ergonomic Office Chair,East,3,319.16,957.48,0,0
2024-06-26,Laptop Pro 15,North,7,1196.04,8372.28,0,0
2024-06-26,Laptop Pro 15,West,10,1198.59,11985.9,0,0
2024-06-26,Laptop Pro 15,South,7,1216.44,8515.08,0,0
2024-06-26,Laptop Pro 15,East,7,1223.52,8564.64,0,0
2024-06-26,Smartphone Ultra,North,12,750.35,9004.2,0,0
2024-06-26,Smartphone Ultra,West,23,760.12,17482.76,0,0
2024-06-26,Smartphone Ultra,South,14,743.32,10406.48,0,0
2024-06-26,Smartphone Ultra,East,13,741.46,9638.98,0,0
2024-06-26,Wireless Noise-Canceling Headphones,North,29,182.07,5280.03,0,0
2024-06-26,Wireless Noise-Canceling Headphones,West,33,183.54,6056.82,0,0
2024-06-26,Wireless Noise-Canceling Headphones,South,26,178.65,4644.9,0,0
2024-06-26,Wireless Noise-Canceling Headphones,East,22,180.55,3972.1,0,0
2024-06-26,Smart Fitness Watch,North,16,218.77,3500.32,0,0
2024-06-26,Smart Fitness Watch,West,22,215.79,4747.38,0,0
2024-06-26,Smart Fitness Watch,South,24,220.72,5297.28,0,0
2024-06-26,Smart Fitness Watch,East,21,219.23,4603.83,0,0
2024-06-26,Ergonomic Office Chair,North,6,325.02,1950.12,0,0
2024-06-26,Ergonomic Office Chair,West,7,314.35,2200.45,0,0
2024-06-26,Ergonomic Office Chair,South,9,322.23,2900.07,0,0
2024-06-26,Ergonomic Office Chair,East,6,322.27,1933.62,0,0
2024-06-27,Laptop Pro 15,North,7,1208.25,8457.75,0,0
2024-06-27,Laptop Pro 15,West,9,1183.44,10650.96,0,0
2024-06-27,Laptop Pro 15,South,7,1184.4,8290.8,0,0
2024-06-27,Laptop Pro 15,East,6,1200.4,7202.4,0,0
2024-06-27,Smartphone Ultra,North,19,762.72,14491.68,0,0
2024-06-27,Smartphone Ultra,West,22,751.42,16531.24,0,0
2024-06-27,Smartphone Ultra,South,14,759.46,10632.44,0,0
2024-06-27,Smartphone Ultra,East,9,750.65,6755.85,0,0
2024-06-27,Wireless Noise-Canceling Headphones,North,33,180.33,5950.89,0,0
2024-06-27,Wireless Noise-Canceling Headphones,West,26,179.78,4674.28,0,0
2024-06-27,Wireless Noise-Canceling Headphones,South,31,182.36,5653.16,0,0
2024-06-27,Wireless Noise-Canceling Headphones,East,24,182.25,4374.0,0,0
2024-06-27,Smart Fitness Watch,North,22,222.33,4891.26,0,0
2024-06-27,Smart Fitness Watch,West,19,223.16,4240.04,0,0
2024-06-27,Smart Fitness Watch,South,17,221.29,3761.93,0,0
2024-06-27,Smart Fitness Watch,East,16,221.73,3547.68,0,0
2024-06-27,Ergonomic Office Chair,North,7,319.05,2233.35,0,0
2024-06-27,Ergonomic Office Chair,West,7,322.58,2258.06,0,0
2024-06-27,Ergonomic Office Chair,South,13,317.7,4130.1,0,0
2024-06-27,Ergonomic Office Chair,East,5,325.72,1628.6,0,0
2024-06-28,Laptop Pro 15,North,4,1179.67,4718.68,0,0
2024-06-28,Laptop Pro 15,West,15,1205.86,18087.9,0,0
2024-06-28,Laptop Pro 15,South,6,1191.33,7147.98,0,0
2024-06-28,Laptop Pro 15,East,6,1204.6,7227.6,0,0
2024-06-28,Smartphone Ultra,North,18,752.0,13536.0,0,0
2024-06-28,Smartphone Ultra,West,19,752.74,14302.06,0,0
2024-06-28,Smartphone Ultra,South,22,742.05,16325.1,0,0
2024-06-28,Smartphone Ultra,East,16,759.4,12150.4,0,0
2024-06-28,Wireless Noise-Canceling Headphones,North,38,180.95,6876.1,0,0
2024-06-28,Wireless Noise-Canceling Headphones,West,28,179.96,5038.88,0,0
2024-06-28,Wireless Noise-Canceling Headphones,South,27,182.37,4923.99,0,0
2024-06-28,Wireless Noise-Canceling Headphones,East,20,183.2,3664.0,0,0
2024-06-28,Smart Fitness Watch,North,25,218.14,5453.5,0,0
2024-06-28,Smart Fitness Watch,West,31,220.17,6825.27,0,0
2024-06-28,Smart Fitness Watch,South,21,221.96,4661.16,0,0
2024-06-28,Smart Fitness Watch,East,21,217.88,4575.48,0,0
2024-06-28,Ergonomic Office Chair,North,10,320.6,3206.0,0,0
2024-06-28,Ergonomic Office Chair,West,9,321.43,2892.87,0,0
2024-06-28,Ergonomic Office Chair,South,7,323.68,2265.76,0,0
2024-06-28,Ergonomic Office Chair,East,4,321.5,1286.0,0,0
2024-06-29,Laptop Pro 15,North,6,1179.48,7076.88,0,0
2024-06-29,Laptop Pro 15,West,10,1198.79,11987.9,0,0
2024-06-29,Laptop Pro 15,South,9,1206.39,10857.51,0,0
2024-06-29,Laptop Pro 15,East,2,1184.19,2368.38,0,0
2024-06-29,Smartphone Ultra,North,23,754.96,17364.08,0,0
2024-06-29,Smartphone Ultra,West,24,756.92,18166.08,0,0
2024-06-29,Smartphone Ultra,South,19,743.65,14129.35,0,0
2024-06-29,Smartphone Ultra,East,12,735.48,8825.76,0,0
2024-06-29,Wireless Noise-Canceling Headphones,North,44,180.94,7961.36,0,0
2024-06-29,Wireless Noise-Canceling Headphones,West,29,177.19,5138.51,0,0
2024-06-29,Wireless Noise-Canceling Headphones,South,37,180.84,6691.08,0,0
2024-06-29,Wireless Noise-Canceling Headphones,East,27,176.7,4770.9,0,0
2024-06-29,Smart Fitness Watch,North,28,216.87,6072.36,0,0
2024-06-29,Smart Fitness Watch,West,34,222.67,7570.78,0,0
2024-06-29,Smart Fitness Watch,South,16,216.21,3459.36,0,0
2024-06-29,Smart Fitness Watch,East,19,219.54,4171.26,0,0
2024-06-29,Ergonomic Office Chair,North,17,321.28,5461.76,0,0
2024-06-29,Ergonomic Office Chair,West,13,325.14,4226.82,0,0
2024-06-29,Ergonomic Office Chair,South,12,318.47,3821.64,0,0
2024-06-29,Ergonomic Office Chair,East,8,320.67,2565.36,0,0
2024-06-30,Laptop Pro 15,North,11,1179.24,12971.64,0,0
2024-06-30,Laptop Pro 15,West,12,1201.02,14412.24,0,0
2024-06-30,Laptop Pro 15,South,5,1201.68,6008.4,0,0
2024-06-30,Laptop Pro 15,East,6,1196.45,7178.7,0,0
2024-06-30,Smartphone Ultra,North,26,748.46,19459.96,0,0
2024-06-30,Smartphone Ultra,West,21,746.44,15675.24,0,0
2024-06-30,Smartphone Ultra,South,21,755.13,15857.73,0,0
2024-06-30,Smartphone Ultra,East,19,758.32,14408.08,0,0
2024-06-30,Wireless Noise-Canceling Headphones,North,45,181.14,8151.3,0,0
2024-06-30,Wireless Noise-Canceling Headphones,West,33,183.1,6042.3,0,0
2024-06-30,Wireless Noise-Canceling Headphones,South,45,179.08,8058.6,0,0
2024-06-30,Wireless Noise-Canceling Headphones,East,22,181.63,3995.86,0,0
2024-06-30,Smart Fitness Watch,North,28,221.52,6202.56,0,0
2024-06-30,Smart Fitness Watch,West,31,223.46,6927.26,0,0
2024-06-30,Smart Fitness Watch,South,28,223.86,6268.08,0,0
2024-06-30,Smart Fitness Watch,East,17,222.88,3788.96,0,0
2024-06-30,Ergonomic Office Chair,North,9,319.46,2875.14,0,0
2024-06-30,Ergonomic Office Chair,West,16,314.33,5029.28,0,0
2024-06-30,Ergonomic Office Chair,South,7,314.14,2198.98,0,0
2024-06-30,Ergonomic Office Chair,East,12,322.33,3867.96,0,0
2024-07-01,Laptop Pro 15,North,7,1218.21,8527.47,0,0
2024-07-01,Laptop Pro 15,West,8,1189.54,9516.32,0,0
2024-07-01,Laptop Pro 15,South,6,1207.62,7245.72,0,0
2024-07-01,Laptop Pro 15,East,10,1181.52,11815.2,0,0
2024-07-01,Smartphone Ultra,North,15,751.29,11269.35,0,0
2024-07-01,Smartphone Ultra,West,16,752.02,12032.32,0,0
2024-07-01,Smartphone Ultra,South,16,743.57,11897.12,0,0
2024-07-01,Smartphone Ultra,East,14,758.45,10618.3,0,0
2024-07-01,Wireless Noise-Canceling Headphones,North,28,182.03,5096.84,0,0
2024-07-01,Wireless Noise-Canceling Headphones,West,32,183.46,5870.72,0,0
2024-07-01,Wireless Noise-Canceling Headphones,South,24,182.96,4391.04,0,0
2024-07-01,Wireless Noise-Canceling Headphones,East,16,181.47,2903.52,0,0
2024-07-01,Smart Fitness Watch,North,17,223.3,3796.1,0,0
2024-07-01,Smart Fitness Watch,West,16,220.42,3526.72,0,0
2024-07-01,Smart Fitness Watch,South,18,217.28,3911.04,0,0
2024-07-01,Smart Fitness Watch,East,7,220.65,1544.55,0,0
2024-07-01,Ergonomic Office Chair,North,14,321.76,4504.64,0,0
2024-07-01,Ergonomic Office Chair,West,2,315.35,630.7,0,0
2024-07-01,Ergonomic Office Chair,South,4,324.71,1298.84,0,0
2024-07-01,Ergonomic Office Chair,East,1,326.27,326.27,0,0
2024-07-02,Laptop Pro 15,North,7,1218.27,8527.89,0,0
2024-07-02,Laptop Pro 15,West,4,1195.71,4782.84,0,0
2024-07-02,Laptop Pro 15,South,4,1204.11,4816.44,0,0
2024-07-02,Laptop Pro 15,East,3,1190.22,3570.66,0,0
2024-07-02,Smartphone Ultra,North,11,735.04,8085.44,0,0
2024-07-02,Smartphone Ultra,West,18,756.66,13619.88,0,0
2024-07-02,Smartphone Ultra,South,17,752.38,12790.46,0,0
2024-07-02,Smartphone Ultra,East,10,759.55,7595.5,0,0
2024-07-02,Wireless Noise-Canceling Headphones,North,27,177.96,4804.92,0,0
2024-07-02,Wireless Noise-Canceling Headphones,West,27,179.97,4859.19,0,0
2024-07-02,Wireless Noise-Canceling Headphones,South,23,179.75,4134.25,0,0
2024-07-02,Wireless Noise-Canceling Headphones,East,13,179.95,2339.35,0,0
2024-07-02,Smart Fitness Watch,North,25,216.05,5401.25,0,0
2024-07-02,Smart Fitness Watch,West,19,216.04,4104.76,0,0
2024-07-02,Smart Fitness Watch,South,18,217.91,3922.38,0,0
2024-07-02,Smart Fitness Watch,East,12,221.24,2654.88,0,0
2024-07-02,Ergonomic Office Chair,North,10,315.43,3154.3,0,0
2024-07-02,Ergonomic Office Chair,West,12,321.59,3859.08,0,0
2024-07-02,Ergonomic Office Chair,South,7,315.08,2205.56,0,0
2024-07-02,Ergonomic Office Chair,East,10,318.33,3183.3,0,0
2024-07-03,Laptop Pro 15,North,5,1202.72,6013.6,0,0
2024-07-03,Laptop Pro 15,West,9,1221.53,10993.77,0,0
2024-07-03,Laptop Pro 15,South,6,1212.96,7277.76,0,0
2024-07-03,Laptop Pro 15,East,7,1186.84,8307.88,0,0
2024-07-03,Smartphone Ultra,North,25,758.98,18974.5,0,0
2024-07-03,Smartphone Ultra,West,22,740.67,16294.74,0,0
2024-07-03,Smartphone Ultra,South,18,741.02,13338.36,0,0
2024-07-03,Smartphone Ultra,East,14,758.15,10614.1,0,0
2024-07-03,Wireless Noise-Canceling Headphones,North,27,183.36,4950.72,0,0
2024-07-03,Wireless Noise-Canceling Headphones,West,26,177.82,4623.32,0,0
2024-07-03,Wireless Noise-Canceling Headphones,South,23,179.91,4137.93,0,0
2024-07-03,Wireless Noise-Canceling Headphones,East,24,183.38,4401.12,0,0
2024-07-03,Smart Fitness Watch,North,22,219.74,4834.28,0,0
2024-07-03,Smart Fitness Watch,West,30,217.56,6526.8,0,0
2024-07-03,Smart Fitness Watch,South,21,222.33,4668.93,0,0
2024-07-03,Smart Fitness Watch,East,15,220.45,3306.75,0,0
2024-07-03,Ergonomic Office Chair,North,8,314.07,2512.56,0,0
2024-07-03,Ergonomic Office Chair,West,11,324.28,3567.08,0,0
2024-07-03,Ergonomic Office Chair,South,9,319.29,2873.61,0,0
2024-07-03,Ergonomic Office Chair,East,4,314.53,1258.12,0,0
2024-07-04,Laptop Pro 15,North,15,1221.81,18327.15,0,1
2024-07-04,Laptop Pro 15,West,15,1220.42,18306.3,0,1
2024-07-04,Laptop Pro 15,South,7,1216.46,8515.22,0,1
2024-07-04,Laptop Pro 15,East,6,1196.33,7177.98,0,1
2024-07-04,Smartphone Ultra,North,37,748.53,27695.61,0,1
2024-07-04,Smartphone Ultra,West,26,764.7,19882.2,0,1
2024-07-04,Smartphone Ultra,South,30,744.42,22332.6,0,1
2024-07-04,Smartphone Ultra,East,18,739.5,13311.0,0,1
2024-07-04,Wireless Noise-Canceling Headphones,North,49,183.48,8990.52,0,1
2024-07-04,Wireless Noise-Canceling Headphones,West,45,180.48,8121.6,0,1
2024-07-04,Wireless Noise-Canceling Headphones,South,55,180.74,9940.7,0,1
2024-07-04,Wireless Noise-Canceling Headphones,East,31,182.77,5665.87,0,1
2024-07-04,Smart Fitness Watch,North,35,219.83,7694.05,0,1
2024-07-04,Smart Fitness Watch,West,33,216.44,7142.52,0,1
2024-07-04,Smart Fitness Watch,South,28,219.12,6135.36,0,1
2024-07-04,Smart Fitness Watch,East,24,221.63,5319.12,0,1
2024-07-04,Ergonomic Office Chair,North,10,316.43,3164.3,0,1
2024-07-04,Ergonomic Office Chair,West,16,315.78,5052.48,0,1
2024-07-04,Ergonomic Office Chair,South,14,320.81,4491.34,0,1
2024-07-04,Ergonomic Office Chair,East,11,322.42,3546.62,0,1
2024-07-05,Laptop Pro 15,North,13,1222.19,15888.47,0,0
2024-07-05,Laptop Pro 15,West,9,1193.76,10743.84,0,0
2024-07-05,Laptop Pro 15,South,7,1191.6,8341.2,0,0
2024-07-05,Laptop Pro 15,East,5,1196.84,5984.2,0,0
2024-07-05,Smartphone Ultra,North,33,758.74,25038.42,0,0
2024-07-05,Smartphone Ultra,West,16,758.01,12128.16,0,0
2024-07-05,Smartphone Ultra,South,20,759.41,15188.2,0,0
2024-07-05,Smartphone Ultra,East,13,759.47,9873.11,0,0
2024-07-05,Wireless Noise-Canceling Headphones,North,45,182.19,8198.55,0,0
2024-07-05,Wireless Noise-Canceling Headphones,West,43,178.55,7677.65,0,0
2024-07-05,Wireless Noise-Canceling Headphones,South,29,182.25,5285.25,0,0
2024-07-05,Wireless Noise-Canceling Headphones,East,22,181.7,3997.4,0,0
2024-07-05,Smart Fitness Watch,North,29,219.3,6359.7,0,0
2024-07-05,Smart Fitness Watch,West,27,216.27,5839.29,0,0
2024-07-05,Smart Fitness Watch,South,22,222.42,4893.24,0,0
2024-07-05,Smart Fitness Watch,East,22,223.55,4918.1,0,0
2024-07-05,Ergonomic Office Chair,North,7,316.83,2217.81,0,0
2024-07-05,Ergonomic Office Chair,West,13,316.83,4118.79,0,0
2024-07-05,Ergonomic Office Chair,South,11,321.75,3539.25,0,0
2024-07-05,Ergonomic Office Chair,East,10,318.77,3187.7,0,0
2024-07-06,Laptop Pro 15,North,12,1191.53,14298.36,0,0
2024-07-06,Laptop Pro 15,West,9,1176.31,10586.79,0,0
2024-07-06,Laptop Pro 15,South,11,1219.68,13416.48,0,0
2024-07-06,Laptop Pro 15,East,3,1183.98,3551.94,0,0
2024-07-06,Smartphone Ultra,North,35,752.88,26350.8,0,0
2024-07-06,Smartphone Ultra,West,23,747.02,17181.46,0,0
2024-07-06,Smartphone Ultra,South,12,736.89,8842.68,0,0
2024-07-06,Smartphone Ultra,East,9,755.9,6803.1,0,0
2024-07-06,Wireless Noise-Canceling Headphones,North,32,181.13,5796.16,0,0
2024-07-06,Wireless Noise-Canceling Headphones,West,31,179.84,5575.04,0,0
2024-07-06,Wireless Noise-Canceling Headphones,South,50,176.62,8831.0,0,0
2024-07-06,Wireless Noise-Canceling Headphones,East,30,180.52,5415.6,0,0
2024-07-06,Smart Fitness Watch,North,30,223.09,6692.7,0,0
2024-07-06,Smart Fitness Watch,West,24,219.26,5262.24,0,0
2024-07-06,Smart Fitness Watch,South,28,220.26,6167.28,0,0
2024-07-06,Smart Fitness Watch,East,25,220.08,5502.0,0,0
2024-07-06,Ergonomic Office Chair,North,16,318.17,5090.72,0,0
2024-07-06,Ergonomic Office Chair,West,11,313.86,3452.46,0,0
2024-07-06,Ergonomic Office Chair,South,13,317.04,4121.52,0,0
2024-07-06,Ergonomic Office Chair,East,10,323.55,3235.5,0,0
2024-07-07,Laptop Pro 15,North,9,1202.54,10822.86,0,0
2024-07-07,Laptop Pro 15,West,4,1217.8,4871.2,0,0
2024-07-07,Laptop Pro 15,South,8,1204.22,9633.76,0,0
2024-07-07,Laptop Pro 15,East,6,1213.73,7282.38,0,0
2024-07-07,Smartphone Ultra,North,23,740.77,17037.71,0,0
2024-07-07,Smartphone Ultra,West,33,744.35,24563.55,0,0
2024-07-07,Smartphone Ultra,South,30,744.68,22340.4,0,0
2024-07-07,Smartphone Ultra,East,17,762.48,12962.16,0,0
2024-07-07,Wireless Noise-Canceling Headphones,North,32,180.48,5775.36,0,0
2024-07-07,Wireless Noise-Canceling Headphones,West,30,180.1,5403.0,0,0
2024-07-07,Wireless Noise-Canceling Headphones,South,38,177.03,6727.14,0,0
2024-07-07,Wireless Noise-Canceling Headphones,East,29,181.82,5272.78,0,0
2024-07-07,Smart Fitness Watch,North,33,216.26,7136.58,0,0
2024-07-07,Smart Fitness Watch,West,29,221.88,6434.52,0,0
2024-07-07,Smart Fitness Watch,South,32,218.12,6979.84,0,0
2024-07-07,Smart Fitness Watch,East,20,217.82,4356.4,0,0
2024-07-07,Ergonomic Office Chair,North,12,321.86,3862.32,0,0
2024-07-07,Ergonomic Office Chair,West,13,325.98,4237.74,0,0
2024-07-07,Ergonomic Office Chair,South,6,323.9,1943.4,0,0
2024-07-07,Ergonomic Office Chair,East,8,324.78,2598.24,0,0
2024-07-08,Laptop Pro 15,North,10,1180.02,11800.2,0,0
2024-07-08,Laptop Pro 15,West,2,1217.11,2434.22,0,0
2024-07-08,Laptop Pro 15,South,8,1188.47,9507.76,0,0
2024-07-08,Laptop Pro 15,East,5,1193.15,5965.75,0,0
2024-07-08,Smartphone Ultra,North,16,744.26,11908.16,0,0
2024-07-08,Smartphone Ultra,West,21,759.02,15939.42,0,0
2024-07-08,Smartphone Ultra,South,9,760.89,6848.01,0,0
2024-07-08,Smartphone Ultra,East,7,750.35,5252.45,0,0
2024-07-08,Wireless Noise-Canceling Headphones,North,27,181.27,4894.29,0,0
2024-07-08,Wireless Noise-Canceling Headphones,West,26,181.57,4720.82,0,0
2024-07-08,Wireless Noise-Canceling Headphones,South,36,181.78,6544.08,0,0
2024-07-08,Wireless Noise-Canceling Headphones,East,32,180.21,5766.72,0,0
2024-07-08,Smart Fitness Watch,North,19,221.65,4211.35,0,0
2024-07-08,Smart Fitness Watch,West,26,221.46,5757.96,0,0
2024-07-08,Smart Fitness Watch,South,24,223.67,5368.08,0,0
2024-07-08,Smart Fitness Watch,East,20,220.02,4400.4,0,0
2024-07-08,Ergonomic Office Chair,North,6,314.73,1888.38,0,0
2024-07-08,Ergonomic Office Chair,West,9,320.52,2884.68,0,0
2024-07-08,Ergonomic Office Chair,South,11,325.49,3580.39,0,0
2024-07-08,Ergonomic Office Chair,East,5,324.6,1623.0,0,0
2024-07-09,Laptop Pro 15,North,9,1211.98,10907.82,0,0
2024-07-09,Laptop Pro 15,West,10,1222.96,12229.6,0,0
2024-07-09,Laptop Pro 15,South,6,1222.0,7332.0,0,0
2024-07-09,Laptop Pro 15,East,7,1185.64,8299.48,0,0
2024-07-09,Smartphone Ultra,North,17,761.61,12947.37,0,0
2024-07-09,Smartphone Ultra,West,23,757.82,17429.86,0,0
2024-07-09,Smartphone Ultra,South,14,749.8,10497.2,0,0
2024-07-09,Smartphone Ultra,East,13,754.11,9803.43,0,0
2024-07-09,Wireless Noise-Canceling Headphones,North,26,183.12,4761.12,0,0
2024-07-09,Wireless Noise-Canceling Headphones,West,23,179.97,4139.31,0,0
2024-07-09,Wireless Noise-Canceling Headphones,South,19,182.91,3475.29,0,0
2024-07-09,Wireless Noise-Canceling Headphones,East,15,182.52,2737.8,0,0
2024-07-09,Smart Fitness Watch,North,22,219.49,4828.78,0,0
2024-07-09,Smart Fitness Watch,West,20,220.55,4411.0,0,0
2024-07-09,Smart Fitness Watch,South,13,220.43,2865.59,0,0
2024-07-09,Smart Fitness Watch,East,22,218.4,4804.8,0,0
2024-07-09,Ergonomic Office Chair,North,10,326.35,3263.5,0,0
2024-07-09,Ergonomic Office Chair,West,8,324.77,2598.16,0,0
2024-07-09,Ergonomic Office Chair,South,10,323.67,3236.7,0,0
2024-07-09,Ergonomic Office Chair,East,9,321.56,2894.04,0,0
2024-07-10,Laptop Pro 15,North,8,1184.51,9476.08,0,0
2024-07-10,Laptop Pro 15,West,9,1191.01,10719.09,0,0
2024-07-10,Laptop Pro 15,South,5,1180.03,5900.15,0,0
2024-07-10,Laptop Pro 15,East,5,1203.3,6016.5,0,0
2024-07-10,Smartphone Ultra,North,19,755.89,14361.91,0,0
2024-07-10,Smartphone Ultra,West,18,741.3,13343.4,0,0
2024-07-10,Smartphone Ultra,South,22,755.71,16625.62,0,0
2024-07-10,Smartphone Ultra,East,18,735.86,13245.48,0,0
2024-07-10,Wireless Noise-Canceling Headphones,North,27,181.57,4902.39,0,0
2024-07-10,Wireless Noise-Canceling Headphones,West,35,183.56,6424.6,0,0
2024-07-10,Wireless Noise-Canceling Headphones,South,23,178.93,4115.39,0,0
2024-07-10,Wireless Noise-Canceling Headphones,East,17,177.79,3022.43,0,0
2024-07-10,Smart Fitness Watch,North,16,216.89,3470.24,0,0
2024-07-10,Smart Fitness Watch,West,21,219.4,4607.4,0,0
2024-07-10,Smart Fitness Watch,South,29,216.81,6287.49,0,0
2024-07-10,Smart Fitness Watch,East,13,218.36,2838.68,0,0
2024-07-10,Ergonomic Office Chair,North,7,324.11,2268.77,0,0
2024-07-10,Ergonomic Office Chair,West,6,321.59,1929.54,0,0
2024-07-10,Ergonomic Office Chair,South,7,323.39,2263.73,0,0
2024-07-10,Ergonomic Office Chair,East,8,320.2,2561.6,0,0
2024-07-11,Laptop Pro 15,North,8,1194.37,9554.96,0,0
2024-07-11,Laptop Pro 15,West,12,1193.2,14318.4,0,0
2024-07-11,Laptop Pro 15,South,8,1188.34,9506.72,0,0
2024-07-11,Laptop Pro 15,East,7,1192.82,8349.74,0,0
2024-07-11,Smartphone Ultra,North,21,740.12,15542.52,0,0
2024-07-11,Smartphone Ultra,West,24,754.97,18119.28,0,0
2024-07-11,Smartphone Ultra,South,12,757.22,9086.64,0,0
2024-07-11,Smartphone Ultra,East,9,750.98,6758.82,0,0
2024-07-11,Wireless Noise-Canceling Headphones,North,31,182.53,5658.43,0,0
2024-07-11,Wireless Noise-Canceling Headphones,West,25,178.82,4470.5,0,0
2024-07-11,Wireless Noise-Canceling Headphones,South,22,180.72,3975.84,0,0
2024-07-11,Wireless Noise-Canceling Headphones,East,17,178.54,3035.18,0,0
2024-07-11,Smart Fitness Watch,North,20,218.28,4365.6,0,0
2024-07-11,Smart Fitness Watch,West,17,218.15,3708.55,0,0
2024-07-11,Smart Fitness Watch,South,24,218.91,5253.84,0,0
2024-07-11,Smart Fitness Watch,East,11,218.51,2403.61,0,0
2024-07-11,Ergonomic Office Chair,North,9,316.25,2846.25,0,0
2024-07-11,Ergonomic Office Chair,West,11,319.65,3516.15,0,0
2024-07-11,Ergonomic Office Chair,South,9,321.8,2896.2,0,0
2024-07-11,Ergonomic Office Chair,East,3,318.65,955.95,0,0
2024-07-12,Laptop Pro 15,North,7,1220.17,8541.19,0,0
2024-07-12,Laptop Pro 15,West,6,1195.68,7174.08,0,0
2024-07-12,Laptop Pro 15,South,6,1198.17,7189.02,0,0
2024-07-12,Laptop Pro 15,East,3,1190.69,3572.07,0,0
2024-07-12,Smartphone Ultra,North,31,735.12,22788.72,0,0
2024-07-12,Smartphone Ultra,West,18,743.83,13388.94,0,0
2024-07-12,Smartphone Ultra,South,20,759.12,15182.4,0,0
2024-07-12,Smartphone Ultra,East,21,760.88,15978.48,0,0
2024-07-12,Wireless Noise-Canceling Headphones,North,39,183.27,7147.53,0,0
2024-07-12,Wireless Noise-Canceling Headphones,West,28,182.89,5120.92,0,0
2024-07-12,Wireless Noise-Canceling Headphones,South,27,181.35,4896.45,0,0
2024-07-12,Wireless Noise-Canceling Headphones,East,29,179.5,5205.5,0,0
2024-07-12,Smart Fitness Watch,North,32,221.67,7093.44,0,0
2024-07-12,Smart Fitness Watch,West,29,216.97,6292.13,0,0
2024-07-12,Smart Fitness Watch,South,25,218.61,5465.25,0,0
2024-07-12,Smart Fitness Watch,East,25,223.61,5590.25,0,0
2024-07-12,Ergonomic Office Chair,North,9,317.27,2855.43,0,0
2024-07-12,Ergonomic Office Chair,West,7,324.38,2270.66,0,0
2024-07-12,Ergonomic Office Chair,South,6,315.63,1893.78,0,0
2024-07-12,Ergonomic Office Chair,East,9,323.93,2915.37,0,0
2024-07-13,Laptop Pro 15,North,7,1203.22,8422.54,0,0
2024-07-13,Laptop Pro 15,West,14,1196.27,16747.78,0,0
2024-07-13,Laptop Pro 15,South,9,1223.2,11008.8,0,0
2024-07-13,Laptop Pro 15,East,9,1195.12,10756.08,0,0
2024-07-13,Smartphone Ultra,North,22,743.28,16352.16,0,0
2024-07-13,Smartphone Ultra,West,24,747.9,17949.6,0,0
2024-07-13,Smartphone Ultra,South,23,742.12,17068.76,0,0
2024-07-13,Smartphone Ultra,East,18,754.29,13577.22,0,0
2024-07-13,Wireless Noise-Canceling Headphones,North,48,179.78,8629.44,0,0
2024-07-13,Wireless Noise-Canceling Headphones,West,41,182.97,7501.77,0,0
2024-07-13,Wireless Noise-Canceling Headphones,South,35,178.51,6247.85,0,0
2024-07-13,Wireless Noise-Canceling Headphones,East,31,177.75,5510.25,0,0
2024-07-13,Smart Fitness Watch,North,29,218.22,6328.38,0,0
2024-07-13,Smart Fitness Watch,West,29,216.23,6270.67,0,0
2024-07-13,Smart Fitness Watch,South,24,217.48,5219.52,0,0
2024-07-13,Smart Fitness Watch,East,25,220.06,5501.5,0,0
2024-07-13,Ergonomic Office Chair,North,14,317.16,4440.24,0,0
2024-07-13,Ergonomic Office Chair,West,18,323.1,5815.8,0,0
2024-07-13,Ergonomic Office Chair,South,8,323.32,2586.56,0,0
2024-07-13,Ergonomic Office Chair,East,10,323.59,3235.9,0,0
2024-07-14,Laptop Pro 15,North,15,1073.15,16097.25,1,0
2024-07-14,Laptop Pro 15,West,11,1035.98,11395.78,1,0
2024-07-14,Laptop Pro 15,South,15,1057.1,15856.5,1,0
2024-07-14,Laptop Pro 15,East,13,1053.58,13696.54,1,0
2024-07-14,Smartphone Ultra,North,50,641.46,32073.0,1,0
2024-07-14,Smartphone Ultra,West,31,661.19,20496.89,1,0
2024-07-14,Smartphone Ultra,South,31,684.8,21228.8,1,0
2024-07-14,Smartphone Ultra,East,25,644.18,16104.5,1,0
2024-07-14,Wireless Noise-Canceling Headphones,North,56,161.72,9056.32,1,0
2024-07-14,Wireless Noise-Canceling Headphones,West,54,156.45,8448.3,1,0
2024-07-14,Wireless Noise-Canceling Headphones,South,45,154.68,6960.6,1,0
2024-07-14,Wireless Noise-Canceling Headphones,East,36,153.6,5529.6,1,0
2024-07-14,Smart Fitness Watch,North,48,201.56,9674.88,1,0
2024-07-14,Smart Fitness Watch,West,41,188.04,7709.64,1,0
2024-07-14,Smart Fitness Watch,South,29,190.62,5527.98,1,0
2024-07-14,Smart Fitness Watch,East,36,198.51,7146.36,1,0
2024-07-14,Ergonomic Office Chair,North,21,284.25,5969.25,1,0
2024-07-14,Ergonomic Office Chair,West,20,276.62,5532.4,1,0
2024-07-14,Ergonomic Office Chair,South,12,272.31,3267.72,1,0
2024-07-14,Ergonomic Office Chair,East,18,273.15,4916.7,1,0
2024-07-15,Laptop Pro 15,North,9,1176.1,10584.9,0,0
2024-07-15,Laptop Pro 15,West,7,1209.77,8468.39,0,0
2024-07-15,Laptop Pro 15,South,10,1177.9,11779.0,0,0
2024-07-15,Laptop Pro 15,East,5,1212.54,6062.7,0,0
2024-07-15,Smartphone Ultra,North,20,760.36,15207.2,0,0
2024-07-15,Smartphone Ultra,West,22,760.14,16723.08,0,0
2024-07-15,Smartphone Ultra,South,14,740.77,10370.78,0,0
2024-07-15,Smartphone Ultra,East,10,744.44,7444.4,0,0
2024-07-15,Wireless Noise-Canceling Headphones,North,23,180.08,4141.84,0,0
2024-07-15,Wireless Noise-Canceling Headphones,West,23,176.61,4062.03,0,0
2024-07-15,Wireless Noise-Canceling Headphones,South,20,179.31,3586.2,0,0
2024-07-15,Wireless Noise-Canceling Headphones,East,16,181.82,2909.12,0,0
2024-07-15,Smart Fitness Watch,North,23,219.72,5053.56,0,0
2024-07-15,Smart Fitness Watch,West,19,222.07,4219.33,0,0
2024-07-15,Smart Fitness Watch,South,25,220.3,5507.5,0,0
2024-07-15,Smart Fitness Watch,East,14,218.46,3058.44,0,0
2024-07-15,Ergonomic Office Chair,North,7,318.13,2226.91,0,0
2024-07-15,Ergonomic Office Chair,West,9,314.43,2829.87,0,0
2024-07-15,Ergonomic Office Chair,South,7,314.26,2199.82,0,0
2024-07-15,Ergonomic Office Chair,East,7,323.72,2266.04,0,0
2024-07-16,Laptop Pro 15,North,9,1212.64,10913.76,0,0
2024-07-16,Laptop Pro 15,West,8,1212.6,9700.8,0,0
2024-07-16,Laptop Pro 15,South,8,1191.41,9531.28,0,0
2024-07-16,Laptop Pro 15,East,4,1213.87,4855.48,0,0
2024-07-16,Smartphone Ultra,North,17,736.63,12522.71,0,0
2024-07-16,Smartphone Ultra,West,21,743.05,15604.05,0,0
2024-07-16,Smartphone Ultra,South,16,745.46,11927.36,0,0
2024-07-16,Smartphone Ultra,East,15,737.31,11059.65,0,0
2024-07-16,Wireless Noise-Canceling Headphones,North,32,176.95,5662.4,0,0
2024-07-16,Wireless Noise-Canceling Headphones,West,32,182.39,5836.48,0,0
2024-07-16,Wireless Noise-Canceling Headphones,South,30,180.31,5409.3,0,0
2024-07-16,Wireless Noise-Canceling Headphones,East,18,180.01,3240.18,0,0
2024-07-16,Smart Fitness Watch,North,17,218.25,3710.25,0,0
2024-07-16,Smart Fitness Watch,West,18,222.98,4013.64,0,0
2024-07-16,Smart Fitness Watch,South,15,217.84,3267.6,0,0
2024-07-16,Smart Fitness Watch,East,17,221.17,3759.89,0,0
2024-07-16,Ergonomic Office Chair,North,8,320.67,2565.36,0,0
2024-07-16,Ergonomic Office Chair,West,11,317.38,3491.18,0,0
2024-07-16,Ergonomic Office Chair,South,8,316.2,2529.6,0,0
2024-07-16,Ergonomic Office Chair,East,7,317.45,2222.15,0,0
2024-07-17,Laptop Pro 15,North,12,1203.24,14438.88,0,0
2024-07-17,Laptop Pro 15,West,8,1210.5,9684.0,0,0
2024-07-17,Laptop Pro 15,South,3,1198.31,3594.93,0,0
2024-07-17,Laptop Pro 15,East,5,1194.36,5971.8,0,0
2024-07-17,Smartphone Ultra,North,17,739.82,12576.94,0,0
2024-07-17,Smartphone Ultra,West,13,755.23,9817.99,0,0
2024-07-17,Smartphone Ultra,South,15,763.3,11449.5,0,0
2024-07-17,Smartphone Ultra,East,13,741.41,9638.33,0,0
2024-07-17,Wireless Noise-Canceling Headphones,North,27,177.72,4798.44,0,0
2024-07-17,Wireless Noise-Canceling Headphones,West,28,181.42,5079.76,0,0
2024-07-17,Wireless Noise-Canceling Headphones,South,21,182.4,3830.4,0,0
2024-07-17,Wireless Noise-Canceling Headphones,East,18,182.57,3286.26,0,0
2024-07-17,Smart Fitness Watch,North,24,219.48,5267.52,0,0
2024-07-17,Smart Fitness Watch,West,26,218.54,5682.04,0,0
2024-07-17,Smart Fitness Watch,South,13,216.36,2812.68,0,0
2024-07-17,Smart Fitness Watch,East,13,217.85,2832.05,0,0
2024-07-17,Ergonomic Office Chair,North,8,322.68,2581.44,0,0
2024-07-17,Ergonomic Office Chair,West,6,320.15,1920.9,0,0
2024-07-17,Ergonomic Office Chair,South,8,325.0,2600.0,0,0
2024-07-17,Ergonomic Office Chair,East,5,320.01,1600.05,0,0
2024-07-18,Laptop Pro 15,North,8,1219.94,9759.52,0,0
2024-07-18,Laptop Pro 15,West,6,1184.68,7108.08,0,0
2024-07-18,Laptop Pro 15,South,4,1204.8,4819.2,0,0
2024-07-18,Laptop Pro 15,East,5,1217.95,6089.75,0,0
2024-07-18,Smartphone Ultra,North,15,740.99,11114.85,0,0
2024-07-18,Smartphone Ultra,West,19,758.1,14403.9,0,0
2024-07-18,Smartphone Ultra,South,15,740.37,11105.55,0,0
2024-07-18,Smartphone Ultra,East,17,763.91,12986.47,0,0
2024-07-18,Wireless Noise-Canceling Headphones,North,36,181.73,6542.28,0,0
2024-07-18,Wireless Noise-Canceling Headphones,West,28,180.12,5043.36,0,0
2024-07-18,Wireless Noise-Canceling Headphones,South,26,176.47,4588.22,0,0
2024-07-18,Wireless Noise-Canceling Headphones,East,24,181.88,4365.12,0,0
2024-07-18,Smart Fitness Watch,North,24,219.59,5270.16,0,0
2024-07-18,Smart Fitness Watch,West,21,219.06,4600.26,0,0
2024-07-18,Smart Fitness Watch,South,23,222.38,5114.74,0,0
2024-07-18,Smart Fitness Watch,East,5,218.37,1091.85,0,0
2024-07-18,Ergonomic Office Chair,North,11,324.92,3574.12,0,0
2024-07-18,Ergonomic Office Chair,West,9,324.48,2920.32,0,0
2024-07-18,Ergonomic Office Chair,South,6,322.87,1937.22,0,0
2024-07-18,Ergonomic Office Chair,East,5,324.6,1623.0,0,0
2024-07-19,Laptop Pro 15,North,9,1215.0,10935.0,0,0
2024-07-19,Laptop Pro 15,West,8,1189.31,9514.48,0,0
2024-07-19,Laptop Pro 15,South,8,1186.39,9491.12,0,0
2024-07-19,Laptop Pro 15,East,4,1190.84,4763.36,0,0
2024-07-19,Smartphone Ultra,North,23,745.02,17135.46,0,0
2024-07-19,Smartphone Ultra,West,21,761.12,15983.52,0,0
2024-07-19,Smartphone Ultra,South,10,747.19,7471.9,0,0
2024-07-19,Smartphone Ultra,East,11,745.6,8201.6,0,0
2024-07-19,Wireless Noise-Canceling Headphones,North,31,177.98,5517.38,0,0
2024-07-19,Wireless Noise-Canceling Headphones,West,30,182.62,5478.6,0,0
2024-07-19,Wireless Noise-Canceling Headphones,South,27,182.03,4914.81,0,0
2024-07-19,Wireless Noise-Canceling Headphones,East,24,177.52,4260.48,0,0
2024-07-19,Smart Fitness Watch,North,25,220.09,5502.25,0,0
2024-07-19,Smart Fitness Watch,West,26,218.94,5692.44,0,0
2024-07-19,Smart Fitness Watch,South,12,223.16,2677.92,0,0
2024-07-19,Smart Fitness Watch,East,20,223.77,4475.4,0,0
2024-07-19,Ergonomic Office Chair,North,13,325.85,4236.05,0,0
2024-07-19,Ergonomic Office Chair,West,11,316.29,3479.19,0,0
2024-07-19,Ergonomic Office Chair,South,11,314.88,3463.68,0,0
2024-07-19,Ergonomic Office Chair,East,3,314.99,944.97,0,0
2024-07-20,Laptop Pro 15,North,12,1195.84,14350.08,0,0
2024-07-20,Laptop Pro 15,West,8,1204.18,9633.44,0,0
2024-07-20,Laptop Pro 15,South,10,1189.45,11894.5,0,0
2024-07-20,Laptop Pro 15,East,7,1216.73,8517.11,0,0
2024-07-20,Smartphone Ultra,North,24,739.49,17747.76,0,0
2024-07-20,Smartphone Ultra,West,33,740.1,24423.3,0,0
2024-07-20,Smartphone Ultra,South,22,746.68,16426.96,0,0
2024-07-20,Smartphone Ultra,East,13,760.03,9880.39,0,0
2024-07-20,Wireless Noise-Canceling Headphones,North,33,176.81,5834.73,0,0
2024-07-20,Wireless Noise-Canceling Headphones,West,34,179.49,6102.66,0,0
2024-07-20,Wireless Noise-Canceling Headphones,South,38,180.98,6877.24,0,0
2024-07-20,Wireless Noise-Canceling Headphones,East,25,180.55,4513.75,0,0
2024-07-20,Smart Fitness Watch,North,38,217.19,8253.22,0,0
2024-07-20,Smart Fitness Watch,West,32,224.08,7170.56,0,0
2024-07-20,Smart Fitness Watch,South,28,221.58,6204.24,0,0
2024-07-20,Smart Fitness Watch,East,14,221.33,3098.62,0,0
2024-07-20,Ergonomic Office Chair,North,10,324.09,3240.9,0,0
2024-07-20,Ergonomic Office Chair,West,10,324.9,3249.0,0,0
2024-07-20,Ergonomic Office Chair,South,10,326.36,3263.6,0,0
2024-07-20,Ergonomic Office Chair,East,9,319.23,2873.07,0,0
2024-07-21,Laptop Pro 15,North,8,1204.88,9639.04,0,0
2024-07-21,Laptop Pro 15,West,7,1199.91,8399.37,0,0
2024-07-21,Laptop Pro 15,South,8,1207.08,9656.64,0,0
2024-07-21,Laptop Pro 15,East,9,1202.32,10820.88,0,0
2024-07-21,Smartphone Ultra,North,12,740.14,8881.68,0,0
2024-07-21,Smartphone Ultra,West,26,758.94,19732.44,0,0
2024-07-21,Smartphone Ultra,South,21,739.85,15536.85,0,0
2024-07-21,Smartphone Ultra,East,21,747.75,15702.75,0,0
2024-07-21,Wireless Noise-Canceling Headphones,North,35,181.25,6343.75,0,0
2024-07-21,Wireless Noise-Canceling Headphones,West,44,181.22,7973.68,0,0
2024-07-21,Wireless Noise-Canceling Headphones,South,38,178.69,6790.22,0,0
2024-07-21,Wireless Noise-Canceling Headphones,East,20,177.93,3558.6,0,0
2024-07-21,Smart Fitness Watch,North,27,219.86,5936.22,0,0
2024-07-21,Smart Fitness Watch,West,37,218.14,8071.18,0,0
2024-07-21,Smart Fitness Watch,South,26,220.25,5726.5,0,0
2024-07-21,Smart Fitness Watch,East,21,223.7,4697.7,0,0
2024-07-21,Ergonomic Office Chair,North,10,319.1,3191.0,0,0
2024-07-21,Ergonomic Office Chair,West,12,325.78,3909.36,0,0
2024-07-21,Ergonomic Office Chair,South,15,319.51,4792.65,0,0
2024-07-21,Ergonomic Office Chair,East,10,322.29,3222.9,0,0
2024-07-22,Laptop Pro 15,North,3,1223.49,3670.47,0,0
2024-07-22,Laptop Pro 15,West,9,1218.02,10962.18,0,0
2024-07-22,Laptop Pro 15,South,14,1222.68,17117.52,0,0
2024-07-22,Laptop Pro 15,East,8,1196.33,9570.64,0,0
2024-07-22,Smartphone Ultra,North,15,761.24,11418.6,0,0
2024-07-22,Smartphone Ultra,West,13,753.06,9789.78,0,0
2024-07-22,Smartphone Ultra,South,14,741.8,10385.2,0,0
2024-07-22,Smartphone Ultra,East,13,742.49,9652.37,0,0
2024-07-22,Wireless Noise-Canceling Headphones,North,19,180.23,3424.37,0,0
2024-07-22,Wireless Noise-Canceling Headphones,West,27,178.31,4814.37,0,0
2024-07-22,Wireless Noise-Canceling Headphones,South,23,182.08,4187.84,0,0
2024-07-22,Wireless Noise-Canceling Headphones,East,30,180.56,5416.8,0,0
2024-07-22,Smart Fitness Watch,North,19,223.57,4247.83,0,0
2024-07-22,Smart Fitness Watch,West,13,216.91,2819.83,0,0
2024-07-22,Smart Fitness Watch,South,23,223.34,5136.82,0,0
2024-07-22,Smart Fitness Watch,East,8,216.97,1735.76,0,0
2024-07-22,Ergonomic Office Chair,North,7,319.92,2239.44,0,0
2024-07-22,Ergonomic Office Chair,West,7,316.15,2213.05,0,0
2024-07-22,Ergonomic Office Chair,South,10,321.58,3215.8,0,0
2024-07-22,Ergonomic Office Chair,East,9,316.04,2844.36,0,0
2024-07-23,Laptop Pro 15,North,9,1206.61,10859.49,0,0
2024-07-23,Laptop Pro 15,West,5,1201.01,6005.05,0,0
2024-07-23,Laptop Pro 15,South,5,1190.88,5954.4,0,0
2024-07-23,Laptop Pro 15,East,10,1176.14,11761.4,0,0
2024-07-23,Smartphone Ultra,North,14,740.48,10366.72,0,0
2024-07-23,Smartphone Ultra,West,18,756.69,13620.42,0,0
2024-07-23,Smartphone Ultra,South,12,754.98,9059.76,0,0
2024-07-23,Smartphone Ultra,East,13,746.42,9703.46,0,0
2024-07-23,Wireless Noise-Canceling Headphones,North,35,181.08,6337.8,0,0
2024-07-23,Wireless Noise-Canceling Headphones,West,27,181.84,4909.68,0,0
2024-07-23,Wireless Noise-Canceling Headphones,South,25,182.03,4550.75,0,0
2024-07-23,Wireless Noise-Canceling Headphones,East,20,181.84,3636.8,0,0
2024-07-23,Smart Fitness Watch,North,15,218.77,3281.55,0,0
2024-07-23,Smart Fitness Watch,West,22,220.78,4857.16,0,0
2024-07-23,Smart Fitness Watch,South,16,218.82,3501.12,0,0
2024-07-23,Smart Fitness Watch,East,22,219.8,4835.6,0,0
2024-07-23,Ergonomic Office Chair,North,9,315.19,2836.71,0,0
2024-07-23,Ergonomic Office Chair,West,10,316.97,3169.7,0,0
2024-07-23,Ergonomic Office Chair,South,8,317.85,2542.8,0,0
2024-07-23,Ergonomic Office Chair,East,8,315.62,2524.96,0,0
2024-07-24,Laptop Pro 15,North,9,1176.32,10586.88,0,0
2024-07-24,Laptop Pro 15,West,7,1218.03,8526.21,0,0
2024-07-24,Laptop Pro 15,South,5,1205.66,6028.3,0,0
2024-07-24,Laptop Pro 15,East,5,1185.08,5925.4,0,0
2024-07-24,Smartphone Ultra,North,20,756.54,15130.8,0,0
2024-07-24,Smartphone Ultra,West,15,746.6,11199.0,0,0
2024-07-24,Smartphone Ultra,South,13,758.88,9865.44,0,0
2024-07-24,Smartphone Ultra,East,11,740.36,8143.96,0,0
2024-07-24,Wireless Noise-Canceling Headphones,North,36,177.63,6394.68,0,0
2024-07-24,Wireless Noise-Canceling Headphones,West,40,181.03,7241.2,0,0
2024-07-24,Wireless Noise-Canceling Headphones,South,30,180.47,5414.1,0,0
2024-07-24,Wireless Noise-Canceling Headphones,East,19,177.36,3369.84,0,0
2024-07-24,Smart Fitness Watch,North,29,220.63,6398.27,0,0
2024-07-24,Smart Fitness Watch,West,19,219.5,4170.5,0,0
2024-07-24,Smart Fitness Watch,South,22,221.28,4868.16,0,0
2024-07-24,Smart Fitness Watch,East,14,219.68,3075.52,0,0
2024-07-24,Ergonomic Office Chair,North,21,323.07,6784.47,0,0
2024-07-24,Ergonomic Office Chair,West,7,319.64,2237.48,0,0
2024-07-24,Ergonomic Office Chair,South,13,315.87,4106.31,0,0
2024-07-24,Ergonomic Office Chair,East,9,315.92,2843.28,0,0
2024-07-25,Laptop Pro 15,North,1,1221.19,1221.19,0,0
2024-07-25,Laptop Pro 15,West,6,1221.97,7331.82,0,0
2024-07-25,Laptop Pro 15,South,9,1218.84,10969.56,0,0
2024-07-25,Laptop Pro 15,East,2,1177.24,2354.48,0,0
2024-07-25,Smartphone Ultra,North,12,749.53,8994.36,0,0
2024-07-25,Smartphone Ultra,West,16,746.84,11949.44,0,0
2024-07-25,Smartphone Ultra,South,13,740.17,9622.21,0,0
2024-07-25,Smartphone Ultra,East,14,746.64,10452.96,0,0
2024-07-25,Wireless Noise-Canceling Headphones,North,39,179.58,7003.62,0,0
2024-07-25,Wireless Noise-Canceling Headphones,West,19,183.14,3479.66,0,0
2024-07-25,Wireless Noise-Canceling Headphones,South,22,180.63,3973.86,0,0
2024-07-25,Wireless Noise-Canceling Headphones,East,21,178.81,3755.01,0,0
2024-07-25,Smart Fitness Watch,North,21,221.7,4655.7,0,0
2024-07-25,Smart Fitness Watch,West,19,218.43,4150.17,0,0
2024-07-25,Smart Fitness Watch,South,22,215.72,4745.84,0,0
2024-07-25,Smart Fitness Watch,East,14,223.6,3130.4,0,0
2024-07-25,Ergonomic Office Chair,North,12,318.83,3825.96,0,0
2024-07-25,Ergonomic Office Chair,West,5,315.43,1577.15,0,0
2024-07-25,Ergonomic Office Chair,South,7,315.78,2210.46,0,0
2024-07-25,Ergonomic Office Chair,East,8,324.41,2595.28,0,0
2024-07-26,Laptop Pro 15,North,8,1211.44,9691.52,0,0
2024-07-26,Laptop Pro 15,West,9,1193.3,10739.7,0,0
2024-07-26,Laptop Pro 15,South,11,1188.5,13073.5,0,0
2024-07-26,Laptop Pro 15,East,8,1216.71,9733.68,0,0
2024-07-26,Smartphone Ultra,North,23,754.75,17359.25,0,0
2024-07-26,Smartphone Ultra,West,12,743.59,8923.08,0,0
2024-07-26,Smartphone Ultra,South,15,752.95,11294.25,0,0
2024-07-26,Smartphone Ultra,East,8,751.69,6013.52,0,0
2024-07-26,Wireless Noise-Canceling Headphones,North,31,179.14,5553.34,0,0
2024-07-26,Wireless Noise-Canceling Headphones,West,33,182.94,6037.02,0,0
2024-07-26,Wireless Noise-Canceling Headphones,South,29,181.01,5249.29,0,0
2024-07-26,Wireless Noise-Canceling Headphones,East,21,176.42,3704.82,0,0
2024-07-26,Smart Fitness Watch,North,17,221.24,3761.08,0,0
2024-07-26,Smart Fitness Watch,West,20,221.02,4420.4,0,0
2024-07-26,Smart Fitness Watch,South,24,222.4,5337.6,0,0
2024-07-26,Smart Fitness Watch,East,19,224.25,4260.75,0,0
2024-07-26,Ergonomic Office Chair,North,7,315.3,2207.1,0,0
2024-07-26,Ergonomic Office Chair,West,12,326.22,3914.64,0,0
2024-07-26,Ergonomic Office Chair,South,9,319.38,2874.42,0,0
2024-07-26,Ergonomic Office Chair,East,19,317.61,6034.59,0,0
2024-07-27,Laptop Pro 15,North,15,1219.19,18287.85,0,0
2024-07-27,Laptop Pro 15,West,11,1219.34,13412.74,0,0
2024-07-27,Laptop Pro 15,South,8,1199.18,9593.44,0,0
2024-07-27,Laptop Pro 15,East,4,1181.79,4727.16,0,0
2024-07-27,Smartphone Ultra,North,31,739.42,22922.02,0,0
2024-07-27,Smartphone Ultra,West,25,762.14,19053.5,0,0
2024-07-27,Smartphone Ultra,South,28,764.86,21416.08,0,0
2024-07-27,Smartphone Ultra,East,13,752.61,9783.93,0,0
2024-07-27,Wireless Noise-Canceling Headphones,North,45,182.66,8219.7,0,0
2024-07-27,Wireless Noise-Canceling Headphones,West,42,177.51,7455.42,0,0
2024-07-27,Wireless Noise-Canceling Headphones,South,29,177.62,5150.98,0,0
2024-07-27,Wireless Noise-Canceling Headphones,East,29,181.15,5253.35,0,0
2024-07-27,Smart Fitness Watch,North,34,224.17,7621.78,0,0
2024-07-27,Smart Fitness Watch,West,33,219.62,7247.46,0,0
2024-07-27,Smart Fitness Watch,South,25,221.76,5544.0,0,0
2024-07-27,Smart Fitness Watch,East,25,222.12,5553.0,0,0
2024-07-27,Ergonomic Office Chair,North,13,324.5,4218.5,0,0
2024-07-27,Ergonomic Office Chair,West,17,323.67,5502.39,0,0
2024-07-27,Ergonomic Office Chair,South,11,318.69,3505.59,0,0
2024-07-27,Ergonomic Office Chair,East,5,322.23,1611.15,0,0
2024-07-28,Laptop Pro 15,North,12,1210.77,14529.24,0,0
2024-07-28,Laptop Pro 15,West,8,1181.99,9455.92,0,0
2024-07-28,Laptop Pro 15,South,8,1205.97,9647.76,0,0
2024-07-28,Laptop Pro 15,East,4,1218.76,4875.04,0,0
2024-07-28,Smartphone Ultra,North,33,748.13,24688.29,0,0
2024-07-28,Smartphone Ultra,West,16,750.89,12014.24,0,0
2024-07-28,Smartphone Ultra,South,18,748.93,13480.74,0,0
2024-07-28,Smartphone Ultra,East,18,762.42,13723.56,0,0
2024-07-28,Wireless Noise-Canceling Headphones,North,51,178.88,9122.88,0,0
2024-07-28,Wireless Noise-Canceling Headphones,West,45,180.94,8142.3,0,0
2024-07-28,Wireless Noise-Canceling Headphones,South,38,177.51,6745.38,0,0
2024-07-28,Wireless Noise-Canceling Headphones,East,25,179.75,4493.75,0,0
2024-07-28,Smart Fitness Watch,North,31,216.54,6712.74,0,0
2024-07-28,Smart Fitness Watch,West,25,222.07,5551.75,0,0
2024-07-28,Smart Fitness Watch,South,29,218.65,6340.85,0,0
2024-07-28,Smart Fitness Watch,East,27,217.44,5870.88,0,0
2024-07-28,Ergonomic Office Chair,North,13,320.27,4163.51,0,0
2024-07-28,Ergonomic Office Chair,West,18,321.46,5786.28,0,0
2024-07-28,Ergonomic Office Chair,South,6,315.97,1895.82,0,0
2024-07-28,Ergonomic Office Chair,East,12,318.39,3820.68,0,0
2024-07-29,Laptop Pro 15,North,6,1222.45,7334.7,0,0
2024-07-29,Laptop Pro 15,West,10,1181.15,11811.5,0,0
2024-07-29,Laptop Pro 15,South,6,1222.01,7332.06,0,0
2024-07-29,Laptop Pro 15,East,4,1222.49,4889.96,0,0
2024-07-29,Smartphone Ultra,North,21,749.27,15734.67,0,0
2024-07-29,Smartphone Ultra,West,15,740.36,11105.4,0,0
2024-07-29,Smartphone Ultra,South,7,743.87,5207.09,0,0
2024-07-29,Smartphone Ultra,East,15,743.74,11156.1,0,0
2024-07-29,Wireless Noise-Canceling Headphones,North,32,181.17,5797.44,0,0
2024-07-29,Wireless Noise-Canceling Headphones,West,22,178.43,3925.46,0,0
2024-07-29,Wireless Noise-Canceling Headphones,South,25,178.74,4468.5,0,0
2024-07-29,Wireless Noise-Canceling Headphones,East,18,179.22,3225.96,0,0
2024-07-29,Smart Fitness Watch,North,17,223.14,3793.38,0,0
2024-07-29,Smart Fitness Watch,West,17,222.6,3784.2,0,0
2024-07-29,Smart Fitness Watch,South,21,216.3,4542.3,0,0
2024-07-29,Smart Fitness Watch,East,14,223.81,3133.34,0,0
2024-07-29,Ergonomic Office Chair,North,10,322.7,3227.0,0,0
2024-07-29,Ergonomic Office Chair,West,13,318.33,4138.29,0,0
2024-07-29,Ergonomic Office Chair,South,6,319.78,1918.68,0,0
2024-07-29,Ergonomic Office Chair,East,7,316.74,2217.18,0,0
2024-07-30,Laptop Pro 15,North,4,1179.59,4718.36,0,0
2024-07-30,Laptop Pro 15,West,5,1219.95,6099.75,0,0
2024-07-30,Laptop Pro 15,South,4,1196.54,4786.16,0,0
2024-07-30,Laptop Pro 15,East,5,1191.37,5956.85,0,0
2024-07-30,Smartphone Ultra,North,14,753.22,10545.08,0,0
2024-07-30,Smartphone Ultra,West,20,737.92,14758.4,0,0
2024-07-30,Smartphone Ultra,South,16,763.89,12222.24,0,0
2024-07-30,Smartphone Ultra,East,15,764.82,11472.3,0,0
2024-07-30,Wireless Noise-Canceling Headphones,North,28,180.85,5063.8,0,0
2024-07-30,Wireless Noise-Canceling Headphones,West,28,177.42,4967.76,0,0
2024-07-30,Wireless Noise-Canceling Headphones,South,27,179.02,4833.54,0,0
2024-07-30,Wireless Noise-Canceling Headphones,East,23,177.45,4081.35,0,0
2024-07-30,Smart Fitness Watch,North,25,223.58,5589.5,0,0
2024-07-30,Smart Fitness Watch,West,17,217.46,3696.82,0,0
2024-07-30,Smart Fitness Watch,South,15,220.75,3311.25,0,0
2024-07-30,Smart Fitness Watch,East,13,217.47,2827.11,0,0
2024-07-30,Ergonomic Office Chair,North,11,326.06,3586.66,0,0
2024-07-30,Ergonomic Office Chair,West,7,323.55,2264.85,0,0
2024-07-30,Ergonomic Office Chair,South,6,315.97,1895.82,0,0
2024-07-30,Ergonomic Office Chair,East,7,320.08,2240.56,0,0
2024-07-31,Laptop Pro 15,North,5,1181.7,5908.5,0,0
2024-07-31,Laptop Pro 15,West,9,1206.02,10854.18,0,0
2024-07-31,Laptop Pro 15,South,7,1213.97,8497.79,0,0
2024-07-31,Laptop Pro 15,East,5,1187.88,5939.4,0,0
2024-07-31,Smartphone Ultra,North,19,763.28,14502.32,0,0
2024-07-31,Smartphone Ultra,West,14,764.45,10702.3,0,0
2024-07-31,Smartphone Ultra,South,11,755.86,8314.46,0,0
2024-07-31,Smartphone Ultra,East,16,743.66,11898.56,0,0
2024-07-31,Wireless Noise-Canceling Headphones,North,28,181.26,5075.28,0,0
2024-07-31,Wireless Noise-Canceling Headphones,West,18,180.19,3243.42,0,0
2024-07-31,Wireless Noise-Canceling Headphones,South,20,177.1,3542.0,0,0
2024-07-31,Wireless Noise-Canceling Headphones,East,21,180.58,3792.18,0,0
2024-07-31,Smart Fitness Watch,North,35,222.31,7780.85,0,0
2024-07-31,Smart Fitness Watch,West,25,223.78,5594.5,0,0
2024-07-31,Smart Fitness Watch,South,27,219.28,5920.56,0,0
2024-07-31,Smart Fitness Watch,East,20,222.63,4452.6,0,0
2024-07-31,Ergonomic Office Chair,North,7,314.41,2200.87,0,0
2024-07-31,Ergonomic Office Chair,West,11,325.46,3580.06,0,0
2024-07-31,Ergonomic Office Chair,South,7,318.93,2232.51,0,0
2024-07-31,Ergonomic Office Chair,East,9,315.58,2840.22,0,0
2024-08-01,Laptop Pro 15,North,7,1190.88,8336.16,0,0
2024-08-01,Laptop Pro 15,West,11,1197.82,13176.02,0,0
2024-08-01,Laptop Pro 15,South,7,1222.59,8558.13,0,0
2024-08-01,Laptop Pro 15,East,5,1221.79,6108.95,0,0
2024-08-01,Smartphone Ultra,North,20,763.47,15269.4,0,0
2024-08-01,Smartphone Ultra,West,14,747.21,10460.94,0,0
2024-08-01,Smartphone Ultra,South,9,761.31,6851.79,0,0
2024-08-01,Smartphone Ultra,East,11,757.45,8331.95,0,0
2024-08-01,Wireless Noise-Canceling Headphones,North,22,177.52,3905.44,0,0
2024-08-01,Wireless Noise-Canceling Headphones,West,39,181.69,7085.91,0,0
2024-08-01,Wireless Noise-Canceling Headphones,South,27,182.74,4933.98,0,0
2024-08-01,Wireless Noise-Canceling Headphones,East,14,178.77,2502.78,0,0
2024-08-01,Smart Fitness Watch,North,23,223.04,5129.92,0,0
2024-08-01,Smart Fitness Watch,West,12,215.69,2588.28,0,0
2024-08-01,Smart Fitness Watch,South,22,220.57,4852.54,0,0
2024-08-01,Smart Fitness Watch,East,18,217.7,3918.6,0,0
2024-08-01,Ergonomic Office Chair,North,8,317.64,2541.12,0,0
2024-08-01,Ergonomic Office Chair,West,6,324.27,1945.62,0,0
2024-08-01,Ergonomic Office Chair,South,9,326.37,2937.33,0,0
2024-08-01,Ergonomic Office Chair,East,6,321.29,1927.74,0,0
2024-08-02,Laptop Pro 15,North,14,1178.09,16493.26,0,0
2024-08-02,Laptop Pro 15,West,9,1205.57,10850.13,0,0
2024-08-02,Laptop Pro 15,South,8,1187.24,9497.92,0,0
2024-08-02,Laptop Pro 15,East,8,1183.9,9471.2,0,0
2024-08-02,Smartphone Ultra,North,22,748.89,16475.58,0,0
2024-08-02,Smartphone Ultra,West,23,759.88,17477.24,0,0
2024-08-02,Smartphone Ultra,South,26,737.48,19174.48,0,0
2024-08-02,Smartphone Ultra,East,11,744.76,8192.36,0,0
2024-08-02,Wireless Noise-Canceling Headphones,North,41,181.4,7437.4,0,0
2024-08-02,Wireless Noise-Canceling Headphones,West,36,180.11,6483.96,0,0
2024-08-02,Wireless Noise-Canceling Headphones,South,32,180.3,5769.6,0,0
2024-08-02,Wireless Noise-Canceling Headphones,East,17,177.37,3015.29,0,0
2024-08-02,Smart Fitness Watch,North,15,221.28,3319.2,0,0
2024-08-02,Smart Fitness Watch,West,31,218.19,6763.89,0,0
2024-08-02,Smart Fitness Watch,South,11,218.37,2402.07,0,0
2024-08-02,Smart Fitness Watch,East,16,215.87,3453.92,0,0
2024-08-02,Ergonomic Office Chair,North,10,319.12,3191.2,0,0
2024-08-02,Ergonomic Office Chair,West,12,315.57,3786.84,0,0
2024-08-02,Ergonomic Office Chair,South,6,313.65,1881.9,0,0
2024-08-02,Ergonomic Office Chair,East,9,324.39,2919.51,0,0
2024-08-03,Laptop Pro 15,North,17,1188.61,20206.37,0,0
2024-08-03,Laptop Pro 15,West,12,1200.5,14406.0,0,0
2024-08-03,Laptop Pro 15,South,4,1178.58,4714.32,0,0
2024-08-03,Laptop Pro 15,East,3,1199.51,3598.53,0,0
2024-08-03,Smartphone Ultra,North,21,739.68,15533.28,0,0
2024-08-03,Smartphone Ultra,West,26,754.41,19614.66,0,0
2024-08-03,Smartphone Ultra,South,20,739.99,14799.8,0,0
2024-08-03,Smartphone Ultra,East,17,758.11,12887.87,0,0
2024-08-03,Wireless Noise-Canceling Headphones,North,44,178.43,7850.92,0,0
2024-08-03,Wireless Noise-Canceling Headphones,West,31,178.75,5541.25,0,0
2024-08-03,Wireless Noise-Canceling Headphones,South,27,180.86,4883.22,0,0
2024-08-03,Wireless Noise-Canceling Headphones,East,31,180.41,5592.71,0,0
2024-08-03,Smart Fitness Watch,North,32,222.38,7116.16,0,0
2024-08-03,Smart Fitness Watch,West,38,222.6,8458.8,0,0
2024-08-03,Smart Fitness Watch,South,26,223.7,5816.2,0,0
2024-08-03,Smart Fitness Watch,East,28,220.87,6184.36,0,0
2024-08-03,Ergonomic Office Chair,North,16,316.35,5061.6,0,0
2024-08-03,Ergonomic Office Chair,West,13,324.5,4218.5,0,0
2024-08-03,Ergonomic Office Chair,South,19,321.29,6104.51,0,0
2024-08-03,Ergonomic Office Chair,East,9,325.68,2931.12,0,0
2024-08-04,Laptop Pro 15,North,10,1207.69,12076.9,0,0
2024-08-04,Laptop Pro 15,West,15,1197.2,17958.0,0,0
2024-08-04,Laptop Pro 15,South,8,1184.72,9477.76,0,0
2024-08-04,Laptop Pro 15,East,7,1199.49,8396.43,0,0
2024-08-04,Smartphone Ultra,North,18,749.03,13482.54,0,0
2024-08-04,Smartphone Ultra,West,18,758.83,13658.94,0,0
2024-08-04,Smartphone Ultra,South,26,763.79,19858.54,0,0
2024-08-04,Smartphone Ultra,East,12,741.9,8902.8,0,0
2024-08-04,Wireless Noise-Canceling Headphones,North,39,183.1,7140.9,0,0
2024-08-04,Wireless Noise-Canceling Headphones,West,52,181.18,9421.36,0,0
2024-08-04,Wireless Noise-Canceling Headphones,South,32,178.58,5714.56,0,0
2024-08-04,Wireless Noise-Canceling Headphones,East,33,182.73,6030.09,0,0
2024-08-04,Smart Fitness Watch,North,24,220.18,5284.32,0,0
2024-08-04,Smart Fitness Watch,West,25,216.91,5422.75,0,0
2024-08-04,Smart Fitness Watch,South,18,219.69,3954.42,0,0
2024-08-04,Smart Fitness Watch,East,21,223.63,4696.23,0,0
2024-08-04,Ergonomic Office Chair,North,19,321.92,6116.48,0,0
2024-08-04,Ergonomic Office Chair,West,6,324.7,1948.2,0,0
2024-08-04,Ergonomic Office Chair,South,12,325.86,3910.32,0,0
2024-08-04,Ergonomic Office Chair,East,5,324.6,1623.0,0,0
2024-08-05,Laptop Pro 15,North,7,1203.55,8424.85,0,0
2024-08-05,Laptop Pro 15,West,7,1212.55,8487.85,0,0
2024-08-05,Laptop Pro 15,South,10,1220.11,12201.1,0,0
2024-08-05,Laptop Pro 15,East,9,1206.4,10857.6,0,0
2024-08-05,Smartphone Ultra,North,19,740.41,14067.79,0,0
2024-08-05,Smartphone Ultra,West,21,744.13,15626.73,0,0
2024-08-05,Smartphone Ultra,South,15,744.81,11172.15,0,0
2024-08-05,Smartphone Ultra,East,16,737.95,11807.2,0,0
2024-08-05,Wireless Noise-Canceling Headphones,North,22,176.82,3890.04,0,0
2024-08-05,Wireless Noise-Canceling Headphones,West,30,181.46,5443.8,0,0
2024-08-05,Wireless Noise-Canceling Headphones,South,20,177.66,3553.2,0,0
2024-08-05,Wireless Noise-Canceling Headphones,East,24,180.82,4339.68,0,0
2024-08-05,Smart Fitness Watch,North,29,217.29,6301.41,0,0
2024-08-05,Smart Fitness Watch,West,28,222.03,6216.84,0,0
2024-08-05,Smart Fitness Watch,South,16,221.25,3540.0,0,0
2024-08-05,Smart Fitness Watch,East,14,218.29,3056.06,0,0
2024-08-05,Ergonomic Office Chair,North,12,314.82,3777.84,0,0
2024-08-05,Ergonomic Office Chair,West,10,316.93,3169.3,0,0
2024-08-05,Ergonomic Office Chair,South,10,325.26,3252.6,0,0
2024-08-05,Ergonomic Office Chair,East,10,325.47,3254.7,0,0
2024-08-06,Laptop Pro 15,North,9,1208.15,10873.35,0,0
2024-08-06,Laptop Pro 15,West,7,1191.15,8338.05,0,0
2024-08-06,Laptop Pro 15,South,5,1185.78,5928.9,0,0
2024-08-06,Laptop Pro 15,East,3,1188.61,3565.83,0,0
2024-08-06,Smartphone Ultra,North,25,745.49,18637.25,0,0
2024-08-06,Smartphone Ultra,West,18,757.06,13627.08,0,0
2024-08-06,Smartphone Ultra,South,11,739.36,8132.96,0,0
2024-08-06,Smartphone Ultra,East,17,751.62,12777.54,0,0
2024-08-06,Wireless Noise-Canceling Headphones,North,22,178.42,3925.24,0,0
2024-08-06,Wireless Noise-Canceling Headphones,West,38,181.08,6881.04,0,0
2024-08-06,Wireless Noise-Canceling Headphones,South,21,179.26,3764.46,0,0
2024-08-06,Wireless Noise-Canceling Headphones,East,22,181.73,3998.06,0,0
2024-08-06,Smart Fitness Watch,North,27,223.83,6043.41,0,0
2024-08-06,Smart Fitness Watch,West,22,217.37,4782.14,0,0
2024-08-06,Smart Fitness Watch,South,19,224.18,4259.42,0,0
2024-08-06,Smart Fitness Watch,East,15,220.91,3313.65,0,0
2024-08-06,Ergonomic Office Chair,North,10,318.46,3184.6,0,0
2024-08-06,Ergonomic Office Chair,West,6,318.6,1911.6,0,0
2024-08-06,Ergonomic Office Chair,South,5,316.41,1582.05,0,0
2024-08-06,Ergonomic Office Chair,East,6,314.36,1886.16,0,0
2024-08-07,Laptop Pro 15,North,10,1205.7,12057.0,0,0
2024-08-07,Laptop Pro 15,West,10,1180.19,11801.9,0,0
2024-08-07,Laptop Pro 15,South,5,1212.52,6062.6,0,0
2024-08-07,Laptop Pro 15,East,2,1218.72,2437.44,0,0
2024-08-07,Smartphone Ultra,North,24,758.34,18200.16,0,0
2024-08-07,Smartphone Ultra,West,10,746.08,7460.8,0,0
2024-08-07,Smartphone Ultra,South,16,751.28,12020.48,0,0
2024-08-07,Smartphone Ultra,East,15,761.33,11419.95,0,0
2024-08-07,Wireless Noise-Canceling Headphones,North,38,182.24,6925.12,0,0
2024-08-07,Wireless Noise-Canceling Headphones,West,34,181.22,6161.48,0,0
2024-08-07,Wireless Noise-Canceling Headphones,South,30,181.64,5449.2,0,0
2024-08-07,Wireless Noise-Canceling Headphones,East,17,180.37,3066.29,0,0
2024-08-07,Smart Fitness Watch,North,26,223.8,5818.8,0,0
2024-08-07,Smart Fitness Watch,West,24,223.82,5371.68,0,0
2024-08-07,Smart Fitness Watch,South,16,219.71,3515.36,0,0
2024-08-07,Smart Fitness Watch,East,10,216.92,2169.2,0,0
2024-08-07,Ergonomic Office Chair,North,5,319.94,1599.7,0,0
2024-08-07,Ergonomic Office Chair,West,12,314.17,3770.04,0,0
2024-08-07,Ergonomic Office Chair,South,12,322.9,3874.8,0,0
2024-08-07,Ergonomic Office Chair,East,7,322.73,2259.11,0,0
2024-08-08,Laptop Pro 15,North,8,1216.04,9728.32,0,0
2024-08-08,Laptop Pro 15,West,5,1195.9,5979.5,0,0
2024-08-08,Laptop Pro 15,South,6,1204.51,7227.06,0,0
2024-08-08,Laptop Pro 15,East,1,1184.52,1184.52,0,0
2024-08-08,Smartphone Ultra,North,25,748.02,18700.5,0,0
2024-08-08,Smartphone Ultra,West,17,742.78,12627.26,0,0
2024-08-08,Smartphone Ultra,South,8,756.84,6054.72,0,0
2024-08-08,Smartphone Ultra,East,19,759.31,14426.89,0,0
2024-08-08,Wireless Noise-Canceling Headphones,North,20,176.56,3531.2,0,0
2024-08-08,Wireless Noise-Canceling Headphones,West,38,179.06,6804.28,0,0
2024-08-08,Wireless Noise-Canceling Headphones,South,23,177.05,4072.15,0,0
2024-08-08,Wireless Noise-Canceling Headphones,East,17,178.03,3026.51,0,0
2024-08-08,Smart Fitness Watch,North,15,223.53,3352.95,0,0
2024-08-08,Smart Fitness Watch,West,23,220.46,5070.58,0,0
2024-08-08,Smart Fitness Watch,South,17,222.24,3778.08,0,0
2024-08-08,Smart Fitness Watch,East,20,222.65,4453.0,0,0
2024-08-08,Ergonomic Office Chair,North,6,314.16,1884.96,0,0
2024-08-08,Ergonomic Office Chair,West,14,322.25,4511.5,0,0
2024-08-08,Ergonomic Office Chair,South,10,323.78,3237.8,0,0
2024-08-08,Ergonomic Office Chair,East,8,317.87,2542.96,0,0
2024-08-09,Laptop Pro 15,North,12,1193.14,14317.68,0,0
2024-08-09,Laptop Pro 15,West,7,1208.38,8458.66,0,0
2024-08-09,Laptop Pro 15,South,13,1186.26,15421.38,0,0
2024-08-09,Laptop Pro 15,East,7,1181.09,8267.63,0,0
2024-08-09,Smartphone Ultra,North,20,735.21,14704.2,0,0
2024-08-09,Smartphone Ultra,West,27,760.5,20533.5,0,0
2024-08-09,Smartphone Ultra,South,22,754.04,16588.88,0,0
2024-08-09,Smartphone Ultra,East,17,742.39,12620.63,0,0
2024-08-09,Wireless Noise-Canceling Headphones,North,52,181.07,9415.64,0,0
2024-08-09,Wireless Noise-Canceling Headphones,West,41,177.55,7279.55,0,0
2024-08-09,Wireless Noise-Canceling Headphones,South,25,180.94,4523.5,0,0
2024-08-09,Wireless Noise-Canceling Headphones,East,29,177.04,5134.16,0,0
2024-08-09,Smart Fitness Watch,North,21,218.06,4579.26,0,0
2024-08-09,Smart Fitness Watch,West,20,223.13,4462.6,0,0
2024-08-09,Smart Fitness Watch,South,21,222.78,4678.38,0,0
2024-08-09,Smart Fitness Watch,East,16,216.34,3461.44,0,0
2024-08-09,Ergonomic Office Chair,North,11,318.82,3507.02,0,0
2024-08-09,Ergonomic Office Chair,West,10,319.25,3192.5,0,0
2024-08-09,Ergonomic Office Chair,South,14,321.7,4503.8,0,0
2024-08-09,Ergonomic Office Chair,East,7,319.92,2239.44,0,0
2024-08-10,Laptop Pro 15,North,5,1188.82,5944.1,0,0
2024-08-10,Laptop Pro 15,West,14,1181.49,16540.86,0,0
2024-08-10,Laptop Pro 15,South,7,1218.74,8531.18,0,0
2024-08-10,Laptop Pro 15,East,6,1209.04,7254.24,0,0
2024-08-10,Smartphone Ultra,North,27,756.5,20425.5,0,0
2024-08-10,Smartphone Ultra,West,24,762.57,18301.68,0,0
2024-08-10,Smartphone Ultra,South,30,753.92,22617.6,0,0
2024-08-10,Smartphone Ultra,East,14,737.95,10331.3,0,0
2024-08-10,Wireless Noise-Canceling Headphones,North,45,178.38,8027.1,0,0
2024-08-10,Wireless Noise-Canceling Headphones,West,37,180.97,6695.89,0,0
2024-08-10,Wireless Noise-Canceling Headphones,South,36,177.11,6375.96,0,0
2024-08-10,Wireless Noise-Canceling Headphones,East,18,178.71,3216.78,0,0
2024-08-10,Smart Fitness Watch,North,29,222.09,6440.61,0,0
2024-08-10,Smart Fitness Watch,West,32,220.68,7061.76,0,0
2024-08-10,Smart Fitness Watch,South,25,216.07,5401.75,0,0
2024-08-10,Smart Fitness Watch,East,18,223.76,4027.68,0,0
2024-08-10,Ergonomic Office Chair,North,10,319.72,3197.2,0,0
2024-08-10,Ergonomic Office Chair,West,14,315.17,4412.38,0,0
2024-08-10,Ergonomic Office Chair,South,8,314.12,2512.96,0,0
2024-08-10,Ergonomic Office Chair,East,18,319.11,5743.98,0,0
2024-08-11,Laptop Pro 15,North,17,1183.4,20117.8,0,0
2024-08-11,Laptop Pro 15,West,6,1186.81,7120.86,0,0
2024-08-11,Laptop Pro 15,South,8,1177.1,9416.8,0,0
2024-08-11,Laptop Pro 15,East,5,1178.58,5892.9,0,0
2024-08-11,Smartphone Ultra,North,15,751.86,11277.9,0,0
2024-08-11,Smartphone Ultra,West,28,750.0,21000.0,0,0
2024-08-11,Smartphone Ultra,South,23,751.42,17282.66,0,0
2024-08-11,Smartphone Ultra,East,19,760.01,14440.19,0,0
2024-08-11,Wireless Noise-Canceling Headphones,North,55,177.93,9786.15,0,0
2024-08-11,Wireless Noise-Canceling Headphones,West,36,180.15,6485.4,0,0
2024-08-11,Wireless Noise-Canceling Headphones,South,30,182.93,5487.9,0,0
2024-08-11,Wireless Noise-Canceling Headphones,East,27,180.59,4875.93,0,0
2024-08-11,Smart Fitness Watch,North,23,223.43,5138.89,0,0
2024-08-11,Smart Fitness Watch,West,28,223.89,6268.92,0,0
2024-08-11,Smart Fitness Watch,South,23,222.2,5110.6,0,0
2024-08-11,Smart Fitness Watch,East,22,222.26,4889.72,0,0
2024-08-11,Ergonomic Office Chair,North,16,318.6,5097.6,0,0
2024-08-11,Ergonomic Office Chair,West,16,325.32,5205.12,0,0
2024-08-11,Ergonomic Office Chair,South,9,314.89,2834.01,0,0
2024-08-11,Ergonomic Office Chair,East,9,315.18,2836.62,0,0
2024-08-12,Laptop Pro 15,North,5,1213.91,6069.55,0,0
2024-08-12,Laptop Pro 15,West,5,1199.36,5996.8,0,0
2024-08-12,Laptop Pro 15,South,10,1183.23,11832.3,0,0
2024-08-12,Laptop Pro 15,East,9,1195.56,10760.04,0,0
2024-08-12,Smartphone Ultra,North,23,736.46,16938.58,0,0
2024-08-12,Smartphone Ultra,West,15,751.94,11279.1,0,0
2024-08-12,Smartphone Ultra,South,14,740.77,10370.78,0,0
2024-08-12,Smartphone Ultra,East,14,747.42,10463.88,0,0
2024-08-12,Wireless Noise-Canceling Headphones,North,22,180.19,3964.18,0,0
2024-08-12,Wireless Noise-Canceling Headphones,West,20,179.94,3598.8,0,0
2024-08-12,Wireless Noise-Canceling Headphones,South,26,178.75,4647.5,0,0
2024-08-12,Wireless Noise-Canceling Headphones,East,19,182.38,3465.22,0,0
2024-08-12,Smart Fitness Watch,North,27,217.92,5883.84,0,0
2024-08-12,Smart Fitness Watch,West,24,217.96,5231.04,0,0
2024-08-12,Smart Fitness Watch,South,25,221.44,5536.0,0,0
2024-08-12,Smart Fitness Watch,East,11,223.59,2459.49,0,0
2024-08-12,Ergonomic Office Chair,North,11,314.87,3463.57,0,0
2024-08-12,Ergonomic Office Chair,West,5,326.3,1631.5,0,0
2024-08-12,Ergonomic Office Chair,South,9,314.87,2833.83,0,0
2024-08-12,Ergonomic Office Chair,East,6,326.15,1956.9,0,0
2024-08-13,Laptop Pro 15,North,10,1182.27,11822.7,0,0
2024-08-13,Laptop Pro 15,West,5,1221.06,6105.3,0,0
2024-08-13,Laptop Pro 15,South,8,1203.4,9627.2,0,0
2024-08-13,Laptop Pro 15,East,4,1179.49,4717.96,0,0
2024-08-13,Smartphone Ultra,North,20,759.78,15195.6,0,0
2024-08-13,Smartphone Ultra,West,24,736.56,17677.44,0,0
2024-08-13,Smartphone Ultra,South,13,750.22,9752.86,0,0
2024-08-13,Smartphone Ultra,East,13,745.54,9692.02,0,0
2024-08-13,Wireless Noise-Canceling Headphones,North,44,180.66,7949.04,0,0
2024-08-13,Wireless Noise-Canceling Headphones,West,18,179.45,3230.1,0,0
2024-08-13,Wireless Noise-Canceling Headphones,South,27,177.69,4797.63,0,0
2024-08-13,Wireless Noise-Canceling Headphones,East,25,181.21,4530.25,0,0
2024-08-13,Smart Fitness Watch,North,34,217.36,7390.24,0,0
2024-08-13,Smart Fitness Watch,West,27,223.72,6040.44,0,0
2024-08-13,Smart Fitness Watch,South,22,221.03,4862.66,0,0
2024-08-13,Smart Fitness Watch,East,11,220.83,2429.13,0,0
2024-08-13,Ergonomic Office Chair,North,7,316.48,2215.36,0,0
2024-08-13,Ergonomic Office Chair,West,9,322.87,2905.83,0,0
2024-08-13,Ergonomic Office Chair,South,9,326.27,2936.43,0,0
2024-08-13,Ergonomic Office Chair,East,12,323.38,3880.56,0,0
2024-08-14,Laptop Pro 15,North,9,1191.91,10727.19,0,0
2024-08-14,Laptop Pro 15,West,5,1199.13,5995.65,0,0
2024-08-14,Laptop Pro 15,South,6,1195.36,7172.16,0,0
2024-08-14,Laptop Pro 15,East,10,1196.56,11965.6,0,0
2024-08-14,Smartphone Ultra,North,20,746.22,14924.4,0,0
2024-08-14,Smartphone Ultra,West,19,760.11,14442.09,0,0
2024-08-14,Smartphone Ultra,South,10,744.34,7443.4,0,0
2024-08-14,Smartphone Ultra,East,16,750.4,12006.4,0,0
2024-08-14,Wireless Noise-Canceling Headphones,North,23,180.77,4157.71,0,0
2024-08-14,Wireless Noise-Canceling Headphones,West,29,176.63,5122.27,0,0
2024-08-14,Wireless Noise-Canceling Headphones,South,34,181.43,6168.62,0,0
2024-08-14,Wireless Noise-Canceling Headphones,East,20,180.45,3609.0,0,0
2024-08-14,Smart Fitness Watch,North,26,220.66,5737.16,0,0
2024-08-14,Smart Fitness Watch,West,25,215.73,5393.25,0,0
2024-08-14,Smart Fitness Watch,South,22,219.37,4826.14,0,0
2024-08-14,Smart Fitness Watch,East,16,216.51,3464.16,0,0
2024-08-14,Ergonomic Office Chair,North,7,322.61,2258.27,0,0
2024-08-14,Ergonomic Office Chair,West,9,325.74,2931.66,0,0
2024-08-14,Ergonomic Office Chair,South,4,318.61,1274.44,0,0
2024-08-14,Ergonomic Office Chair,East,8,317.31,2538.48,0,0
2024-08-15,Laptop Pro 15,North,10,1198.67,11986.7,0,0
2024-08-15,Laptop Pro 15,West,7,1218.06,8526.42,0,0
2024-08-15,Laptop Pro 15,South,4,1222.67,4890.68,0,0
2024-08-15,Laptop Pro 15,East,3,1187.57,3562.71,0,0
2024-08-15,Smartphone Ultra,North,19,762.66,14490.54,0,0
2024-08-15,Smartphone Ultra,West,25,757.11,18927.75,0,0
2024-08-15,Smartphone Ultra,South,13,738.33,9598.29,0,0
2024-08-15,Smartphone Ultra,East,13,749.87,9748.31,0,0
2024-08-15,Wireless Noise-Canceling Headphones,North,29,179.74,5212.46,0,0
2024-08-15,Wireless Noise-Canceling Headphones,West,26,180.32,4688.32,0,0
2024-08-15,Wireless Noise-Canceling Headphones,South,26,178.88,4650.88,0,0
2024-08-15,Wireless Noise-Canceling Headphones,East,16,179.79,2876.64,0,0
2024-08-15,Smart Fitness Watch,North,27,223.49,6034.23,0,0
2024-08-15,Smart Fitness Watch,West,22,220.26,4845.72,0,0
2024-08-15,Smart Fitness Watch,South,14,220.37,3085.18,0,0
2024-08-15,Smart Fitness Watch,East,19,216.41,4111.79,0,0
2024-08-15,Ergonomic Office Chair,North,8,323.65,2589.2,0,0
2024-08-15,Ergonomic Office Chair,West,9,314.35,2829.15,0,0
2024-08-15,Ergonomic Office Chair,South,8,313.8,2510.4,0,0
2024-08-15,Ergonomic Office Chair,East,10,317.36,3173.6,0,0
2024-08-16,Laptop Pro 15,North,13,1023.99,13311.87,1,0
2024-08-16,Laptop Pro 15,West,7,1025.97,7181.79,1,0
2024-08-16,Laptop Pro 15,South,9,1045.0,9405.0,1,0
2024-08-16,Laptop Pro 15,East,6,1074.05,6444.3,1,0
2024-08-16,Smartphone Ultra,North,26,673.49,17510.74,1,0
2024-08-16,Smartphone Ultra,West,29,677.88,19658.52,1,0
2024-08-16,Smartphone Ultra,South,23,684.46,15742.58,1,0
2024-08-16,Smartphone Ultra,East,21,680.03,14280.63,1,0
2024-08-16,Wireless Noise-Canceling Headphones,North,56,164.15,9192.4,1,0
2024-08-16,Wireless Noise-Canceling Headphones,West,48,153.45,7365.6,1,0
2024-08-16,Wireless Noise-Canceling Headphones,South,38,155.09,5893.42,1,0
2024-08-16,Wireless Noise-Canceling Headphones,East,40,159.59,6383.6,1,0
2024-08-16,Smart Fitness Watch,North,36,197.56,7112.16,1,0
2024-08-16,Smart Fitness Watch,West,40,198.79,7951.6,1,0
2024-08-16,Smart Fitness Watch,South,21,201.95,4240.95,1,0
2024-08-16,Smart Fitness Watch,East,22,195.87,4309.14,1,0
2024-08-16,Ergonomic Office Chair,North,20,290.74,5814.8,1,0
2024-08-16,Ergonomic Office Chair,West,12,277.67,3332.04,1,0
2024-08-16,Ergonomic Office Chair,South,14,279.21,3908.94,1,0
2024-08-16,Ergonomic Office Chair,East,10,290.93,2909.3,1,0
2024-08-17,Laptop Pro 15,North,13,1189.54,15464.02,0,0
2024-08-17,Laptop Pro 15,West,10,1193.72,11937.2,0,0
2024-08-17,Laptop Pro 15,South,7,1208.83,8461.81,0,0
2024-08-17,Laptop Pro 15,East,6,1204.76,7228.56,0,0
2024-08-17,Smartphone Ultra,North,13,764.86,9943.18,0,0
2024-08-17,Smartphone Ultra,West,23,735.33,16912.59,0,0
2024-08-17,Smartphone Ultra,South,23,750.91,17270.93,0,0
2024-08-17,Smartphone Ultra,East,15,746.45,11196.75,0,0
2024-08-17,Wireless Noise-Canceling Headphones,North,40,181.36,7254.4,0,0
2024-08-17,Wireless Noise-Canceling Headphones,West,34,179.53,6104.02,0,0
2024-08-17,Wireless Noise-Canceling Headphones,South,34,178.15,6057.1,0,0
2024-08-17,Wireless Noise-Canceling Headphones,East,28,178.14,4987.92,0,0
2024-08-17,Smart Fitness Watch,North,35,222.74,7795.9,0,0
2024-08-17,Smart Fitness Watch,West,22,216.62,4765.64,0,0
2024-08-17,Smart Fitness Watch,South,30,222.73,6681.9,0,0
2024-08-17,Smart Fitness Watch,East,26,219.97,5719.22,0,0
2024-08-17,Ergonomic Office Chair,North,15,326.23,4893.45,0,0
2024-08-17,Ergonomic Office Chair,West,24,322.73,7745.52,0,0
2024-08-17,Ergonomic Office Chair,South,12,317.5,3810.0,0,0
2024-08-17,Ergonomic Office Chair,East,12,322.68,3872.16,0,0
2024-08-18,Laptop Pro 15,North,12,1212.73,14552.76,0,0
2024-08-18,Laptop Pro 15,West,14,1182.12,16549.68,0,0
2024-08-18,Laptop Pro 15,South,11,1186.81,13054.91,0,0
2024-08-18,Laptop Pro 15,East,6,1195.89,7175.34,0,0
2024-08-18,Smartphone Ultra,North,24,760.04,18240.96,0,0
2024-08-18,Smartphone Ultra,West,31,742.99,23032.69,0,0
2024-08-18,Smartphone Ultra,South,19,740.54,14070.26,0,0
2024-08-18,Smartphone Ultra,East,16,764.19,12227.04,0,0
2024-08-18,Wireless Noise-Canceling Headphones,North,25,176.78,4419.5,0,0
2024-08-18,Wireless Noise-Canceling Headphones,West,41,182.35,7476.35,0,0
2024-08-18,Wireless Noise-Canceling Headphones,South,45,182.85,8228.25,0,0
2024-08-18,Wireless Noise-Canceling Headphones,East,23,179.03,4117.69,0,0
2024-08-18,Smart Fitness Watch,North,28,223.47,6257.16,0,0
2024-08-18,Smart Fitness Watch,West,29,218.03,6322.87,0,0
2024-08-18,Smart Fitness Watch,South,26,223.53,5811.78,0,0
2024-08-18,Smart Fitness Watch,East,22,216.33,4759.26,0,0
2024-08-18,Ergonomic Office Chair,North,14,319.22,4469.08,0,0
2024-08-18,Ergonomic Office Chair,West,12,326.0,3912.0,0,0
2024-08-18,Ergonomic Office Chair,South,10,313.97,3139.7,0,0
2024-08-18,Ergonomic Office Chair,East,6,315.18,1891.08,0,0
2024-08-19,Laptop Pro 15,North,2,1181.18,2362.36,0,0
2024-08-19,Laptop Pro 15,West,11,1186.13,13047.43,0,0
2024-08-19,Laptop Pro 15,South,5,1197.15,5985.75,0,0
2024-08-19,Laptop Pro 15,East,4,1195.19,4780.76,0,0
2024-08-19,Smartphone Ultra,North,16,742.62,11881.92,0,0
2024-08-19,Smartphone Ultra,West,14,751.1,10515.4,0,0
2024-08-19,Smartphone Ultra,South,15,747.78,11216.7,0,0
2024-08-19,Smartphone Ultra,East,17,763.33,12976.61,0,0
2024-08-19,Wireless Noise-Canceling Headphones,North,27,178.22,4811.94,0,0
2024-08-19,Wireless Noise-Canceling Headphones,West,19,178.68,3394.92,0,0
2024-08-19,Wireless Noise-Canceling Headphones,South,30,179.77,5393.1,0,0
2024-08-19,Wireless Noise-Canceling Headphones,East,22,178.35,3923.7,0,0
2024-08-19,Smart Fitness Watch,North,16,216.43,3462.88,0,0
2024-08-19,Smart Fitness Watch,West,19,220.35,4186.65,0,0
2024-08-19,Smart Fitness Watch,South,13,216.38,2812.94,0,0
2024-08-19,Smart Fitness Watch,East,14,217.5,3045.0,0,0
2024-08-19,Ergonomic Office Chair,North,7,315.53,2208.71,0,0
2024-08-19,Ergonomic Office Chair,West,9,322.11,2898.99,0,0
2024-08-19,Ergonomic Office Chair,South,5,318.42,1592.1,0,0
2024-08-19,Ergonomic Office Chair,East,8,319.84,2558.72,0,0
2024-08-20,Laptop Pro 15,North,7,1220.52,8543.64,0,0
2024-08-20,Laptop Pro 15,West,9,1202.62,10823.58,0,0
2024-08-20,Laptop Pro 15,South,5,1209.34,6046.7,0,0
2024-08-20,Laptop Pro 15,East,7,1184.76,8293.32,0,0
2024-08-20,Smartphone Ultra,North,21,762.99,16022.79,0,0
2024-08-20,Smartphone Ultra,West,18,763.73,13747.14,0,0
2024-08-20,Smartphone Ultra,South,16,746.57,11945.12,0,0
2024-08-20,Smartphone Ultra,East,17,735.41,12501.97,0,0
2024-08-20,Wireless Noise-Canceling Headphones,North,30,178.37,5351.1,0,0
2024-08-20,Wireless Noise-Canceling Headphones,West,25,181.98,4549.5,0,0
2024-08-20,Wireless Noise-Canceling Headphones,South,24,177.64,4263.36,0,0
2024-08-20,Wireless Noise-Canceling Headphones,East,19,178.65,3394.35,0,0
2024-08-20,Smart Fitness Watch,North,18,215.76,3883.68,0,0
2024-08-20,Smart Fitness Watch,West,24,219.56,5269.44,0,0
2024-08-20,Smart Fitness Watch,South,16,223.84,3581.44,0,0
2024-08-20,Smart Fitness Watch,East,17,217.62,3699.54,0,0
2024-08-20,Ergonomic Office Chair,North,7,324.55,2271.85,0,0
2024-08-20,Ergonomic Office Chair,West,8,324.43,2595.44,0,0
2024-08-20,Ergonomic Office Chair,South,10,323.67,3236.7,0,0
2024-08-20,Ergonomic Office Chair,East,8,316.91,2535.28,0,0
2024-08-21,Laptop Pro 15,North,5,1188.5,5942.5,0,0
2024-08-21,Laptop Pro 15,West,7,1203.29,8423.03,0,0
2024-08-21,Laptop Pro 15,South,6,1201.29,7207.74,0,0
2024-08-21,Laptop Pro 15,East,4,1183.68,4734.72,0,0
2024-08-21,Smartphone Ultra,North,14,739.14,10347.96,0,0
2024-08-21,Smartphone Ultra,West,19,742.39,14105.41,0,0
2024-08-21,Smartphone Ultra,South,13,750.5,9756.5,0,0
2024-08-21,Smartphone Ultra,East,16,751.39,12022.24,0,0
2024-08-21,Wireless Noise-Canceling Headphones,North,29,180.4,5231.6,0,0
2024-08-21,Wireless Noise-Canceling Headphones,West,35,182.91,6401.85,0,0
2024-08-21,Wireless Noise-Canceling Headphones,South,19,183.46,3485.74,0,0
2024-08-21,Wireless Noise-Canceling Headphones,East,31,179.52,5565.12,0,0
2024-08-21,Smart Fitness Watch,North,17,217.23,3692.91,0,0
2024-08-21,Smart Fitness Watch,West,14,217.72,3048.08,0,0
2024-08-21,Smart Fitness Watch,South,17,221.06,3758.02,0,0
2024-08-21,Smart Fitness Watch,East,10,219.48,2194.8,0,0
2024-08-21,Ergonomic Office Chair,North,12,323.15,3877.8,0,0
2024-08-21,Ergonomic Office Chair,West,14,317.31,4442.34,0,0
2024-08-21,Ergonomic Office Chair,South,9,325.54,2929.86,0,0
2024-08-21,Ergonomic Office Chair,East,5,317.85,1589.25,0,0
2024-08-22,Laptop Pro 15,North,9,1194.98,10754.82,0,0
2024-08-22,Laptop Pro 15,West,9,1183.18,10648.62,0,0
2024-08-22,Laptop Pro 15,South,3,1188.45,3565.35,0,0
2024-08-22,Laptop Pro 15,East,8,1207.9,9663.2,0,0
2024-08-22,Smartphone Ultra,North,19,750.22,14254.18,0,0
2024-08-22,Smartphone Ultra,West,20,762.53,15250.6,0,0
2024-08-22,Smartphone Ultra,South,17,735.47,12502.99,0,0
2024-08-22,Smartphone Ultra,East,15,756.48,11347.2,0,0
2024-08-22,Wireless Noise-Canceling Headphones,North,28,177.66,4974.48,0,0
2024-08-22,Wireless Noise-Canceling Headphones,West,25,181.19,4529.75,0,0
2024-08-22,Wireless Noise-Canceling Headphones,South,19,177.89,3379.91,0,0
2024-08-22,Wireless Noise-Canceling Headphones,East,27,179.77,4853.79,0,0
2024-08-22,Smart Fitness Watch,North,31,216.81,6721.11,0,0
2024-08-22,Smart Fitness Watch,West,24,218.64,5247.36,0,0
2024-08-22,Smart Fitness Watch,South,19,215.78,4099.82,0,0
2024-08-22,Smart Fitness Watch,East,14,215.74,3020.36,0,0
2024-08-22,Ergonomic Office Chair,North,10,323.46,3234.6,0,0
2024-08-22,Ergonomic Office Chair,West,7,320.75,2245.25,0,0
2024-08-22,Ergonomic Office Chair,South,4,315.16,1260.64,0,0
2024-08-22,Ergonomic Office Chair,East,3,325.57,976.71,0,0
2024-08-23,Laptop Pro 15,North,8,1202.2,9617.6,0,0
2024-08-23,Laptop Pro 15,West,13,1203.9,15650.7,0,0
2024-08-23,Laptop Pro 15,South,4,1221.88,4887.52,0,0
2024-08-23,Laptop Pro 15,East,6,1179.17,7075.02,0,0
2024-08-23,Smartphone Ultra,North,19,740.21,14063.99,0,0
2024-08-23,Smartphone Ultra,West,17,761.72,12949.24,0,0
2024-08-23,Smartphone Ultra,South,18,759.87,13677.66,0,0
2024-08-23,Smartphone Ultra,East,13,744.95,9684.35,0,0
2024-08-23,Wireless Noise-Canceling Headphones,North,39,182.05,7099.95,0,0
2024-08-23,Wireless Noise-Canceling Headphones,West,40,177.1,7084.0,0,0
2024-08-23,Wireless Noise-Canceling Headphones,South,24,180.24,4325.76,0,0
2024-08-23,Wireless Noise-Canceling Headphones,East,24,177.42,4258.08,0,0
2024-08-23,Smart Fitness Watch,North,29,222.08,6440.32,0,0
2024-08-23,Smart Fitness Watch,West,23,215.85,4964.55,0,0
2024-08-23,Smart Fitness Watch,South,15,219.84,3297.6,0,0
2024-08-23,Smart Fitness Watch,East,27,216.07,5833.89,0,0
2024-08-23,Ergonomic Office Chair,North,14,322.99,4521.86,0,0
2024-08-23,Ergonomic Office Chair,West,10,317.17,3171.7,0,0
2024-08-23,Ergonomic Office Chair,South,10,317.01,3170.1,0,0
2024-08-23,Ergonomic Office Chair,East,4,324.47,1297.88,0,0
2024-08-24,Laptop Pro 15,North,4,1213.63,4854.52,0,0
2024-08-24,Laptop Pro 15,West,7,1184.88,8294.16,0,0
2024-08-24,Laptop Pro 15,South,10,1209.28,12092.8,0,0
2024-08-24,Laptop Pro 15,East,6,1203.02,7218.12,0,0
2024-08-24,Smartphone Ultra,North,23,763.62,17563.26,0,0
2024-08-24,Smartphone Ultra,West,22,764.92,16828.24,0,0
2024-08-24,Smartphone Ultra,South,26,753.26,19584.76,0,0
2024-08-24,Smartphone Ultra,East,10,763.2,7632.0,0,0
2024-08-24,Wireless Noise-Canceling Headphones,North,50,183.29,9164.5,0,0
2024-08-24,Wireless Noise-Canceling Headphones,West,36,182.65,6575.4,0,0
2024-08-24,Wireless Noise-Canceling Headphones,South,36,183.41,6602.76,0,0
2024-08-24,Wireless Noise-Canceling Headphones,East,34,177.25,6026.5,0,0
2024-08-24,Smart Fitness Watch,North,27,215.7,5823.9,0,0
2024-08-24,Smart Fitness Watch,West,24,223.3,5359.2,0,0
2024-08-24,Smart Fitness Watch,South,14,220.46,3086.44,0,0
2024-08-24,Smart Fitness Watch,East,16,217.22,3475.52,0,0
2024-08-24,Ergonomic Office Chair,North,14,325.63,4558.82,0,0
2024-08-24,Ergonomic Office Chair,West,8,324.06,2592.48,0,0
2024-08-24,Ergonomic Office Chair,South,11,315.64,3472.04,0,0
2024-08-24,Ergonomic Office Chair,East,7,322.11,2254.77,0,0
2024-08-25,Laptop Pro 15,North,7,1206.03,8442.21,0,0
2024-08-25,Laptop Pro 15,West,9,1216.49,10948.41,0,0
2024-08-25,Laptop Pro 15,South,8,1215.97,9727.76,0,0
2024-08-25,Laptop Pro 15,East,8,1223.93,9791.44,0,0
2024-08-25,Smartphone Ultra,North,31,757.3,23476.3,0,0
2024-08-25,Smartphone Ultra,West,17,747.75,12711.75,0,0
2024-08-25,Smartphone Ultra,South,14,755.95,10583.3,0,0
2024-08-25,Smartphone Ultra,East,15,749.49,11242.35,0,0
2024-08-25,Wireless Noise-Canceling Headphones,North,38,179.41,6817.58,0,0
2024-08-25,Wireless Noise-Canceling Headphones,West,45,181.61,8172.45,0,0
2024-08-25,Wireless Noise-Canceling Headphones,South,27,182.29,4921.83,0,0
2024-08-25,Wireless Noise-Canceling Headphones,East,27,178.28,4813.56,0,0
2024-08-25,Smart Fitness Watch,North,26,217.33,5650.58,0,0
2024-08-25,Smart Fitness Watch,West,31,222.1,6885.1,0,0
2024-08-25,Smart Fitness Watch,South,24,218.49,5243.76,0,0
2024-08-25,Smart Fitness Watch,East,20,216.57,4331.4,0,0
2024-08-25,Ergonomic Office Chair,North,17,314.48,5346.16,0,0
2024-08-25,Ergonomic Office Chair,West,7,317.34,2221.38,0,0
2024-08-25,Ergonomic Office Chair,South,9,321.83,2896.47,0,0
2024-08-25,Ergonomic Office Chair,East,10,314.05,3140.5,0,0
2024-08-26,Laptop Pro 15,North,7,1218.82,8531.74,0,0
2024-08-26,Laptop Pro 15,West,6,1188.05,7128.3,0,0
2024-08-26,Laptop Pro 15,South,7,1198.42,8388.94,0,0
2024-08-26,Laptop Pro 15,East,7,1214.94,8504.58,0,0
2024-08-26,Smartphone Ultra,North,19,755.54,14355.26,0,0
2024-08-26,Smartphone Ultra,West,18,762.29,13721.22,0,0
2024-08-26,Smartphone Ultra,South,19,748.45,14220.55,0,0
2024-08-26,Smartphone Ultra,East,13,735.38,9559.94,0,0
2024-08-26,Wireless Noise-Canceling Headphones,North,38,180.83,6871.54,0,0
2024-08-26,Wireless Noise-Canceling Headphones,West,26,177.02,4602.52,0,0
2024-08-26,Wireless Noise-Canceling Headphones,South,26,179.96,4678.96,0,0
2024-08-26,Wireless Noise-Canceling Headphones,East,13,180.87,2351.31,0,0
2024-08-26,Smart Fitness Watch,North,14,219.34,3070.76,0,0
2024-08-26,Smart Fitness Watch,West,17,219.83,3737.11,0,0
2024-08-26,Smart Fitness Watch,South,16,220.13,3522.08,0,0
2024-08-26,Smart Fitness Watch,East,13,221.61,2880.93,0,0
2024-08-26,Ergonomic Office Chair,North,8,318.91,2551.28,0,0
2024-08-26,Ergonomic Office Chair,West,7,320.91,2246.37,0,0
2024-08-26,Ergonomic Office Chair,South,7,324.35,2270.45,0,0
2024-08-26,Ergonomic Office Chair,East,8,323.55,2588.4,0,0
2024-08-27,Laptop Pro 15,North,8,1180.19,9441.52,0,0
2024-08-27,Laptop Pro 15,West,6,1206.08,7236.48,0,0
2024-08-27,Laptop Pro 15,South,8,1211.95,9695.6,0,0
2024-08-27,Laptop Pro 15,East,5,1215.87,6079.35,0,0
2024-08-27,Smartphone Ultra,North,17,741.93,12612.81,0,0
2024-08-27,Smartphone Ultra,West,21,761.98,16001.58,0,0
2024-08-27,Smartphone Ultra,South,14,735.72,10300.08,0,0
2024-08-27,Smartphone Ultra,East,13,762.93,9918.09,0,0
2024-08-27,Wireless Noise-Canceling Headphones,North,31,179.91,5577.21,0,0
2024-08-27,Wireless Noise-Canceling Headphones,West,26,182.96,4756.96,0,0
2024-08-27,Wireless Noise-Canceling Headphones,South,22,183.13,4028.86,0,0
2024-08-27,Wireless Noise-Canceling Headphones,East,26,180.46,4691.96,0,0
2024-08-27,Smart Fitness Watch,North,28,222.08,6218.24,0,0
2024-08-27,Smart Fitness Watch,West,22,222.35,4891.7,0,0
2024-08-27,Smart Fitness Watch,South,21,220.2,4624.2,0,0
2024-08-27,Smart Fitness Watch,East,12,221.98,2663.76,0,0
2024-08-27,Ergonomic Office Chair,North,8,315.93,2527.44,0,0
2024-08-27,Ergonomic Office Chair,West,7,321.39,2249.73,0,0
2024-08-27,Ergonomic Office Chair,South,11,324.18,3565.98,0,0
2024-08-27,Ergonomic Office Chair,East,9,316.42,2847.78,0,0
2024-08-28,Laptop Pro 15,North,8,1181.06,9448.48,0,0
2024-08-28,Laptop Pro 15,West,7,1214.6,8502.2,0,0
2024-08-28,Laptop Pro 15,South,7,1208.35,8458.45,0,0
2024-08-28,Laptop Pro 15,East,3,1195.34,3586.02,0,0
2024-08-28,Smartphone Ultra,North,20,751.7,15034.0,0,0
2024-08-28,Smartphone Ultra,West,17,744.18,12651.06,0,0
2024-08-28,Smartphone Ultra,South,21,752.34,15799.14,0,0
2024-08-28,Smartphone Ultra,East,11,760.31,8363.41,0,0
2024-08-28,Wireless Noise-Canceling Headphones,North,36,178.59,6429.24,0,0
2024-08-28,Wireless Noise-Canceling Headphones,West,26,181.57,4720.82,0,0
2024-08-28,Wireless Noise-Canceling Headphones,South,25,183.11,4577.75,0,0
2024-08-28,Wireless Noise-Canceling Headphones,East,20,176.76,3535.2,0,0
2024-08-28,Smart Fitness Watch,North,28,221.7,6207.6,0,0
2024-08-28,Smart Fitness Watch,West,22,218.11,4798.42,0,0
2024-08-28,Smart Fitness Watch,South,11,219.56,2415.16,0,0
2024-08-28,Smart Fitness Watch,East,20,220.19,4403.8,0,0
2024-08-28,Ergonomic Office Chair,North,8,314.56,2516.48,0,0
2024-08-28,Ergonomic Office Chair,West,6,316.1,1896.6,0,0
2024-08-28,Ergonomic Office Chair,South,6,322.5,1935.0,0,0
2024-08-28,Ergonomic Office Chair,East,6,320.42,1922.52,0,0
2024-08-29,Laptop Pro 15,North,10,1210.2,12102.0,0,0
2024-08-29,Laptop Pro 15,West,4,1215.6,4862.4,0,0
2024-08-29,Laptop Pro 15,South,8,1183.91,9471.28,0,0
2024-08-29,Laptop Pro 15,East,5,1196.39,5981.95,0,0
2024-08-29,Smartphone Ultra,North,20,742.53,14850.6,0,0
2024-08-29,Smartphone Ultra,West,15,739.69,11095.35,0,0
2024-08-29,Smartphone Ultra,South,10,737.22,7372.2,0,0
2024-08-29,Smartphone Ultra,East,9,738.72,6648.48,0,0
2024-08-29,Wireless Noise-Canceling Headphones,North,22,181.57,3994.54,0,0
2024-08-29,Wireless Noise-Canceling Headphones,West,31,179.57,5566.67,0,0
2024-08-29,Wireless Noise-Canceling Headphones,South,27,180.92,4884.84,0,0
2024-08-29,Wireless Noise-Canceling Headphones,East,12,180.17,2162.04,0,0
2024-08-29,Smart Fitness Watch,North,22,221.52,4873.44,0,0
2024-08-29,Smart Fitness Watch,West,27,216.2,5837.4,0,0
2024-08-29,Smart Fitness Watch,South,24,220.31,5287.44,0,0
2024-08-29,Smart Fitness Watch,East,17,221.46,3764.82,0,0
2024-08-29,Ergonomic Office Chair,North,11,314.7,3461.7,0,0
2024-08-29,Ergonomic Office Chair,West,13,324.93,4224.09,0,0
2024-08-29,Ergonomic Office Chair,South,8,321.8,2574.4,0,0
2024-08-29,Ergonomic Office Chair,East,7,324.72,2273.04,0,0
2024-08-30,Laptop Pro 15,North,10,1177.26,11772.6,0,0
2024-08-30,Laptop Pro 15,West,5,1185.07,5925.35,0,0
2024-08-30,Laptop Pro 15,South,8,1202.78,9622.24,0,0
2024-08-30,Laptop Pro 15,East,8,1212.17,9697.36,0,0
2024-08-30,Smartphone Ultra,North,30,750.74,22522.2,0,0
2024-08-30,Smartphone Ultra,West,22,764.96,16829.12,0,0
2024-08-30,Smartphone Ultra,South,10,763.93,7639.3,0,0
2024-08-30,Smartphone Ultra,East,15,757.6,11364.0,0,0
2024-08-30,Wireless Noise-Canceling Headphones,North,40,179.8,7192.0,0,0
2024-08-30,Wireless Noise-Canceling Headphones,West,35,182.53,6388.55,0,0
2024-08-30,Wireless Noise-Canceling Headphones,South,22,179.26,3943.72,0,0
2024-08-30,Wireless Noise-Canceling Headphones,East,27,178.12,4809.24,0,0
2024-08-30,Smart Fitness Watch,North,25,220.27,5506.75,0,0
2024-08-30,Smart Fitness Watch,West,18,222.22,3999.96,0,0
2024-08-30,Smart Fitness Watch,South,25,219.71,5492.75,0,0
2024-08-30,Smart Fitness Watch,East,16,217.12,3473.92,0,0
2024-08-30,Ergonomic Office Chair,North,9,320.16,2881.44,0,0
2024-08-30,Ergonomic Office Chair,West,8,324.97,2599.76,0,0
2024-08-30,Ergonomic Office Chair,South,8,317.93,2543.44,0,0
2024-08-30,Ergonomic Office Chair,East,6,314.54,1887.24,0,0
2024-08-31,Laptop Pro 15,North,10,1181.42,11814.2,0,0
2024-08-31,Laptop Pro 15,West,6,1181.96,7091.76,0,0
2024-08-31,Laptop Pro 15,South,11,1190.7,13097.7,0,0
2024-08-31,Laptop Pro 15,East,8,1195.11,9560.88,0,0
2024-08-31,Smartphone Ultra,North,36,758.63,27310.68,0,0
2024-08-31,Smartphone Ultra,West,25,752.74,18818.5,0,0
2024-08-31,Smartphone Ultra,South,25,738.41,18460.25,0,0
2024-08-31,Smartphone Ultra,East,18,764.47,13760.46,0,0
2024-08-31,Wireless Noise-Canceling Headphones,North,32,182.27,5832.64,0,0
2024-08-31,Wireless Noise-Canceling Headphones,West,42,181.74,7633.08,0,0
2024-08-31,Wireless Noise-Canceling Headphones,South,29,178.84,5186.36,0,0
2024-08-31,Wireless Noise-Canceling Headphones,East,32,176.76,5656.32,0,0
2024-08-31,Smart Fitness Watch,North,19,216.79,4119.01,0,0
2024-08-31,Smart Fitness Watch,West,27,218.63,5903.01,0,0
2024-08-31,Smart Fitness Watch,South,25,217.6,5440.0,0,0
2024-08-31,Smart Fitness Watch,East,21,224.28,4709.88,0,0
2024-08-31,Ergonomic Office Chair,North,14,321.68,4503.52,0,0
2024-08-31,Ergonomic Office Chair,West,12,319.48,3833.76,0,0
2024-08-31,Ergonomic Office Chair,South,10,321.49,3214.9,0,0
2024-08-31,Ergonomic Office Chair,East,8,317.87,2542.96,0,0
2024-09-01,Laptop Pro 15,North,14,1223.19,17124.66,0,0
2024-09-01,Laptop Pro 15,West,7,1214.27,8499.89,0,0
2024-09-01,Laptop Pro 15,South,12,1204.5,14454.0,0,0
2024-09-01,Laptop Pro 15,East,7,1185.02,8295.14,0,0
2024-09-01,Smartphone Ultra,North,24,756.11,18146.64,0,0
2024-09-01,Smartphone Ultra,West,23,747.26,17186.98,0,0
2024-09-01,Smartphone Ultra,South,19,737.11,14005.09,0,0
2024-09-01,Smartphone Ultra,East,16,748.88,11982.08,0,0
2024-09-01,Wireless Noise-Canceling Headphones,North,50,179.86,8993.0,0,0
2024-09-01,Wireless Noise-Canceling Headphones,West,35,178.0,6230.0,0,0
2024-09-01,Wireless Noise-Canceling Headphones,South,36,177.99,6407.64,0,0
2024-09-01,Wireless Noise-Canceling Headphones,East,27,181.88,4910.76,0,0
2024-09-01,Smart Fitness Watch,North,28,222.03,6216.84,0,0
2024-09-01,Smart Fitness Watch,West,30,217.46,6523.8,0,0
2024-09-01,Smart Fitness Watch,South,30,220.75,6622.5,0,0
2024-09-01,Smart Fitness Watch,East,18,221.03,3978.54,0,0
2024-09-01,Ergonomic Office Chair,North,13,321.18,4175.34,0,0
2024-09-01,Ergonomic Office Chair,West,11,315.27,3467.97,0,0
2024-09-01,Ergonomic Office Chair,South,13,319.83,4157.79,0,0
2024-09-01,Ergonomic Office Chair,East,10,319.88,3198.8,0,0
2024-09-02,Laptop Pro 15,North,4,1178.25,4713.0,0,0
2024-09-02,Laptop Pro 15,West,7,1211.46,8480.22,0,0
2024-09-02,Laptop Pro 15,South,5,1223.67,6118.35,0,0
2024-09-02,Laptop Pro 15,East,8,1201.44,9611.52,0,0
2024-09-02,Smartphone Ultra,North,17,735.86,12509.62,0,0
2024-09-02,Smartphone Ultra,West,19,735.83,13980.77,0,0
2024-09-02,Smartphone Ultra,South,13,752.85,9787.05,0,0
2024-09-02,Smartphone Ultra,East,14,762.52,10675.28,0,0
2024-09-02,Wireless Noise-Canceling Headphones,North,26,180.31,4688.06,0,0
2024-09-02,Wireless Noise-Canceling Headphones,West,35,183.44,6420.4,0,0
2024-09-02,Wireless Noise-Canceling Headphones,South,21,177.74,3732.54,0,0
2024-09-02,Wireless Noise-Canceling Headphones,East,15,176.96,2654.4,0,0
2024-09-02,Smart Fitness Watch,North,18,219.88,3957.84,0,0
2024-09-02,Smart Fitness Watch,West,18,216.38,3894.84,0,0
2024-09-02,Smart Fitness Watch,South,19,216.47,4112.93,0,0
2024-09-02,Smart Fitness Watch,East,13,222.54,2893.02,0,0
2024-09-02,Ergonomic Office Chair,North,7,322.79,2259.53,0,0
2024-09-02,Ergonomic Office Chair,West,3,324.97,974.91,0,0
2024-09-02,Ergonomic Office Chair,South,14,323.21,4524.94,0,0
2024-09-02,Ergonomic Office Chair,East,11,326.25,3588.75,0,0
2024-09-03,Laptop Pro 15,North,9,1212.88,10915.92,0,0
2024-09-03,Laptop Pro 15,West,5,1185.87,5929.35,0,0
2024-09-03,Laptop Pro 15,South,6,1178.07,7068.42,0,0
2024-09-03,Laptop Pro 15,East,5,1193.46,5967.3,0,0
2024-09-03,Smartphone Ultra,North,18,752.49,13544.82,0,0
2024-09-03,Smartphone Ultra,West,10,739.66,7396.6,0,0
2024-09-03,Smartphone Ultra,South,19,747.12,14195.28,0,0
2024-09-03,Smartphone Ultra,East,10,750.63,7506.3,0,0
2024-09-03,Wireless Noise-Canceling Headphones,North,35,181.35,6347.25,0,0
2024-09-03,Wireless Noise-Canceling Headphones,West,34,177.42,6032.28,0,0
2024-09-03,Wireless Noise-Canceling Headphones,South,26,182.92,4755.92,0,0
2024-09-03,Wireless Noise-Canceling Headphones,East,18,178.59,3214.62,0,0
2024-09-03,Smart Fitness Watch,North,26,216.55,5630.3,0,0
2024-09-03,Smart Fitness Watch,West,16,218.58,3497.28,0,0
2024-09-03,Smart Fitness Watch,South,24,217.24,5213.76,0,0
2024-09-03,Smart Fitness Watch,East,19,217.9,4140.1,0,0
2024-09-03,Ergonomic Office Chair,North,6,318.65,1911.9,0,0
2024-09-03,Ergonomic Office Chair,West,9,316.11,2844.99,0,0
2024-09-03,Ergonomic Office Chair,South,7,319.74,2238.18,0,0
2024-09-03,Ergonomic Office Chair,East,4,322.28,1289.12,0,0
2024-09-04,Laptop Pro 15,North,9,1218.7,10968.3,0,0
2024-09-04,Laptop Pro 15,West,7,1185.73,8300.11,0,0
2024-09-04,Laptop Pro 15,South,6,1181.18,7087.08,0,0
2024-09-04,Laptop Pro 15,East,8,1183.17,9465.36,0,0
2024-09-04,Smartphone Ultra,North,22,755.22,16614.84,0,0
2024-09-04,Smartphone Ultra,West,20,737.49,14749.8,0,0
2024-09-04,Smartphone Ultra,South,15,743.46,11151.9,0,0
2024-09-04,Smartphone Ultra,East,12,739.94,8879.28,0,0
2024-09-04,Wireless Noise-Canceling Headphones,North,32,183.25,5864.0,0,0
2024-09-04,Wireless Noise-Canceling Headphones,West,25,176.58,4414.5,0,0
2024-09-04,Wireless Noise-Canceling Headphones,South,24,183.24,4397.76,0,0
2024-09-04,Wireless Noise-Canceling Headphones,East,19,181.92,3456.48,0,0
2024-09-04,Smart Fitness Watch,North,24,215.7,5176.8,0,0
2024-09-04,Smart Fitness Watch,West,24,217.23,5213.52,0,0
2024-09-04,Smart Fitness Watch,South,12,222.6,2671.2,0,0
2024-09-04,Smart Fitness Watch,East,18,222.63,4007.34,0,0
2024-09-04,Ergonomic Office Chair,North,6,317.38,1904.28,0,0
2024-09-04,Ergonomic Office Chair,West,19,317.71,6036.49,0,0
2024-09-04,Ergonomic Office Chair,South,10,315.15,3151.5,0,0
2024-09-04,Ergonomic Office Chair,East,6,317.58,1905.48,0,0
2024-09-05,Laptop Pro 15,North,12,1206.23,14474.76,0,0
2024-09-05,Laptop Pro 15,West,8,1204.0,9632.0,0,0
2024-09-05,Laptop Pro 15,South,6,1186.15,7116.9,0,0
2024-09-05,Laptop Pro 15,East,11,1177.09,12947.99,0,0
2024-09-05,Smartphone Ultra,North,24,759.92,18238.08,0,0
2024-09-05,Smartphone Ultra,West,20,752.0,15040.0,0,0
2024-09-05,Smartphone Ultra,South,14,737.1,10319.4,0,0
2024-09-05,Smartphone Ultra,East,14,752.03,10528.42,0,0
2024-09-05,Wireless Noise-Canceling Headphones,North,33,177.53,5858.49,0,0
2024-09-05,Wireless Noise-Canceling Headphones,West,28,179.7,5031.6,0,0
2024-09-05,Wireless Noise-Canceling Headphones,South,23,180.86,4159.78,0,0
2024-09-05,Wireless Noise-Canceling Headphones,East,14,179.96,2519.44,0,0
2024-09-05,Smart Fitness Watch,North,21,219.52,4609.92,0,0
2024-09-05,Smart Fitness Watch,West,19,222.41,4225.79,0,0
2024-09-05,Smart Fitness Watch,South,19,223.95,4255.05,0,0
2024-09-05,Smart Fitness Watch,East,23,219.76,5054.48,0,0
2024-09-05,Ergonomic Office Chair,North,10,320.39,3203.9,0,0
2024-09-05,Ergonomic Office Chair,West,12,315.37,3784.44,0,0
2024-09-05,Ergonomic Office Chair,South,7,324.41,2270.87,0,0
2024-09-05,Ergonomic Office Chair,East,7,324.72,2273.04,0,0
2024-09-06,Laptop Pro 15,North,9,1208.99,10880.91,0,0
2024-09-06,Laptop Pro 15,West,6,1201.22,7207.32,0,0
2024-09-06,Laptop Pro 15,South,9,1213.65,10922.85,0,0
2024-09-06,Laptop Pro 15,East,6,1222.71,7336.26,0,0
2024-09-06,Smartphone Ultra,North,23,736.3,16934.9,0,0
2024-09-06,Smartphone Ultra,West,23,760.83,17499.09,0,0
2024-09-06,Smartphone Ultra,South,15,750.23,11253.45,0,0
2024-09-06,Smartphone Ultra,East,11,747.43,8221.73,0,0
2024-09-06,Wireless Noise-Canceling Headphones,North,38,178.85,6796.3,0,0
2024-09-06,Wireless Noise-Canceling Headphones,West,30,181.38,5441.4,0,0
2024-09-06,Wireless Noise-Canceling Headphones,South,25,182.15,4553.75,0,0
2024-09-06,Wireless Noise-Canceling Headphones,East,27,178.92,4830.84,0,0
2024-09-06,Smart Fitness Watch,North,38,220.96,8396.48,0,0
2024-09-06,Smart Fitness Watch,West,27,217.07,5860.89,0,0
2024-09-06,Smart Fitness Watch,South,16,223.38,3574.08,0,0
2024-09-06,Smart Fitness Watch,East,16,224.33,3589.28,0,0
2024-09-06,Ergonomic Office Chair,North,8,318.25,2546.0,0,0
2024-09-06,Ergonomic Office Chair,West,7,322.69,2258.83,0,0
2024-09-06,Ergonomic Office Chair,South,8,321.96,2575.68,0,0
2024-09-06,Ergonomic Office Chair,East,5,326.38,1631.9,0,0
2024-09-07,Laptop Pro 15,North,16,1220.03,19520.48,0,0
2024-09-07,Laptop Pro 15,West,9,1201.62,10814.58,0,0
2024-09-07,Laptop Pro 15,South,7,1223.43,8564.01,0,0
2024-09-07,Laptop Pro 15,East,8,1196.63,9573.04,0,0
2024-09-07,Smartphone Ultra,North,28,744.57,20847.96,0,0
2024-09-07,Smartphone Ultra,West,24,748.41,17961.84,0,0
2024-09-07,Smartphone Ultra,South,24,738.13,17715.12,0,0
2024-09-07,Smartphone Ultra,East,16,742.88,11886.08,0,0
2024-09-07,Wireless Noise-Canceling Headphones,North,39,182.66,7123.74,0,0
2024-09-07,Wireless Noise-Canceling Headphones,West,28,180.8,5062.4,0,0
2024-09-07,Wireless Noise-Canceling Headphones,South,40,176.74,7069.6,0,0
2024-09-07,Wireless Noise-Canceling Headphones,East,28,183.51,5138.28,0,0
2024-09-07,Smart Fitness Watch,North,34,218.46,7427.64,0,0
2024-09-07,Smart Fitness Watch,West,33,216.73,7152.09,0,0
2024-09-07,Smart Fitness Watch,South,35,222.79,7797.65,0,0
2024-09-07,Smart Fitness Watch,East,22,218.91,4816.02,0,0
2024-09-07,Ergonomic Office Chair,North,18,316.25,5692.5,0,0
2024-09-07,Ergonomic Office Chair,West,10,314.86,3148.6,0,0
2024-09-07,Ergonomic Office Chair,South,15,324.22,4863.3,0,0
2024-09-07,Ergonomic Office Chair,East,8,320.31,2562.48,0,0
2024-09-08,Laptop Pro 15,North,8,1198.42,9587.36,0,0
2024-09-08,Laptop Pro 15,West,10,1196.89,11968.9,0,0
2024-09-08,Laptop Pro 15,South,12,1215.09,14581.08,0,0
2024-09-08,Laptop Pro 15,East,9,1215.09,10935.81,0,0
2024-09-08,Smartphone Ultra,North,30,746.99,22409.7,0,0
2024-09-08,Smartphone Ultra,West,18,738.29,13289.22,0,0
2024-09-08,Smartphone Ultra,South,26,742.4,19302.4,0,0
2024-09-08,Smartphone Ultra,East,19,746.78,14188.82,0,0
2024-09-08,Wireless Noise-Canceling Headphones,North,33,181.82,6000.06,0,0
2024-09-08,Wireless Noise-Canceling Headphones,West,38,179.83,6833.54,0,0
2024-09-08,Wireless Noise-Canceling Headphones,South,44,176.8,7779.2,0,0
2024-09-08,Wireless Noise-Canceling Headphones,East,27,182.63,4931.01,0,0
2024-09-08,Smart Fitness Watch,North,35,216.53,7578.55,0,0
2024-09-08,Smart Fitness Watch,West,32,215.77,6904.64,0,0
2024-09-08,Smart Fitness Watch,South,29,221.4,6420.6,0,0
2024-09-08,Smart Fitness Watch,East,21,221.2,4645.2,0,0
2024-09-08,Ergonomic Office Chair,North,16,325.01,5200.16,0,0
2024-09-08,Ergonomic Office Chair,West,9,320.35,2883.15,0,0
2024-09-08,Ergonomic Office Chair,South,9,322.79,2905.11,0,0
2024-09-08,Ergonomic Office Chair,East,13,314.48,4088.24,0,0
2024-09-09,Laptop Pro 15,North,5,1187.93,5939.65,0,0
2024-09-09,Laptop Pro 15,West,11,1209.67,13306.37,0,0
2024-09-09,Laptop Pro 15,South,10,1223.47,12234.7,0,0
2024-09-09,Laptop Pro 15,East,3,1192.29,3576.87,0,0
2024-09-09,Smartphone Ultra,North,13,758.34,9858.42,0,0
2024-09-09,Smartphone Ultra,West,10,736.31,7363.1,0,0
2024-09-09,Smartphone Ultra,South,16,752.79,12044.64,0,0
2024-09-09,Smartphone Ultra,East,11,757.76,8335.36,0,0
2024-09-09,Wireless Noise-Canceling Headphones,North,29,183.42,5319.18,0,0
2024-09-09,Wireless Noise-Canceling Headphones,West,24,180.27,4326.48,0,0
2024-09-09,Wireless Noise-Canceling Headphones,South,32,180.77,5784.64,0,0
2024-09-09,Wireless Noise-Canceling Headphones,East,24,183.31,4399.44,0,0
2024-09-09,Smart Fitness Watch,North,13,219.26,2850.38,0,0
2024-09-09,Smart Fitness Watch,West,16,215.68,3450.88,0,0
2024-09-09,Smart Fitness Watch,South,18,217.38,3912.84,0,0
2024-09-09,Smart Fitness Watch,East,15,221.37,3320.55,0,0
2024-09-09,Ergonomic Office Chair,North,10,326.28,3262.8,0,0
2024-09-09,Ergonomic Office Chair,West,7,315.04,2205.28,0,0
2024-09-09,Ergonomic Office Chair,South,12,314.23,3770.76,0,0
2024-09-09,Ergonomic Office Chair,East,2,323.07,646.14,0,0
2024-09-10,Laptop Pro 15,North,5,1197.2,5986.0,0,0
2024-09-10,Laptop Pro 15,West,8,1196.74,9573.92,0,0
2024-09-10,Laptop Pro 15,South,9,1176.57,10589.13,0,0
2024-09-10,Laptop Pro 15,East,4,1197.25,4789.0,0,0
2024-09-10,Smartphone Ultra,North,18,742.9,13372.2,0,0
2024-09-10,Smartphone Ultra,West,11,736.26,8098.86,0,0
2024-09-10,Smartphone Ultra,South,14,759.99,10639.86,0,0
2024-09-10,Smartphone Ultra,East,12,757.57,9090.84,0,0
2024-09-10,Wireless Noise-Canceling Headphones,North,30,177.7,5331.0,0,0
2024-09-10,Wireless Noise-Canceling Headphones,West,26,182.25,4738.5,0,0
2024-09-10,Wireless Noise-Canceling Headphones,South,26,177.09,4604.34,0,0
2024-09-10,Wireless Noise-Canceling Headphones,East,21,182.3,3828.3,0,0
2024-09-10,Smart Fitness Watch,North,22,219.51,4829.22,0,0
2024-09-10,Smart Fitness Watch,West,16,218.59,3497.44,0,0
2024-09-10,Smart Fitness Watch,South,17,221.38,3763.46,0,0
2024-09-10,Smart Fitness Watch,East,12,220.84,2650.08,0,0
2024-09-10,Ergonomic Office Chair,North,8,324.19,2593.52,0,0
2024-09-10,Ergonomic Office Chair,West,10,322.33,3223.3,0,0
2024-09-10,Ergonomic Office Chair,South,8,318.13,2545.04,0,0
2024-09-10,Ergonomic Office Chair,East,6,322.09,1932.54,0,0
2024-09-11,Laptop Pro 15,North,7,1208.87,8462.09,0,0
2024-09-11,Laptop Pro 15,West,5,1206.15,6030.75,0,0
2024-09-11,Laptop Pro 15,South,13,1185.76,15414.88,0,0
2024-09-11,Laptop Pro 15,East,6,1205.95,7235.7,0,0
2024-09-11,Smartphone Ultra,North,20,763.03,15260.6,0,0
2024-09-11,Smartphone Ultra,West,15,751.23,11268.45,0,0
2024-09-11,Smartphone Ultra,South,19,754.14,14328.66,0,0
2024-09-11,Smartphone Ultra,East,8,738.75,5910.0,0,0
2024-09-11,Wireless Noise-Canceling Headphones,North,38,177.67,6751.46,0,0
2024-09-11,Wireless Noise-Canceling Headphones,West,23,182.27,4192.21,0,0
2024-09-11,Wireless Noise-Canceling Headphones,South,30,181.59,5447.7,0,0
2024-09-11,Wireless Noise-Canceling Headphones,East,22,179.89,3957.58,0,0
2024-09-11,Smart Fitness Watch,North,22,223.57,4918.54,0,0
2024-09-11,Smart Fitness Watch,West,20,217.42,4348.4,0,0
2024-09-11,Smart Fitness Watch,South,17,217.44,3696.48,0,0
2024-09-11,Smart Fitness Watch,East,12,220.66,2647.92,0,0
2024-09-11,Ergonomic Office Chair,North,11,320.86,3529.46,0,0
2024-09-11,Ergonomic Office Chair,West,11,319.94,3519.34,0,0
2024-09-11,Ergonomic Office Chair,South,10,323.51,3235.1,0,0
2024-09-11,Ergonomic Office Chair,East,5,314.51,1572.55,0,0
2024-09-12,Laptop Pro 15,North,5,1194.05,5970.25,0,0
2024-09-12,Laptop Pro 15,West,8,1202.41,9619.28,0,0
2024-09-12,Laptop Pro 15,South,8,1215.17,9721.36,0,0
2024-09-12,Laptop Pro 15,East,2,1209.64,2419.28,0,0
2024-09-12,Smartphone Ultra,North,21,758.24,15923.04,0,0
2024-09-12,Smartphone Ultra,West,15,754.14,11312.1,0,0
2024-09-12,Smartphone Ultra,South,18,741.65,13349.7,0,0
2024-09-12,Smartphone Ultra,East,15,751.12,11266.8,0,0
2024-09-12,Wireless Noise-Canceling Headphones,North,23,183.43,4218.89,0,0
2024-09-12,Wireless Noise-Canceling Headphones,West,30,183.27,5498.1,0,0
2024-09-12,Wireless Noise-Canceling Headphones,South,32,178.34,5706.88,0,0
2024-09-12,Wireless Noise-Canceling Headphones,East,15,183.02,2745.3,0,0
2024-09-12,Smart Fitness Watch,North,23,220.93,5081.39,0,0
2024-09-12,Smart Fitness Watch,West,20,223.69,4473.8,0,0
2024-09-12,Smart Fitness Watch,South,15,219.38,3290.7,0,0
2024-09-12,Smart Fitness Watch,East,20,216.68,4333.6,0,0
2024-09-12,Ergonomic Office Chair,North,9,318.15,2863.35,0,0
2024-09-12,Ergonomic Office Chair,West,12,323.56,3882.72,0,0
2024-09-12,Ergonomic Office Chair,South,15,313.97,4709.55,0,0
2024-09-12,Ergonomic Office Chair,East,4,320.81,1283.24,0,0
2024-09-13,Laptop Pro 15,North,15,1188.28,17824.2,0,0
2024-09-13,Laptop Pro 15,West,3,1184.14,3552.42,0,0
2024-09-13,Laptop Pro 15,South,10,1179.42,11794.2,0,0
2024-09-13,Laptop Pro 15,East,7,1211.68,8481.76,0,0
2024-09-13,Smartphone Ultra,North,18,746.84,13443.12,0,0
2024-09-13,Smartphone Ultra,West,22,754.04,16588.88,0,0
2024-09-13,Smartphone Ultra,South,18,743.78,13388.04,0,0
2024-09-13,Smartphone Ultra,East,19,739.39,14048.41,0,0
2024-09-13,Wireless Noise-Canceling Headphones,North,27,178.12,4809.24,0,0
2024-09-13,Wireless Noise-Canceling Headphones,West,34,182.85,6216.9,0,0
2024-09-13,Wireless Noise-Canceling Headphones,South,30,179.45,5383.5,0,0
2024-09-13,Wireless Noise-Canceling Headphones,East,19,178.47,3390.93,0,0
2024-09-13,Smart Fitness Watch,North,23,216.43,4977.89,0,0
2024-09-13,Smart Fitness Watch,West,24,221.85,5324.4,0,0
2024-09-13,Smart Fitness Watch,South,26,215.91,5613.66,0,0
2024-09-13,Smart Fitness Watch,East,19,219.23,4165.37,0,0
2024-09-13,Ergonomic Office Chair,North,10,325.2,3252.0,0,0
2024-09-13,Ergonomic Office Chair,West,8,321.96,2575.68,0,0
2024-09-13,Ergonomic Office Chair,South,9,324.05,2916.45,0,0
2024-09-13,Ergonomic Office Chair,East,11,317.09,3487.99,0,0
2024-09-14,Laptop Pro 15,North,19,1029.3,19556.7,1,0
2024-09-14,Laptop Pro 15,West,9,1060.7,9546.3,1,0
2024-09-14,Laptop Pro 15,South,10,1025.91,10259.1,1,0
2024-09-14,Laptop Pro 15,East,13,1020.54,13267.02,1,0
2024-09-14,Smartphone Ultra,North,34,647.38,22010.92,1,0
2024-09-14,Smartphone Ultra,West,42,656.08,27555.36,1,0
2024-09-14,Smartphone Ultra,South,28,689.98,19319.44,1,0
2024-09-14,Smartphone Ultra,East,20,683.71,13674.2,1,0
2024-09-14,Wireless Noise-Canceling Headphones,North,51,165.29,8429.79,1,0
2024-09-14,Wireless Noise-Canceling Headphones,West,52,154.01,8008.52,1,0
2024-09-14,Wireless Noise-Canceling Headphones,South,52,161.81,8414.12,1,0
2024-09-14,Wireless Noise-Canceling Headphones,East,41,159.88,6555.08,1,0
2024-09-14,Smart Fitness Watch,North,37,198.56,7346.72,1,0
2024-09-14,Smart Fitness Watch,West,44,201.09,8847.96,1,0
2024-09-14,Smart Fitness Watch,South,40,199.42,7976.8,1,0
2024-09-14,Smart Fitness Watch,East,34,188.76,6417.84,1,0
2024-09-14,Ergonomic Office Chair,North,27,286.86,7745.22,1,0
2024-09-14,Ergonomic Office Chair,West,14,289.33,4050.62,1,0
2024-09-14,Ergonomic Office Chair,South,14,288.92,4044.88,1,0
2024-09-14,Ergonomic Office Chair,East,15,281.57,4223.55,1,0
2024-09-15,Laptop Pro 15,North,16,1055.88,16894.08,1,0
2024-09-15,Laptop Pro 15,West,14,1051.74,14724.36,1,0
2024-09-15,Laptop Pro 15,South,10,1031.25,10312.5,1,0
2024-09-15,Laptop Pro 15,East,13,1068.66,13892.58,1,0
2024-09-15,Smartphone Ultra,North,38,677.86,25758.68,1,0
2024-09-15,Smartphone Ultra,West,47,658.98,30972.06,1,0
2024-09-15,Smartphone Ultra,South,25,666.8,16670.0,1,0
2024-09-15,Smartphone Ultra,East,23,689.2,15851.6,1,0
2024-09-15,Wireless Noise-Canceling Headphones,North,66,157.32,10383.12,1,0
2024-09-15,Wireless Noise-Canceling Headphones,West,54,160.7,8677.8,1,0
2024-09-15,Wireless Noise-Canceling Headphones,South,57,164.44,9373.08,1,0
2024-09-15,Wireless Noise-Canceling Headphones,East,29,153.18,4442.22,1,0
2024-09-15,Smart Fitness Watch,North,33,201.24,6640.92,1,0
2024-09-15,Smart Fitness Watch,West,47,188.06,8838.82,1,0
2024-09-15,Smart Fitness Watch,South,43,191.97,8254.71,1,0
2024-09-15,Smart Fitness Watch,East,29,195.49,5669.21,1,0
2024-09-15,Ergonomic Office Chair,North,22,291.44,6411.68,1,0
2024-09-15,Ergonomic Office Chair,West,19,287.71,5466.49,1,0
2024-09-15,Ergonomic Office Chair,South,11,292.97,3222.67,1,0
2024-09-15,Ergonomic Office Chair,East,11,272.73,3000.03,1,0
2024-09-16,Laptop Pro 15,North,9,1211.61,10904.49,0,0
2024-09-16,Laptop Pro 15,West,14,1180.73,16530.22,0,0
2024-09-16,Laptop Pro 15,South,6,1217.88,7307.28,0,0
2024-09-16,Laptop Pro 15,East,3,1214.25,3642.75,0,0
2024-09-16,Smartphone Ultra,North,18,751.16,13520.88,0,0
2024-09-16,Smartphone Ultra,West,17,745.0,12665.0,0,0
2024-09-16,Smartphone Ultra,South,19,754.31,14331.89,0,0
2024-09-16,Smartphone Ultra,East,14,736.61,10312.54,0,0
2024-09-16,Wireless Noise-Canceling Headphones,North,41,176.46,7234.86,0,0
2024-09-16,Wireless Noise-Canceling Headphones,West,23,182.01,4186.23,0,0
2024-09-16,Wireless Noise-Canceling Headphones,South,31,178.14,5522.34,0,0
2024-09-16,Wireless Noise-Canceling Headphones,East,28,178.86,5008.08,0,0
2024-09-16,Smart Fitness Watch,North,22,220.7,4855.4,0,0
2024-09-16,Smart Fitness Watch,West,23,222.55,5118.65,0,0
2024-09-16,Smart Fitness Watch,South,17,216.09,3673.53,0,0
2024-09-16,Smart Fitness Watch,East,14,221.78,3104.92,0,0
2024-09-16,Ergonomic Office Chair,North,9,320.51,2884.59,0,0
2024-09-16,Ergonomic Office Chair,West,6,314.84,1889.04,0,0
2024-09-16,Ergonomic Office Chair,South,8,314.87,2518.96,0,0
2024-09-16,Ergonomic Office Chair,East,5,325.29,1626.45,0,0
2024-09-17,Laptop Pro 15,North,8,1182.88,9463.04,0,0
2024-09-17,Laptop Pro 15,West,8,1207.71,9661.68,0,0
2024-09-17,Laptop Pro 15,South,7,1209.06,8463.42,0,0
2024-09-17,Laptop Pro 15,East,2,1189.84,2379.68,0,0
2024-09-17,Smartphone Ultra,North,12,736.37,8836.44,0,0
2024-09-17,Smartphone Ultra,West,27,752.12,20307.24,0,0
2024-09-17,Smartphone Ultra,South,9,748.99,6740.91,0,0
2024-09-17,Smartphone Ultra,East,15,745.95,11189.25,0,0
2024-09-17,Wireless Noise-Canceling Headphones,North,22,179.8,3955.6,0,0
2024-09-17,Wireless Noise-Canceling Headphones,West,27,180.61,4876.47,0,0
2024-09-17,Wireless Noise-Canceling Headphones,South,23,179.58,4130.34,0,0
2024-09-17,Wireless Noise-Canceling Headphones,East,20,177.41,3548.2,0,0
2024-09-17,Smart Fitness Watch,North,29,221.97,6437.13,0,0
2024-09-17,Smart Fitness Watch,West,21,220.93,4639.53,0,0
2024-09-17,Smart Fitness Watch,South,14,221.86,3106.04,0,0
2024-09-17,Smart Fitness Watch,East,20,220.51,4410.2,0,0
2024-09-17,Ergonomic Office Chair,North,10,321.87,3218.7,0,0
2024-09-17,Ergonomic Office Chair,West,18,321.53,5787.54,0,0
2024-09-17,Ergonomic Office Chair,South,9,319.16,2872.44,0,0
2024-09-17,Ergonomic Office Chair,East,5,321.27,1606.35,0,0
2024-09-18,Laptop Pro 15,North,7,1207.13,8449.91,0,0
2024-09-18,Laptop Pro 15,West,6,1181.69,7090.14,0,0
2024-09-18,Laptop Pro 15,South,4,1179.21,4716.84,0,0
2024-09-18,Laptop Pro 15,East,6,1187.6,7125.6,0,0
2024-09-18,Smartphone Ultra,North,16,764.6,12233.6,0,0
2024-09-18,Smartphone Ultra,West,14,752.52,10535.28,0,0
2024-09-18,Smartphone Ultra,South,22,755.54,16621.88,0,0
2024-09-18,Smartphone Ultra,East,12,751.47,9017.64,0,0
2024-09-18,Wireless Noise-Canceling Headphones,North,28,181.09,5070.52,0,0
2024-09-18,Wireless Noise-Canceling Headphones,West,42,179.23,7527.66,0,0
2024-09-18,Wireless Noise-Canceling Headphones,South,30,183.56,5506.8,0,0
2024-09-18,Wireless Noise-Canceling Headphones,East,17,181.3,3082.1,0,0
2024-09-18,Smart Fitness Watch,North,16,216.21,3459.36,0,0
2024-09-18,Smart Fitness Watch,West,25,217.66,5441.5,0,0
2024-09-18,Smart Fitness Watch,South,19,217.86,4139.34,0,0
2024-09-18,Smart Fitness Watch,East,14,220.03,3080.42,0,0
2024-09-18,Ergonomic Office Chair,North,6,319.16,1914.96,0,0
2024-09-18,Ergonomic Office Chair,West,5,317.28,1586.4,0,0
2024-09-18,Ergonomic Office Chair,South,9,321.95,2897.55,0,0
2024-09-18,Ergonomic Office Chair,East,15,319.15,4787.25,0,0
2024-09-19,Laptop Pro 15,North,5,1192.52,5962.6,0,0
2024-09-19,Laptop Pro 15,West,12,1180.51,14166.12,0,0
2024-09-19,Laptop Pro 15,South,6,1217.16,7302.96,0,0
2024-09-19,Laptop Pro 15,East,4,1204.61,4818.44,0,0
2024-09-19,Smartphone Ultra,North,20,751.18,15023.6,0,0
2024-09-19,Smartphone Ultra,West,18,742.72,13368.96,0,0
2024-09-19,Smartphone Ultra,South,12,743.02,8916.24,0,0
2024-09-19,Smartphone Ultra,East,12,743.13,8917.56,0,0
2024-09-19,Wireless Noise-Canceling Headphones,North,32,176.73,5655.36,0,0
2024-09-19,Wireless Noise-Canceling Headphones,West,35,180.86,6330.1,0,0
2024-09-19,Wireless Noise-Canceling Headphones,South,26,179.38,4663.88,0,0
2024-09-19,Wireless Noise-Canceling Headphones,East,13,181.52,2359.76,0,0
2024-09-19,Smart Fitness Watch,North,20,220.13,4402.6,0,0
2024-09-19,Smart Fitness Watch,West,22,220.15,4843.3,0,0
2024-09-19,Smart Fitness Watch,South,9,224.33,2018.97,0,0
2024-09-19,Smart Fitness Watch,East,19,221.56,4209.64,0,0
2024-09-19,Ergonomic Office Chair,North,10,324.03,3240.3,0,0
2024-09-19,Ergonomic Office Chair,West,11,315.27,3467.97,0,0
2024-09-19,Ergonomic Office Chair,South,5,325.85,1629.25,0,0
2024-09-19,Ergonomic Office Chair,East,8,319.54,2556.32,0,0
2024-09-20,Laptop Pro 15,North,12,1177.79,14133.48,0,0
2024-09-20,Laptop Pro 15,West,12,1202.94,14435.28,0,0
2024-09-20,Laptop Pro 15,South,9,1176.13,10585.17,0,0
2024-09-20,Laptop Pro 15,East,9,1177.12,10594.08,0,0
2024-09-20,Smartphone Ultra,North,18,745.96,13427.28,0,0
2024-09-20,Smartphone Ultra,West,22,759.75,16714.5,0,0
2024-09-20,Smartphone Ultra,South,18,747.82,13460.76,0,0
2024-09-20,Smartphone Ultra,East,13,741.89,9644.57,0,0
2024-09-20,Wireless Noise-Canceling Headphones,North,39,177.14,6908.46,0,0
2024-09-20,Wireless Noise-Canceling Headphones,West,39,182.2,7105.8,0,0
2024-09-20,Wireless Noise-Canceling Headphones,South,29,182.49,5292.21,0,0
2024-09-20,Wireless Noise-Canceling Headphones,East,34,177.9,6048.6,0,0
2024-09-20,Smart Fitness Watch,North,33,220.94,7291.02,0,0
2024-09-20,Smart Fitness Watch,West,28,220.6,6176.8,0,0
2024-09-20,Smart Fitness Watch,South,19,222.01,4218.19,0,0
2024-09-20,Smart Fitness Watch,East,19,217.53,4133.07,0,0
2024-09-20,Ergonomic Office Chair,North,11,314.53,3459.83,0,0
2024-09-20,Ergonomic Office Chair,West,13,321.91,4184.83,0,0
2024-09-20,Ergonomic Office Chair,South,10,322.58,3225.8,0,0
2024-09-20,Ergonomic Office Chair,East,3,317.64,952.92,0,0
2024-09-21,Laptop Pro 15,North,10,1195.58,11955.8,0,0
2024-09-21,Laptop Pro 15,West,15,1185.25,17778.75,0,0
2024-09-21,Laptop Pro 15,South,8,1215.61,9724.88,0,0
2024-09-21,Laptop Pro 15,East,5,1180.34,5901.7,0,0
2024-09-21,Smartphone Ultra,North,21,757.26,15902.46,0,0
2024-09-21,Smartphone Ultra,West,23,736.57,16941.11,0,0
2024-09-21,Smartphone Ultra,South,22,761.34,16749.48,0,0
2024-09-21,Smartphone Ultra,East,18,736.96,13265.28,0,0
2024-09-21,Wireless Noise-Canceling Headphones,North,37,181.95,6732.15,0,0
2024-09-21,Wireless Noise-Canceling Headphones,West,31,181.2,5617.2,0,0
2024-09-21,Wireless Noise-Canceling Headphones,South,42,178.87,7512.54,0,0
2024-09-21,Wireless Noise-Canceling Headphones,East,18,179.11,3223.98,0,0
2024-09-21,Smart Fitness Watch,North,24,221.48,5315.52,0,0
2024-09-21,Smart Fitness Watch,West,25,220.43,5510.75,0,0
2024-09-21,Smart Fitness Watch,South,33,216.93,7158.69,0,0
2024-09-21,Smart Fitness Watch,East,23,223.19,5133.37,0,0
2024-09-21,Ergonomic Office Chair,North,15,316.91,4753.65,0,0
2024-09-21,Ergonomic Office Chair,West,18,324.23,5836.14,0,0
2024-09-21,Ergonomic Office Chair,South,11,318.09,3498.99,0,0
2024-09-21,Ergonomic Office Chair,East,10,319.6,3196.0,0,0
2024-09-22,Laptop Pro 15,North,9,1204.69,10842.21,0,0
2024-09-22,Laptop Pro 15,West,10,1213.03,12130.3,0,0
2024-09-22,Laptop Pro 15,South,7,1220.23,8541.61,0,0
2024-09-22,Laptop Pro 15,East,7,1207.97,8455.79,0,0
2024-09-22,Smartphone Ultra,North,25,751.42,18785.5,0,0
2024-09-22,Smartphone Ultra,West,32,747.5,23920.0,0,0
2024-09-22,Smartphone Ultra,South,21,735.67,15449.07,0,0
2024-09-22,Smartphone Ultra,East,23,743.24,17094.52,0,0
2024-09-22,Wireless Noise-Canceling Headphones,North,36,180.05,6481.8,0,0
2024-09-22,Wireless Noise-Canceling Headphones,West,43,183.13,7874.59,0,0
2024-09-22,Wireless Noise-Canceling Headphones,South,35,176.77,6186.95,0,0
2024-09-22,Wireless Noise-Canceling Headphones,East,25,178.81,4470.25,0,0
2024-09-22,Smart Fitness Watch,North,25,224.27,5606.75,0,0
2024-09-22,Smart Fitness Watch,West,30,222.48,6674.4,0,0
2024-09-22,Smart Fitness Watch,South,28,220.39,6170.92,0,0
2024-09-22,Smart Fitness Watch,East,21,215.87,4533.27,0,0
2024-09-22,Ergonomic Office Chair,North,8,324.95,2599.6,0,0
2024-09-22,Ergonomic Office Chair,West,13,317.23,4123.99,0,0
2024-09-22,Ergonomic Office Chair,South,6,321.86,1931.16,0,0
2024-09-22,Ergonomic Office Chair,East,10,317.19,3171.9,0,0
2024-09-23,Laptop Pro 15,North,7,1195.04,8365.28,0,0
2024-09-23,Laptop Pro 15,West,9,1216.92,10952.28,0,0
2024-09-23,Laptop Pro 15,South,5,1185.41,5927.05,0,0
2024-09-23,Laptop Pro 15,East,7,1178.42,8248.94,0,0
2024-09-23,Smartphone Ultra,North,17,759.43,12910.31,0,0
2024-09-23,Smartphone Ultra,West,23,741.88,17063.24,0,0
2024-09-23,Smartphone Ultra,South,17,736.67,12523.39,0,0
2024-09-23,Smartphone Ultra,East,20,750.25,15005.0,0,0
2024-09-23,Wireless Noise-Canceling Headphones,North,32,179.6,5747.2,0,0
2024-09-23,Wireless Noise-Canceling Headphones,West,38,177.93,6761.34,0,0
2024-09-23,Wireless Noise-Canceling Headphones,South,22,180.51,3971.22,0,0
2024-09-23,Wireless Noise-Canceling Headphones,East,25,181.5,4537.5,0,0
2024-09-23,Smart Fitness Watch,North,29,217.74,6314.46,0,0
2024-09-23,Smart Fitness Watch,West,28,223.62,6261.36,0,0
2024-09-23,Smart Fitness Watch,South,23,222.39,5114.97,0,0
2024-09-23,Smart Fitness Watch,East,15,218.18,3272.7,0,0
2024-09-23,Ergonomic Office Chair,North,13,317.72,4130.36,0,0
2024-09-23,Ergonomic Office Chair,West,8,313.65,2509.2,0,0
2024-09-23,Ergonomic Office Chair,South,10,318.06,3180.6,0,0
2024-09-23,Ergonomic Office Chair,East,6,324.83,1948.98,0,0
2024-09-24,Laptop Pro 15,North,9,1213.89,10925.01,0,0
2024-09-24,Laptop Pro 15,West,6,1201.48,7208.88,0,0
2024-09-24,Laptop Pro 15,South,4,1211.15,4844.6,0,0
2024-09-24,Laptop Pro 15,East,5,1216.64,6083.2,0,0
2024-09-24,Smartphone Ultra,North,25,758.28,18957.0,0,0
2024-09-24,Smartphone Ultra,West,20,753.42,15068.4,0,0
2024-09-24,Smartphone Ultra,South,16,749.26,11988.16,0,0
2024-09-24,Smartphone Ultra,East,16,745.33,11925.28,0,0
2024-09-24,Wireless Noise-Canceling Headphones,North,32,177.62,5683.84,0,0
2024-09-24,Wireless Noise-Canceling Headphones,West,20,179.37,3587.4,0,0
2024-09-24,Wireless Noise-Canceling Headphones,South,23,179.64,4131.72,0,0
2024-09-24,Wireless Noise-Canceling Headphones,East,20,180.87,3617.4,0,0
2024-09-24,Smart Fitness Watch,North,25,222.44,5561.0,0,0
2024-09-24,Smart Fitness Watch,West,16,216.02,3456.32,0,0
2024-09-24,Smart Fitness Watch,South,13,219.48,2853.24,0,0
2024-09-24,Smart Fitness Watch,East,18,215.83,3884.94,0,0
2024-09-24,Ergonomic Office Chair,North,8,322.8,2582.4,0,0
2024-09-24,Ergonomic Office Chair,West,10,321.31,3213.1,0,0
2024-09-24,Ergonomic Office Chair,South,6,319.31,1915.86,0,0
2024-09-24,Ergonomic Office Chair,East,7,320.64,2244.48,0,0
2024-09-25,Laptop Pro 15,North,9,1214.77,10932.93,0,0
2024-09-25,Laptop Pro 15,West,9,1177.7,10599.3,0,0
2024-09-25,Laptop Pro 15,South,5,1203.78,6018.9,0,0
2024-09-25,Laptop Pro 15,East,11,1191.05,13101.55,0,0
2024-09-25,Smartphone Ultra,North,25,752.17,18804.25,0,0
2024-09-25,Smartphone Ultra,West,21,758.49,15928.29,0,0
2024-09-25,Smartphone Ultra,South,23,736.0,16928.0,0,0
2024-09-25,Smartphone Ultra,East,15,745.24,11178.6,0,0
2024-09-25,Wireless Noise-Canceling Headphones,North,28,181.02,5068.56,0,0
2024-09-25,Wireless Noise-Canceling Headphones,West,27,178.89,4830.03,0,0
2024-09-25,Wireless Noise-Canceling Headphones,South,27,176.49,4765.23,0,0
2024-09-25,Wireless Noise-Canceling Headphones,East,14,182.25,2551.5,0,0
2024-09-25,Smart Fitness Watch,North,22,223.91,4926.02,0,0
2024-09-25,Smart Fitness Watch,West,20,221.1,4422.0,0,0
2024-09-25,Smart Fitness Watch,South,25,222.3,5557.5,0,0
2024-09-25,Smart Fitness Watch,East,17,223.85,3805.45,0,0
2024-09-25,Ergonomic Office Chair,North,12,321.16,3853.92,0,0
2024-09-25,Ergonomic Office Chair,West,10,319.73,3197.3,0,0
2024-09-25,Ergonomic Office Chair,South,7,323.2,2262.4,0,0
2024-09-25,Ergonomic Office Chair,East,6,314.53,1887.18,0,0
2024-09-26,Laptop Pro 15,North,6,1184.27,7105.62,0,0
2024-09-26,Laptop Pro 15,West,5,1214.32,6071.6,0,0
2024-09-26,Laptop Pro 15,South,5,1202.57,6012.85,0,0
2024-09-26,Laptop Pro 15,East,6,1195.74,7174.44,0,0
2024-09-26,Smartphone Ultra,North,19,749.51,14240.69,0,0
2024-09-26,Smartphone Ultra,West,26,746.67,19413.42,0,0
2024-09-26,Smartphone Ultra,South,13,763.99,9931.87,0,0
2024-09-26,Smartphone Ultra,East,14,740.86,10372.04,0,0
2024-09-26,Wireless Noise-Canceling Headphones,North,29,176.68,5123.72,0,0
2024-09-26,Wireless Noise-Canceling Headphones,West,20,177.98,3559.6,0,0
2024-09-26,Wireless Noise-Canceling Headphones,South,20,177.73,3554.6,0,0
2024-09-26,Wireless Noise-Canceling Headphones,East,24,180.67,4336.08,0,0
2024-09-26,Smart Fitness Watch,North,22,223.14,4909.08,0,0
2024-09-26,Smart Fitness Watch,West,16,222.83,3565.28,0,0
2024-09-26,Smart Fitness Watch,South,20,219.7,4394.0,0,0
2024-09-26,Smart Fitness Watch,East,19,221.57,4209.83,0,0
2024-09-26,Ergonomic Office Chair,North,6,317.42,1904.52,0,0
2024-09-26,Ergonomic Office Chair,West,9,319.04,2871.36,0,0
2024-09-26,Ergonomic Office Chair,South,15,322.33,4834.95,0,0
2024-09-26,Ergonomic Office Chair,East,7,324.49,2271.43,0,0
2024-09-27,Laptop Pro 15,North,9,1181.15,10630.35,0,0
2024-09-27,Laptop Pro 15,West,11,1176.09,12936.99,0,0
2024-09-27,Laptop Pro 15,South,7,1178.72,8251.04,0,0
2024-09-27,Laptop Pro 15,East,8,1187.5,9500.0,0,0
2024-09-27,Smartphone Ultra,North,20,747.26,14945.2,0,0
2024-09-27,Smartphone Ultra,West,13,738.43,9599.59,0,0
2024-09-27,Smartphone Ultra,South,25,764.75,19118.75,0,0
2024-09-27,Smartphone Ultra,East,15,752.59,11288.85,0,0
2024-09-27,Wireless Noise-Canceling Headphones,North,34,180.93,6151.62,0,0
2024-09-27,Wireless Noise-Canceling Headphones,West,32,182.4,5836.8,0,0
2024-09-27,Wireless Noise-Canceling Headphones,South,35,178.96,6263.6,0,0
2024-09-27,Wireless Noise-Canceling Headphones,East,30,176.73,5301.9,0,0
2024-09-27,Smart Fitness Watch,North,21,216.78,4552.38,0,0
2024-09-27,Smart Fitness Watch,West,18,216.43,3895.74,0,0
2024-09-27,Smart Fitness Watch,South,31,224.24,6951.44,0,0
2024-09-27,Smart Fitness Watch,East,13,223.89,2910.57,0,0
2024-09-27,Ergonomic Office Chair,North,15,314.69,4720.35,0,0
2024-09-27,Ergonomic Office Chair,West,9,313.76,2823.84,0,0
2024-09-27,Ergonomic Office Chair,South,12,320.54,3846.48,0,0
2024-09-27,Ergonomic Office Chair,East,8,313.98,2511.84,0,0
2024-09-28,Laptop Pro 15,North,15,1207.56,18113.4,0,0
2024-09-28,Laptop Pro 15,West,16,1197.49,19159.84,0,0
2024-09-28,Laptop Pro 15,South,11,1212.07,13332.77,0,0
2024-09-28,Laptop Pro 15,East,6,1200.8,7204.8,0,0
2024-09-28,Smartphone Ultra,North,26,737.78,19182.28,0,0
2024-09-28,Smartphone Ultra,West,26,751.88,19548.88,0,0
2024-09-28,Smartphone Ultra,South,34,747.66,25420.44,0,0
2024-09-28,Smartphone Ultra,East,22,750.61,16513.42,0,0
2024-09-28,Wireless Noise-Canceling Headphones,North,33,181.34,5984.22,0,0
2024-09-28,Wireless Noise-Canceling Headphones,West,47,182.43,8574.21,0,0
2024-09-28,Wireless Noise-Canceling Headphones,South,37,183.48,6788.76,0,0
2024-09-28,Wireless Noise-Canceling Headphones,East,20,177.77,3555.4,0,0
2024-09-28,Smart Fitness Watch,North,31,221.07,6853.17,0,0
2024-09-28,Smart Fitness Watch,West,29,215.98,6263.42,0,0
2024-09-28,Smart Fitness Watch,South,12,219.55,2634.6,0,0
2024-09-28,Smart Fitness Watch,East,20,222.84,4456.8,0,0
2024-09-28,Ergonomic Office Chair,North,15,323.8,4857.0,0,0
2024-09-28,Ergonomic Office Chair,West,8,320.27,2562.16,0,0
2024-09-28,Ergonomic Office Chair,South,10,317.31,3173.1,0,0
2024-09-28,Ergonomic Office Chair,East,7,316.25,2213.75,0,0
2024-09-29,Laptop Pro 15,North,7,1197.85,8384.95,0,0
2024-09-29,Laptop Pro 15,West,15,1206.16,18092.4,0,0
2024-09-29,Laptop Pro 15,South,12,1204.85,14458.2,0,0
2024-09-29,Laptop Pro 15,East,12,1199.93,14399.16,0,0
2024-09-29,Smartphone Ultra,North,25,746.3,18657.5,0,0
2024-09-29,Smartphone Ultra,West,30,764.51,22935.3,0,0
2024-09-29,Smartphone Ultra,South,12,758.25,9099.0,0,0
2024-09-29,Smartphone Ultra,East,16,740.6,11849.6,0,0
2024-09-29,Wireless Noise-Canceling Headphones,North,46,182.51,8395.46,0,0
2024-09-29,Wireless Noise-Canceling Headphones,West,41,183.12,7507.92,0,0
2024-09-29,Wireless Noise-Canceling Headphones,South,40,182.58,7303.2,0,0
2024-09-29,Wireless Noise-Canceling Headphones,East,21,178.08,3739.68,0,0
2024-09-29,Smart Fitness Watch,North,27,223.46,6033.42,0,0
2024-09-29,Smart Fitness Watch,West,34,218.49,7428.66,0,0
2024-09-29,Smart Fitness Watch,South,25,220.84,5521.0,0,0
2024-09-29,Smart Fitness Watch,East,21,223.38,4690.98,0,0
2024-09-29,Ergonomic Office Chair,North,12,316.41,3796.92,0,0
2024-09-29,Ergonomic Office Chair,West,8,316.24,2529.92,0,0
2024-09-29,Ergonomic Office Chair,South,12,319.3,3831.6,0,0
2024-09-29,Ergonomic Office Chair,East,11,314.83,3463.13,0,0
2024-09-30,Laptop Pro 15,North,10,1188.37,11883.7,0,0
2024-09-30,Laptop Pro 15,West,7,1201.64,8411.48,0,0
2024-09-30,Laptop Pro 15,South,5,1219.27,6096.35,0,0
2024-09-30,Laptop Pro 15,East,7,1208.45,8459.15,0,0
2024-09-30,Smartphone Ultra,North,18,761.02,13698.36,0,0
2024-09-30,Smartphone Ultra,West,13,763.27,9922.51,0,0
2024-09-30,Smartphone Ultra,South,14,735.29,10294.06,0,0
2024-09-30,Smartphone Ultra,East,12,743.0,8916.0,0,0
2024-09-30,Wireless Noise-Canceling Headphones,North,24,181.61,4358.64,0,0
2024-09-30,Wireless Noise-Canceling Headphones,West,30,182.18,5465.4,0,0
2024-09-30,Wireless Noise-Canceling Headphones,South,35,179.04,6266.4,0,0
2024-09-30,Wireless Noise-Canceling Headphones,East,17,181.04,3077.68,0,0
2024-09-30,Smart Fitness Watch,North,27,218.59,5901.93,0,0
2024-09-30,Smart Fitness Watch,West,21,223.76,4698.96,0,0
2024-09-30,Smart Fitness Watch,South,22,216.68,4766.96,0,0
2024-09-30,Smart Fitness Watch,East,21,222.61,4674.81,0,0
2024-09-30,Ergonomic Office Chair,North,6,323.1,1938.6,0,0
2024-09-30,Ergonomic Office Chair,West,8,318.93,2551.44,0,0
2024-09-30,Ergonomic Office Chair,South,9,321.49,2893.41,0,0
2024-09-30,Ergonomic Office Chair,East,6,325.02,1950.12,0,0
2024-10-01,Laptop Pro 15,North,10,1195.01,11950.1,0,0
2024-10-01,Laptop Pro 15,West,13,1219.16,15849.08,0,0
2024-10-01,Laptop Pro 15,South,11,1191.72,13108.92,0,0
2024-10-01,Laptop Pro 15,East,10,1185.69,11856.9,0,0
2024-10-01,Smartphone Ultra,North,21,761.03,15981.63,0,0
2024-10-01,Smartphone Ultra,West,26,743.92,19341.92,0,0
2024-10-01,Smartphone Ultra,South,20,743.81,14876.2,0,0
2024-10-01,Smartphone Ultra,East,21,760.3,15966.3,0,0
2024-10-01,Wireless Noise-Canceling Headphones,North,47,178.0,8366.0,0,0
2024-10-01,Wireless Noise-Canceling Headphones,West,46,180.22,8290.12,0,0
2024-10-01,Wireless Noise-Canceling Headphones,South,50,177.02,8851.0,0,0
2024-10-01,Wireless Noise-Canceling Headphones,East,31,176.7,5477.7,0,0
2024-10-01,Smart Fitness Watch,North,19,217.67,4135.73,0,0
2024-10-01,Smart Fitness Watch,West,28,219.63,6149.64,0,0
2024-10-01,Smart Fitness Watch,South,26,219.08,5696.08,0,0
2024-10-01,Smart Fitness Watch,East,18,216.22,3891.96,0,0
2024-10-01,Ergonomic Office Chair,North,9,317.32,2855.88,0,0
2024-10-01,Ergonomic Office Chair,West,13,321.3,4176.9,0,0
2024-10-01,Ergonomic Office Chair,South,3,322.98,968.94,0,0
2024-10-01,Ergonomic Office Chair,East,8,320.4,2563.2,0,0
2024-10-02,Laptop Pro 15,North,12,1221.11,14653.32,0,0
2024-10-02,Laptop Pro 15,West,11,1210.62,13316.82,0,0
2024-10-02,Laptop Pro 15,South,7,1213.8,8496.6,0,0
2024-10-02,Laptop Pro 15,East,12,1206.47,14477.64,0,0
2024-10-02,Smartphone Ultra,North,23,754.38,17350.74,0,0
2024-10-02,Smartphone Ultra,West,35,748.73,26205.55,0,0
2024-10-02,Smartphone Ultra,South,27,755.43,20396.61,0,0
2024-10-02,Smartphone Ultra,East,17,740.63,12590.71,0,0
2024-10-02,Wireless Noise-Canceling Headphones,North,39,180.59,7043.01,0,0
2024-10-02,Wireless Noise-Canceling Headphones,West,45,179.77,8089.65,0,0
2024-10-02,Wireless Noise-Canceling Headphones,South,30,176.73,5301.9,0,0
2024-10-02,Wireless Noise-Canceling Headphones,East,44,179.28,7888.32,0,0
2024-10-02,Smart Fitness Watch,North,28,218.91,6129.48,0,0
2024-10-02,Smart Fitness Watch,West,33,218.83,7221.39,0,0
2024-10-02,Smart Fitness Watch,South,34,221.42,7528.28,0,0
2024-10-02,Smart Fitness Watch,East,19,216.0,4104.0,0,0
2024-10-02,Ergonomic Office Chair,North,7,324.41,2270.87,0,0
2024-10-02,Ergonomic Office Chair,West,18,314.58,5662.44,0,0
2024-10-02,Ergonomic Office Chair,South,10,320.13,3201.3,0,0
2024-10-02,Ergonomic Office Chair,East,6,321.81,1930.86,0,0
2024-10-03,Laptop Pro 15,North,10,1216.31,12163.1,0,0
2024-10-03,Laptop Pro 15,West,7,1208.81,8461.67,0,0
2024-10-03,Laptop Pro 15,South,11,1213.04,13343.44,0,0
2024-10-03,Laptop Pro 15,East,7,1210.65,8474.55,0,0
2024-10-03,Smartphone Ultra,North,27,741.17,20011.59,0,0
2024-10-03,Smartphone Ultra,West,25,737.23,18430.75,0,0
2024-10-03,Smartphone Ultra,South,25,738.87,18471.75,0,0
2024-10-03,Smartphone Ultra,East,17,761.64,12947.88,0,0
2024-10-03,Wireless Noise-Canceling Headphones,North,45,178.22,8019.9,0,0
2024-10-03,Wireless Noise-Canceling Headphones,West,49,176.7,8658.3,0,0
2024-10-03,Wireless Noise-Canceling Headphones,South,35,177.29,6205.15,0,0
2024-10-03,Wireless Noise-Canceling Headphones,East,32,180.15,5764.8,0,0
2024-10-03,Smart Fitness Watch,North,26,220.21,5725.46,0,0
2024-10-03,Smart Fitness Watch,West,30,218.34,6550.2,0,0
2024-10-03,Smart Fitness Watch,South,26,221.91,5769.66,0,0
2024-10-03,Smart Fitness Watch,East,17,220.74,3752.58,0,0
2024-10-03,Ergonomic Office Chair,North,12,322.56,3870.72,0,0
2024-10-03,Ergonomic Office Chair,West,8,319.75,2558.0,0,0
2024-10-03,Ergonomic Office Chair,South,9,323.84,2914.56,0,0
2024-10-03,Ergonomic Office Chair,East,9,318.03,2862.27,0,0
2024-10-04,Laptop Pro 15,North,13,1207.9,15702.7,0,0
2024-10-04,Laptop Pro 15,West,14,1223.71,17131.94,0,0
2024-10-04,Laptop Pro 15,South,14,1207.68,16907.52,0,0
2024-10-04,Laptop Pro 15,East,8,1221.13,9769.04,0,0
2024-10-04,Smartphone Ultra,North,37,755.34,27947.58,0,0
2024-10-04,Smartphone Ultra,West,24,743.77,17850.48,0,0
2024-10-04,Smartphone Ultra,South,24,744.71,17873.04,0,0
2024-10-04,Smartphone Ultra,East,24,749.55,17989.2,0,0
2024-10-04,Wireless Noise-Canceling Headphones,North,64,182.06,11651.84,0,0
2024-10-04,Wireless Noise-Canceling Headphones,West,49,178.06,8724.94,0,0
2024-10-04,Wireless Noise-Canceling Headphones,South,46,177.85,8181.1,0,0
2024-10-04,Wireless Noise-Canceling Headphones,East,34,179.4,6099.6,0,0
2024-10-04,Smart Fitness Watch,North,31,218.16,6762.96,0,0
2024-10-04,Smart Fitness Watch,West,29,219.8,6374.2,0,0
2024-10-04,Smart Fitness Watch,South,31,223.9,6940.9,0,0
2024-10-04,Smart Fitness Watch,East,18,220.73,3973.14,0,0
2024-10-04,Ergonomic Office Chair,North,15,316.15,4742.25,0,0
2024-10-04,Ergonomic Office Chair,West,9,315.38,2838.42,0,0
2024-10-04,Ergonomic Office Chair,South,7,325.84,2280.88,0,0
2024-10-04,Ergonomic Office Chair,East,6,324.36,1946.16,0,0
2024-10-05,Laptop Pro 15,North,12,1191.51,14298.12,0,0
2024-10-05,Laptop Pro 15,West,15,1184.7,17770.5,0,0
2024-10-05,Laptop Pro 15,South,13,1197.45,15566.85,0,0
2024-10-05,Laptop Pro 15,East,10,1189.69,11896.9,0,0
2024-10-05,Smartphone Ultra,North,32,738.65,23636.8,0,0
2024-10-05,Smartphone Ultra,West,31,750.49,23265.19,0,0
2024-10-05,Smartphone Ultra,South,30,750.6,22518.0,0,0
2024-10-05,Smartphone Ultra,East,27,764.51,20641.77,0,0
2024-10-05,Wireless Noise-Canceling Headphones,North,60,178.77,10726.2,0,0
2024-10-05,Wireless Noise-Canceling Headphones,West,51,177.15,9034.65,0,0
2024-10-05,Wireless Noise-Canceling Headphones,South,59,180.16,10629.44,0,0
2024-10-05,Wireless Noise-Canceling Headphones,East,59,179.58,10595.22,0,0
2024-10-05,Smart Fitness Watch,North,52,219.89,11434.28,0,0
2024-10-05,Smart Fitness Watch,West,52,220.46,11463.92,0,0
2024-10-05,Smart Fitness Watch,South,31,215.68,6686.08,0,0
2024-10-05,Smart Fitness Watch,East,28,220.29,6168.12,0,0
2024-10-05,Ergonomic Office Chair,North,13,323.41,4204.33,0,0
2024-10-05,Ergonomic Office Chair,West,12,314.66,3775.92,0,0
2024-10-05,Ergonomic Office Chair,South,12,321.09,3853.08,0,0
2024-10-05,Ergonomic Office Chair,East,14,319.89,4478.46,0,0
2024-10-06,Laptop Pro 15,North,9,1197.26,10775.34,0,0
2024-10-06,Laptop Pro 15,West,15,1223.87,18358.05,0,0
2024-10-06,Laptop Pro 15,South,15,1203.36,18050.4,0,0
2024-10-06,Laptop Pro 15,East,13,1222.93,15898.09,0,0
2024-10-06,Smartphone Ultra,North,32,756.02,24192.64,0,0
2024-10-06,Smartphone Ultra,West,29,740.4,21471.6,0,0
2024-10-06,Smartphone Ultra,South,37,736.04,27233.48,0,0
2024-10-06,Smartphone Ultra,East,25,737.79,18444.75,0,0
2024-10-06,Wireless Noise-Canceling Headphones,North,51,178.56,9106.56,0,0
2024-10-06,Wireless Noise-Canceling Headphones,West,62,182.82,11334.84,0,0
2024-10-06,Wireless Noise-Canceling Headphones,South,48,182.35,8752.8,0,0
2024-10-06,Wireless Noise-Canceling Headphones,East,43,176.74,7599.82,0,0
2024-10-06,Smart Fitness Watch,North,50,222.2,11110.0,0,0
2024-10-06,Smart Fitness Watch,West,39,222.2,8665.8,0,0
2024-10-06,Smart Fitness Watch,South,24,217.95,5230.8,0,0
2024-10-06,Smart Fitness Watch,East,38,216.08,8211.04,0,0
2024-10-06,Ergonomic Office Chair,North,10,313.8,3138.0,0,0
2024-10-06,Ergonomic Office Chair,West,15,321.82,4827.3,0,0
2024-10-06,Ergonomic Office Chair,South,10,314.68,3146.8,0,0
2024-10-06,Ergonomic Office Chair,East,6,323.83,1942.98,0,0
2024-10-07,Laptop Pro 15,North,13,1217.47,15827.11,0,0
2024-10-07,Laptop Pro 15,West,9,1206.93,10862.37,0,0
2024-10-07,Laptop Pro 15,South,9,1180.8,10627.2,0,0
2024-10-07,Laptop Pro 15,East,6,1199.72,7198.32,0,0
2024-10-07,Smartphone Ultra,North,20,760.78,15215.6,0,0
2024-10-07,Smartphone Ultra,West,33,749.71,24740.43,0,0
2024-10-07,Smartphone Ultra,South,23,764.81,17590.63,0,0
2024-10-07,Smartphone Ultra,East,21,743.16,15606.36,0,0
2024-10-07,Wireless Noise-Canceling Headphones,North,49,178.96,8769.04,0,0
2024-10-07,Wireless Noise-Canceling Headphones,West,50,181.48,9074.0,0,0
2024-10-07,Wireless Noise-Canceling Headphones,South,50,177.44,8872.0,0,0
2024-10-07,Wireless Noise-Canceling Headphones,East,44,176.55,7768.2,0,0
2024-10-07,Smart Fitness Watch,North,37,218.23,8074.51,0,0
2024-10-07,Smart Fitness Watch,West,24,222.41,5337.84,0,0
2024-10-07,Smart Fitness Watch,South,26,216.86,5638.36,0,0
2024-10-07,Smart Fitness Watch,East,29,218.05,6323.45,0,0
2024-10-07,Ergonomic Office Chair,North,17,322.04,5474.68,0,0
2024-10-07,Ergonomic Office Chair,West,12,322.45,3869.4,0,0
2024-10-07,Ergonomic Office Chair,South,6,321.72,1930.32,0,0
2024-10-07,Ergonomic Office Chair,East,10,325.61,3256.1,0,0
2024-10-08,Laptop Pro 15,North,9,1215.37,10938.33,0,0
2024-10-08,Laptop Pro 15,West,6,1220.11,7320.66,0,0
2024-10-08,Laptop Pro 15,South,14,1191.29,16678.06,0,0
2024-10-08,Laptop Pro 15,East,5,1177.26,5886.3,0,0
2024-10-08,Smartphone Ultra,North,33,764.07,25214.31,0,0
2024-10-08,Smartphone Ultra,West,32,750.09,24002.88,0,0
2024-10-08,Smartphone Ultra,South,28,741.71,20767.88,0,0
2024-10-08,Smartphone Ultra,East,17,744.06,12649.02,0,0
2024-10-08,Wireless Noise-Canceling Headphones,North,35,180.37,6312.95,0,0
2024-10-08,Wireless Noise-Canceling Headphones,West,48,176.91,8491.68,0,0
2024-10-08,Wireless Noise-Canceling Headphones,South,36,181.08,6518.88,0,0
2024-10-08,Wireless Noise-Canceling Headphones,East,38,176.88,6721.44,0,0
2024-10-08,Smart Fitness Watch,North,28,217.89,6100.92,0,0
2024-10-08,Smart Fitness Watch,West,23,224.1,5154.3,0,0
2024-10-08,Smart Fitness Watch,South,31,222.64,6901.84,0,0
2024-10-08,Smart Fitness Watch,East,18,223.37,4020.66,0,0
2024-10-08,Ergonomic Office Chair,North,8,324.45,2595.6,0,0
2024-10-08,Ergonomic Office Chair,West,9,320.61,2885.49,0,0
2024-10-08,Ergonomic Office Chair,South,5,318.78,1593.9,0,0
2024-10-08,Ergonomic Office Chair,East,3,320.06,960.18,0,0
2024-10-09,Laptop Pro 15,North,9,1187.52,10687.68,0,0
2024-10-09,Laptop Pro 15,West,13,1178.04,15314.52,0,0
2024-10-09,Laptop Pro 15,South,4,1206.25,4825.0,0,0
2024-10-09,Laptop Pro 15,East,7,1198.58,8390.06,0,0
2024-10-09,Smartphone Ultra,North,28,755.24,21146.72,0,0
2024-10-09,Smartphone Ultra,West,26,752.47,19564.22,0,0
2024-10-09,Smartphone Ultra,South,29,758.74,22003.46,0,0
2024-10-09,Smartphone Ultra,East,27,754.0,20358.0,0,0
2024-10-09,Wireless Noise-Canceling Headphones,North,43,179.14,7703.02,0,0
2024-10-09,Wireless Noise-Canceling Headphones,West,46,177.62,8170.52,0,0
2024-10-09,Wireless Noise-Canceling Headphones,South,37,183.31,6782.47,0,0
2024-10-09,Wireless Noise-Canceling Headphones,East,33,181.91,6003.03,0,0
2024-10-09,Smart Fitness Watch,North,28,220.8,6182.4,0,0
2024-10-09,Smart Fitness Watch,West,33,217.24,7168.92,0,0
2024-10-09,Smart Fitness Watch,South,23,220.21,5064.83,0,0
2024-10-09,Smart Fitness Watch,East,18,221.52,3987.36,0,0
2024-10-09,Ergonomic Office Chair,North,10,323.86,3238.6,0,0
2024-10-09,Ergonomic Office Chair,West,13,326.35,4242.55,0,0
2024-10-09,Ergonomic Office Chair,South,6,322.66,1935.96,0,0
2024-10-09,Ergonomic Office Chair,East,9,318.16,2863.44,0,0
2024-10-10,Laptop Pro 15,North,6,1220.34,7322.04,0,0
2024-10-10,Laptop Pro 15,West,10,1202.52,12025.2,0,0
2024-10-10,Laptop Pro 15,South,12,1216.68,14600.16,0,0
2024-10-10,Laptop Pro 15,East,9,1207.8,10870.2,0,0
2024-10-10,Smartphone Ultra,North,30,736.79,22103.7,0,0
2024-10-10,Smartphone Ultra,West,25,745.38,18634.5,0,0
2024-10-10,Smartphone Ultra,South,16,740.87,11853.92,0,0
2024-10-10,Smartphone Ultra,East,16,750.83,12013.28,0,0
2024-10-10,Wireless Noise-Canceling Headphones,North,44,182.35,8023.4,0,0
2024-10-10,Wireless Noise-Canceling Headphones,West,51,178.49,9102.99,0,0
2024-10-10,Wireless Noise-Canceling Headphones,South,37,180.21,6667.77,0,0
2024-10-10,Wireless Noise-Canceling Headphones,East,34,183.01,6222.34,0,0
2024-10-10,Smart Fitness Watch,North,33,215.8,7121.4,0,0
2024-10-10,Smart Fitness Watch,West,28,218.05,6105.4,0,0
2024-10-10,Smart Fitness Watch,South,16,219.53,3512.48,0,0
2024-10-10,Smart Fitness Watch,East,14,217.98,3051.72,0,0
2024-10-10,Ergonomic Office Chair,North,20,320.77,6415.4,0,0
2024-10-10,Ergonomic Office Chair,West,6,315.95,1895.7,0,0
2024-10-10,Ergonomic Office Chair,South,11,315.3,3468.3,0,0
2024-10-10,Ergonomic Office Chair,East,4,315.14,1260.56,0,0
2024-10-11,Laptop Pro 15,North,16,1187.16,18994.56,0,0
2024-10-11,Laptop Pro 15,West,12,1176.22,14114.64,0,0
2024-10-11,Laptop Pro 15,South,12,1176.46,14117.52,0,0
2024-10-11,Laptop Pro 15,East,12,1212.39,14548.68,0,0
2024-10-11,Smartphone Ultra,North,31,760.92,23588.52,0,0
2024-10-11,Smartphone Ultra,West,31,740.9,22967.9,0,0
2024-10-11,Smartphone Ultra,South,32,764.53,24464.96,0,0
2024-10-11,Smartphone Ultra,East,21,752.82,15809.22,0,0
2024-10-11,Wireless Noise-Canceling Headphones,North,58,179.83,10430.14,0,0
2024-10-11,Wireless Noise-Canceling Headphones,West,52,179.51,9334.52,0,0
2024-10-11,Wireless Noise-Canceling Headphones,South,46,178.16,8195.36,0,0
2024-10-11,Wireless Noise-Canceling Headphones,East,38,179.54,6822.52,0,0
2024-10-11,Smart Fitness Watch,North,33,221.74,7317.42,0,0
2024-10-11,Smart Fitness Watch,West,32,223.11,7139.52,0,0
2024-10-11,Smart Fitness Watch,South,24,223.2,5356.8,0,0
2024-10-11,Smart Fitness Watch,East,24,218.85,5252.4,0,0
2024-10-11,Ergonomic Office Chair,North,11,314.18,3455.98,0,0
2024-10-11,Ergonomic Office Chair,West,11,323.67,3560.37,0,0
2024-10-11,Ergonomic Office Chair,South,9,313.83,2824.47,0,0
2024-10-11,Ergonomic Office Chair,East,10,318.96,3189.6,0,0
2024-10-12,Laptop Pro 15,North,17,1215.79,20668.43,0,0
2024-10-12,Laptop Pro 15,West,18,1208.26,21748.68,0,0
2024-10-12,Laptop Pro 15,South,13,1218.66,15842.58,0,0
2024-10-12,Laptop Pro 15,East,19,1191.92,22646.48,0,0
2024-10-12,Smartphone Ultra,North,32,756.69,24214.08,0,0
2024-10-12,Smartphone Ultra,West,20,754.39,15087.8,0,0
2024-10-12,Smartphone Ultra,South,26,747.41,19432.66,0,0
2024-10-12,Smartphone Ultra,East,32,755.87,24187.84,0,0
2024-10-12,Wireless Noise-Canceling Headphones,North,75,180.79,13559.25,0,0
2024-10-12,Wireless Noise-Canceling Headphones,West,73,183.52,13396.96,0,0
2024-10-12,Wireless Noise-Canceling Headphones,South,49,182.43,8939.07,0,0
2024-10-12,Wireless Noise-Canceling Headphones,East,43,179.93,7736.99,0,0
2024-10-12,Smart Fitness Watch,North,43,218.68,9403.24,0,0
2024-10-12,Smart Fitness Watch,West,42,222.43,9342.06,0,0
2024-10-12,Smart Fitness Watch,South,48,223.13,10710.24,0,0
2024-10-12,Smart Fitness Watch,East,40,219.82,8792.8,0,0
2024-10-12,Ergonomic Office Chair,North,11,318.94,3508.34,0,0
2024-10-12,Ergonomic Office Chair,West,18,321.57,5788.26,0,0
2024-10-12,Ergonomic Office Chair,South,10,317.95,3179.5,0,0
2024-10-12,Ergonomic Office Chair,East,21,316.67,6650.07,0,0
2024-10-13,Laptop Pro 15,North,14,1211.39,16959.46,0,0
2024-10-13,Laptop Pro 15,West,18,1222.58,22006.44,0,0
2024-10-13,Laptop Pro 15,South,8,1177.85,9422.8,0,0
2024-10-13,Laptop Pro 15,East,11,1217.1,13388.1,0,0
2024-10-13,Smartphone Ultra,North,39,761.87,29712.93,0,0
2024-10-13,Smartphone Ultra,West,42,761.13,31967.46,0,0
2024-10-13,Smartphone Ultra,South,30,740.44,22213.2,0,0
2024-10-13,Smartphone Ultra,East,19,743.26,14121.94,0,0
2024-10-13,Wireless Noise-Canceling Headphones,North,65,180.79,11751.35,0,0
2024-10-13,Wireless Noise-Canceling Headphones,West,65,179.13,11643.45,0,0
2024-10-13,Wireless Noise-Canceling Headphones,South,41,182.49,7482.09,0,0
2024-10-13,Wireless Noise-Canceling Headphones,East,36,179.38,6457.68,0,0
2024-10-13,Smart Fitness Watch,North,44,222.87,9806.28,0,0
2024-10-13,Smart Fitness Watch,West,40,223.79,8951.6,0,0
2024-10-13,Smart Fitness Watch,South,36,220.22,7927.92,0,0
2024-10-13,Smart Fitness Watch,East,36,217.46,7828.56,0,0
2024-10-13,Ergonomic Office Chair,North,13,317.3,4124.9,0,0
2024-10-13,Ergonomic Office Chair,West,12,323.0,3876.0,0,0
2024-10-13,Ergonomic Office Chair,South,11,323.45,3557.95,0,0
2024-10-13,Ergonomic Office Chair,East,11,314.9,3463.9,0,0
2024-10-14,Laptop Pro 15,North,8,1221.28,9770.24,0,0
2024-10-14,Laptop Pro 15,West,14,1214.49,17002.86,0,0
2024-10-14,Laptop Pro 15,South,10,1192.39,11923.9,0,0
2024-10-14,Laptop Pro 15,East,7,1204.54,8431.78,0,0
2024-10-14,Smartphone Ultra,North,36,759.62,27346.32,0,0
2024-10-14,Smartphone Ultra,West,31,754.68,23395.08,0,0
2024-10-14,Smartphone Ultra,South,24,750.09,18002.16,0,0
2024-10-14,Smartphone Ultra,East,16,743.57,11897.12,0,0
2024-10-14,Wireless Noise-Canceling Headphones,North,45,177.04,7966.8,0,0
2024-10-14,Wireless Noise-Canceling Headphones,West,45,179.13,8060.85,0,0
2024-10-14,Wireless Noise-Canceling Headphones,South,40,179.95,7198.0,0,0
2024-10-14,Wireless Noise-Canceling Headphones,East,32,177.93,5693.76,0,0
2024-10-14,Smart Fitness Watch,North,24,216.42,5194.08,0,0
2024-10-14,Smart Fitness Watch,West,25,216.51,5412.75,0,0
2024-10-14,Smart Fitness Watch,South,24,216.85,5204.4,0,0
2024-10-14,Smart Fitness Watch,East,18,218.48,3932.64,0,0
2024-10-14,Ergonomic Office Chair,North,6,315.0,1890.0,0,0
2024-10-14,Ergonomic Office Chair,West,10,320.89,3208.9,0,0
2024-10-14,Ergonomic Office Chair,South,16,323.01,5168.16,0,0
2024-10-14,Ergonomic Office Chair,East,12,321.48,3857.76,0,0
2024-10-15,Laptop Pro 15,North,13,1214.76,15791.88,0,0
2024-10-15,Laptop Pro 15,West,14,1213.53,16989.42,0,0
2024-10-15,Laptop Pro 15,South,6,1211.88,7271.28,0,0
2024-10-15,Laptop Pro 15,East,7,1195.56,8368.92,0,0
2024-10-15,Smartphone Ultra,North,20,760.54,15210.8,0,0
2024-10-15,Smartphone Ultra,West,27,759.36,20502.72,0,0
2024-10-15,Smartphone Ultra,South,17,744.24,12652.08,0,0
2024-10-15,Smartphone Ultra,East,12,763.69,9164.28,0,0
2024-10-15,Wireless Noise-Canceling Headphones,North,48,181.86,8729.28,0,0
2024-10-15,Wireless Noise-Canceling Headphones,West,51,181.73,9268.23,0,0
2024-10-15,Wireless Noise-Canceling Headphones,South,50,180.82,9041.0,0,0
2024-10-15,Wireless Noise-Canceling Headphones,East,40,183.57,7342.8,0,0
2024-10-15,Smart Fitness Watch,North,26,220.99,5745.74,0,0
2024-10-15,Smart Fitness Watch,West,26,224.37,5833.62,0,0
2024-10-15,Smart Fitness Watch,South,20,215.97,4319.4,0,0
2024-10-15,Smart Fitness Watch,East,19,222.9,4235.1,0,0
2024-10-15,Ergonomic Office Chair,North,11,322.23,3544.53,0,0
2024-10-15,Ergonomic Office Chair,West,9,313.79,2824.11,0,0
2024-10-15,Ergonomic Office Chair,South,12,315.21,3782.52,0,0
2024-10-15,Ergonomic Office Chair,East,9,314.4,2829.6,0,0
2024-10-16,Laptop Pro 15,North,11,1202.37,13226.07,0,0
2024-10-16,Laptop Pro 15,West,7,1211.13,8477.91,0,0
2024-10-16,Laptop Pro 15,South,5,1216.56,6082.8,0,0
2024-10-16,Laptop Pro 15,East,7,1181.84,8272.88,0,0
2024-10-16,Smartphone Ultra,North,38,736.09,27971.42,0,0
2024-10-16,Smartphone Ultra,West,23,751.97,17295.31,0,0
2024-10-16,Smartphone Ultra,South,19,764.96,14534.24,0,0
2024-10-16,Smartphone Ultra,East,16,761.22,12179.52,0,0
2024-10-16,Wireless Noise-Canceling Headphones,North,58,183.43,10638.94,0,0
2024-10-16,Wireless Noise-Canceling Headphones,West,49,181.39,8888.11,0,0
2024-10-16,Wireless Noise-Canceling Headphones,South,36,180.62,6502.32,0,0
2024-10-16,Wireless Noise-Canceling Headphones,East,29,178.21,5168.09,0,0
2024-10-16,Smart Fitness Watch,North,35,217.51,7612.85,0,0
2024-10-16,Smart Fitness Watch,West,33,222.6,7345.8,0,0
2024-10-16,Smart Fitness Watch,South,29,216.24,6270.96,0,0
2024-10-16,Smart Fitness Watch,East,26,217.05,5643.3,0,0
2024-10-16,Ergonomic Office Chair,North,5,326.14,1630.7,0,0
2024-10-16,Ergonomic Office Chair,West,6,323.65,1941.9,0,0
2024-10-16,Ergonomic Office Chair,South,12,322.08,3864.96,0,0
2024-10-16,Ergonomic Office Chair,East,13,314.86,4093.18,0,0
2024-10-17,Laptop Pro 15,North,15,1192.97,17894.55,0,0
2024-10-17,Laptop Pro 15,West,8,1214.64,9717.12,0,0
2024-10-17,Laptop Pro 15,South,7,1191.64,8341.48,0,0
2024-10-17,Laptop Pro 15,East,10,1215.85,12158.5,0,0
2024-10-17,Smartphone Ultra,North,25,740.31,18507.75,0,0
2024-10-17,Smartphone Ultra,West,30,756.85,22705.5,0,0
2024-10-17,Smartphone Ultra,South,19,762.41,14485.79,0,0
2024-10-17,Smartphone Ultra,East,21,752.62,15805.02,0,0
2024-10-17,Wireless Noise-Canceling Headphones,North,52,177.76,9243.52,0,0
2024-10-17,Wireless Noise-Canceling Headphones,West,58,176.69,10248.02,0,0
2024-10-17,Wireless Noise-Canceling Headphones,South,39,176.77,6894.03,0,0
2024-10-17,Wireless Noise-Canceling Headphones,East,40,176.72,7068.8,0,0
2024-10-17,Smart Fitness Watch,North,28,215.62,6037.36,0,0
2024-10-17,Smart Fitness Watch,West,36,218.15,7853.4,0,0
2024-10-17,Smart Fitness Watch,South,17,223.67,3802.39,0,0
2024-10-17,Smart Fitness Watch,East,22,221.6,4875.2,0,0
2024-10-17,Ergonomic Office Chair,North,10,323.13,3231.3,0,0
2024-10-17,Ergonomic Office Chair,West,10,324.28,3242.8,0,0
2024-10-17,Ergonomic Office Chair,South,16,318.95,5103.2,0,0
2024-10-17,Ergonomic Office Chair,East,7,323.81,2266.67,0,0
2024-10-18,Laptop Pro 15,North,12,1214.2,14570.4,0,0
2024-10-18,Laptop Pro 15,West,9,1203.21,10828.89,0,0
2024-10-18,Laptop Pro 15,South,9,1195.49,10759.41,0,0
2024-10-18,Laptop Pro 15,East,8,1216.36,9730.88,0,0
2024-10-18,Smartphone Ultra,North,36,741.42,26691.12,0,0
2024-10-18,Smartphone Ultra,West,30,753.88,22616.4,0,0
2024-10-18,Smartphone Ultra,South,24,745.45,17890.8,0,0
2024-10-18,Smartphone Ultra,East,16,744.74,11915.84,0,0
2024-10-18,Wireless Noise-Canceling Headphones,North,52,182.21,9474.92,0,0
2024-10-18,Wireless Noise-Canceling Headphones,West,45,178.08,8013.6,0,0
2024-10-18,Wireless Noise-Canceling Headphones,South,59,181.28,10695.52,0,0
2024-10-18,Wireless Noise-Canceling Headphones,East,38,177.84,6757.92,0,0
2024-10-18,Smart Fitness Watch,North,29,220.26,6387.54,0,0
2024-10-18,Smart Fitness Watch,West,35,218.0,7630.0,0,0
2024-10-18,Smart Fitness Watch,South,32,221.35,7083.2,0,0
2024-10-18,Smart Fitness Watch,East,21,216.72,4551.12,0,0
2024-10-18,Ergonomic Office Chair,North,16,317.83,5085.28,0,0
2024-10-18,Ergonomic Office Chair,West,9,321.27,2891.43,0,0
2024-10-18,Ergonomic Office Chair,South,16,316.9,5070.4,0,0
2024-10-18,Ergonomic Office Chair,East,9,318.15,2863.35,0,0
2024-10-19,Laptop Pro 15,North,12,1218.33,14619.96,0,0
2024-10-19,Laptop Pro 15,West,20,1188.44,23768.8,0,0
2024-10-19,Laptop Pro 15,South,7,1191.85,8342.95,0,0
2024-10-19,Laptop Pro 15,East,8,1202.63,9621.04,0,0
2024-10-19,Smartphone Ultra,North,40,744.2,29768.0,0,0
2024-10-19,Smartphone Ultra,West,21,743.6,15615.6,0,0
2024-10-19,Smartphone Ultra,South,33,736.36,24299.88,0,0
2024-10-19,Smartphone Ultra,East,23,749.86,17246.78,0,0
2024-10-19,Wireless Noise-Canceling Headphones,North,77,183.48,14127.96,0,0
2024-10-19,Wireless Noise-Canceling Headphones,West,62,177.15,10983.3,0,0
2024-10-19,Wireless Noise-Canceling Headphones,South,44,181.38,7980.72,0,0
2024-10-19,Wireless Noise-Canceling Headphones,East,44,182.03,8009.32,0,0
2024-10-19,Smart Fitness Watch,North,53,217.24,11513.72,0,0
2024-10-19,Smart Fitness Watch,West,40,216.42,8656.8,0,0
2024-10-19,Smart Fitness Watch,South,36,223.02,8028.72,0,0
2024-10-19,Smart Fitness Watch,East,37,224.22,8296.14,0,0
2024-10-19,Ergonomic Office Chair,North,11,319.05,3509.55,0,0
2024-10-19,Ergonomic Office Chair,West,12,322.64,3871.68,0,0
2024-10-19,Ergonomic Office Chair,South,8,315.41,2523.28,0,0
2024-10-19,Ergonomic Office Chair,East,11,321.21,3533.31,0,0
2024-10-20,Laptop Pro 15,North,11,1178.05,12958.55,0,0
2024-10-20,Laptop Pro 15,West,19,1189.63,22602.97,0,0
2024-10-20,Laptop Pro 15,South,16,1201.38,19222.08,0,0
2024-10-20,Laptop Pro 15,East,13,1178.95,15326.35,0,0
2024-10-20,Smartphone Ultra,North,39,749.67,29237.13,0,0
2024-10-20,Smartphone Ultra,West,39,759.16,29607.24,0,0
2024-10-20,Smartphone Ultra,South,28,742.05,20777.4,0,0
2024-10-20,Smartphone Ultra,East,18,736.59,13258.62,0,0
2024-10-20,Wireless Noise-Canceling Headphones,North,58,179.15,10390.7,0,0
2024-10-20,Wireless Noise-Canceling Headphones,West,63,177.82,11202.66,0,0
2024-10-20,Wireless Noise-Canceling Headphones,South,58,183.52,10644.16,0,0
2024-10-20,Wireless Noise-Canceling Headphones,East,40,177.77,7110.8,0,0
2024-10-20,Smart Fitness Watch,North,38,215.63,8193.94,0,0
2024-10-20,Smart Fitness Watch,West,34,219.58,7465.72,0,0
2024-10-20,Smart Fitness Watch,South,26,221.48,5758.48,0,0
2024-10-20,Smart Fitness Watch,East,26,220.42,5730.92,0,0
2024-10-20,Ergonomic Office Chair,North,15,318.02,4770.3,0,0
2024-10-20,Ergonomic Office Chair,West,18,317.31,5711.58,0,0
2024-10-20,Ergonomic Office Chair,South,6,319.72,1918.32,0,0
2024-10-20,Ergonomic Office Chair,East,12,325.2,3902.4,0,0
2024-10-21,Laptop Pro 15,North,15,1199.35,17990.25,0,0
2024-10-21,Laptop Pro 15,West,10,1189.65,11896.5,0,0
2024-10-21,Laptop Pro 15,South,7,1184.8,8293.6,0,0
2024-10-21,Laptop Pro 15,East,8,1195.88,9567.04,0,0
2024-10-21,Smartphone Ultra,North,25,761.04,19026.0,0,0
2024-10-21,Smartphone Ultra,West,15,747.42,11211.3,0,0
2024-10-21,Smartphone Ultra,South,15,736.45,11046.75,0,0
2024-10-21,Smartphone Ultra,East,14,745.44,10436.16,0,0
2024-10-21,Wireless Noise-Canceling Headphones,North,50,182.59,9129.5,0,0
2024-10-21,Wireless Noise-Canceling Headphones,West,41,176.49,7236.09,0,0
2024-10-21,Wireless Noise-Canceling Headphones,South,36,177.59,6393.24,0,0
2024-10-21,Wireless Noise-Canceling Headphones,East,31,177.5,5502.5,0,0
2024-10-21,Smart Fitness Watch,North,34,216.62,7365.08,0,0
2024-10-21,Smart Fitness Watch,West,26,224.3,5831.8,0,0
2024-10-21,Smart Fitness Watch,South,23,216.12,4970.76,0,0
2024-10-21,Smart Fitness Watch,East,25,222.15,5553.75,0,0
2024-10-21,Ergonomic Office Chair,North,12,319.41,3832.92,0,0
2024-10-21,Ergonomic Office Chair,West,10,318.39,3183.9,0,0
2024-10-21,Ergonomic Office Chair,South,10,317.16,3171.6,0,0
2024-10-21,Ergonomic Office Chair,East,5,313.96,1569.8,0,0
2024-10-22,Laptop Pro 15,North,11,1222.22,13444.42,0,0
2024-10-22,Laptop Pro 15,West,8,1187.89,9503.12,0,0
2024-10-22,Laptop Pro 15,South,9,1186.18,10675.62,0,0
2024-10-22,Laptop Pro 15,East,10,1217.76,12177.6,0,0
2024-10-22,Smartphone Ultra,North,23,755.55,17377.65,0,0
2024-10-22,Smartphone Ultra,West,28,763.58,21380.24,0,0
2024-10-22,Smartphone Ultra,South,20,745.07,14901.4,0,0
2024-10-22,Smartphone Ultra,East,16,756.48,12103.68,0,0
2024-10-22,Wireless Noise-Canceling Headphones,North,43,179.31,7710.33,0,0
2024-10-22,Wireless Noise-Canceling Headphones,West,51,180.39,9199.89,0,0
2024-10-22,Wireless Noise-Canceling Headphones,South,30,179.13,5373.9,0,0
2024-10-22,Wireless Noise-Canceling Headphones,East,35,179.61,6286.35,0,0
2024-10-22,Smart Fitness Watch,North,30,222.81,6684.3,0,0
2024-10-22,Smart Fitness Watch,West,31,216.03,6696.93,0,0
2024-10-22,Smart Fitness Watch,South,26,217.84,5663.84,0,0
2024-10-22,Smart Fitness Watch,East,16,224.07,3585.12,0,0
2024-10-22,Ergonomic Office Chair,North,12,313.87,3766.44,0,0
2024-10-22,Ergonomic Office Chair,West,11,315.98,3475.78,0,0
2024-10-22,Ergonomic Office Chair,South,8,319.47,2555.76,0,0
2024-10-22,Ergonomic Office Chair,East,6,319.33,1915.98,0,0
2024-10-23,Laptop Pro 15,North,11,1202.3,13225.3,0,0
2024-10-23,Laptop Pro 15,West,13,1214.95,15794.35,0,0
2024-10-23,Laptop Pro 15,South,8,1205.1,9640.8,0,0
2024-10-23,Laptop Pro 15,East,5,1194.18,5970.9,0,0
2024-10-23,Smartphone Ultra,North,26,745.68,19387.68,0,0
2024-10-23,Smartphone Ultra,West,28,750.51,21014.28,0,0
2024-10-23,Smartphone Ultra,South,26,744.63,19360.38,0,0
2024-10-23,Smartphone Ultra,East,18,747.76,13459.68,0,0
2024-10-23,Wireless Noise-Canceling Headphones,North,51,179.75,9167.25,0,0
2024-10-23,Wireless Noise-Canceling Headphones,West,46,183.34,8433.64,0,0
2024-10-23,Wireless Noise-Canceling Headphones,South,39,180.53,7040.67,0,0
2024-10-23,Wireless Noise-Canceling Headphones,East,22,182.34,4011.48,0,0
2024-10-23,Smart Fitness Watch,North,30,223.37,6701.1,0,0
2024-10-23,Smart Fitness Watch,West,38,219.99,8359.62,0,0
2024-10-23,Smart Fitness Watch,South,21,216.49,4546.29,0,0
2024-10-23,Smart Fitness Watch,East,17,217.61,3699.37,0,0
2024-10-23,Ergonomic Office Chair,North,12,314.75,3777.0,0,0
2024-10-23,Ergonomic Office Chair,West,13,324.16,4214.08,0,0
2024-10-23,Ergonomic Office Chair,South,4,326.1,1304.4,0,0
2024-10-23,Ergonomic Office Chair,East,5,314.36,1571.8,0,0
2024-10-24,Laptop Pro 15,North,6,1206.85,7241.1,0,0
2024-10-24,Laptop Pro 15,West,8,1194.2,9553.6,0,0
2024-10-24,Laptop Pro 15,South,12,1202.78,14433.36,0,0
2024-10-24,Laptop Pro 15,East,4,1207.05,4828.2,0,0
2024-10-24,Smartphone Ultra,North,36,744.36,26796.96,0,0
2024-10-24,Smartphone Ultra,West,22,760.99,16741.78,0,0
2024-10-24,Smartphone Ultra,South,17,749.97,12749.49,0,0
2024-10-24,Smartphone Ultra,East,26,758.43,19719.18,0,0
2024-10-24,Wireless Noise-Canceling Headphones,North,35,180.8,6328.0,0,0
2024-10-24,Wireless Noise-Canceling Headphones,West,48,180.65,8671.2,0,0
2024-10-24,Wireless Noise-Canceling Headphones,South,34,181.52,6171.68,0,0
2024-10-24,Wireless Noise-Canceling Headphones,East,26,177.84,4623.84,0,0
2024-10-24,Smart Fitness Watch,North,27,222.4,6004.8,0,0
2024-10-24,Smart Fitness Watch,West,37,222.76,8242.12,0,0
2024-10-24,Smart Fitness Watch,South,20,222.18,4443.6,0,0
2024-10-24,Smart Fitness Watch,East,21,223.57,4694.97,0,0
2024-10-24,Ergonomic Office Chair,North,15,325.07,4876.05,0,0
2024-10-24,Ergonomic Office Chair,West,12,314.35,3772.2,0,0
2024-10-24,Ergonomic Office Chair,South,7,325.85,2280.95,0,0
2024-10-24,Ergonomic Office Chair,East,7,315.57,2208.99,0,0
2024-10-25,Laptop Pro 15,North,11,1216.55,13382.05,0,0
2024-10-25,Laptop Pro 15,West,10,1190.24,11902.4,0,0
2024-10-25,Laptop Pro 15,South,7,1205.95,8441.65,0,0
2024-10-25,Laptop Pro 15,East,3,1210.93,3632.79,0,0
2024-10-25,Smartphone Ultra,North,29,750.18,21755.22,0,0
2024-10-25,Smartphone Ultra,West,28,737.18,20641.04,0,0
2024-10-25,Smartphone Ultra,South,30,748.62,22458.6,0,0
2024-10-25,Smartphone Ultra,East,24,762.3,18295.2,0,0
2024-10-25,Wireless Noise-Canceling Headphones,North,60,177.72,10663.2,0,0
2024-10-25,Wireless Noise-Canceling Headphones,West,44,176.47,7764.68,0,0
2024-10-25,Wireless Noise-Canceling Headphones,South,53,181.94,9642.82,0,0
2024-10-25,Wireless Noise-Canceling Headphones,East,44,183.45,8071.8,0,0
2024-10-25,Smart Fitness Watch,North,29,218.19,6327.51,0,0
2024-10-25,Smart Fitness Watch,West,33,222.1,7329.3,0,0
2024-10-25,Smart Fitness Watch,South,26,222.06,5773.56,0,0
2024-10-25,Smart Fitness Watch,East,24,216.99,5207.76,0,0
2024-10-25,Ergonomic Office Chair,North,8,321.18,2569.44,0,0
2024-10-25,Ergonomic Office Chair,West,11,315.23,3467.53,0,0
2024-10-25,Ergonomic Office Chair,South,9,321.55,2893.95,0,0
2024-10-25,Ergonomic Office Chair,East,5,316.21,1581.05,0,0
2024-10-26,Laptop Pro 15,North,13,1207.92,15702.96,0,0
2024-10-26,Laptop Pro 15,West,12,1206.91,14482.92,0,0
2024-10-26,Laptop Pro 15,South,12,1203.91,14446.92,0,0
2024-10-26,Laptop Pro 15,East,8,1206.96,9655.68,0,0
2024-10-26,Smartphone Ultra,North,38,761.27,28928.26,0,0
2024-10-26,Smartphone Ultra,West,34,756.41,25717.94,0,0
2024-10-26,Smartphone Ultra,South,38,738.63,28067.94,0,0
2024-10-26,Smartphone Ultra,East,19,746.69,14187.11,0,0
2024-10-26,Wireless Noise-Canceling Headphones,North,63,181.7,11447.1,0,0
2024-10-26,Wireless Noise-Canceling Headphones,West,70,177.79,12445.3,0,0
2024-10-26,Wireless Noise-Canceling Headphones,South,49,180.23,8831.27,0,0
2024-10-26,Wireless Noise-Canceling Headphones,East,49,177.9,8717.1,0,0
2024-10-26,Smart Fitness Watch,North,34,216.9,7374.6,0,0
2024-10-26,Smart Fitness Watch,West,29,219.07,6353.03,0,0
2024-10-26,Smart Fitness Watch,South,35,217.56,7614.6,0,0
2024-10-26,Smart Fitness Watch,East,34,219.51,7463.34,0,0
2024-10-26,Ergonomic Office Chair,North,16,322.35,5157.6,0,0
2024-10-26,Ergonomic Office Chair,West,19,320.16,6083.04,0,0
2024-10-26,Ergonomic Office Chair,South,7,316.78,2217.46,0,0
2024-10-26,Ergonomic Office Chair,East,8,316.72,2533.76,0,0
2024-10-27,Laptop Pro 15,North,12,1221.88,14662.56,0,0
2024-10-27,Laptop Pro 15,West,14,1215.27,17013.78,0,0
2024-10-27,Laptop Pro 15,South,12,1221.65,14659.8,0,0
2024-10-27,Laptop Pro 15,East,16,1209.75,19356.0,0,0
2024-10-27,Smartphone Ultra,North,38,759.92,28876.96,0,0
2024-10-27,Smartphone Ultra,West,37,760.38,28134.06,0,0
2024-10-27,Smartphone Ultra,South,25,756.05,18901.25,0,0
2024-10-27,Smartphone Ultra,East,26,753.02,19578.52,0,0
2024-10-27,Wireless Noise-Canceling Headphones,North,67,178.42,11954.14,0,0
2024-10-27,Wireless Noise-Canceling Headphones,West,60,176.68,10600.8,0,0
2024-10-27,Wireless Noise-Canceling Headphones,South,55,183.03,10066.65,0,0
2024-10-27,Wireless Noise-Canceling Headphones,East,44,181.53,7987.32,0,0
2024-10-27,Smart Fitness Watch,North,35,222.18,7776.3,0,0
2024-10-27,Smart Fitness Watch,West,35,220.21,7707.35,0,0
2024-10-27,Smart Fitness Watch,South,40,223.05,8922.0,0,0
2024-10-27,Smart Fitness Watch,East,35,224.06,7842.1,0,0
2024-10-27,Ergonomic Office Chair,North,13,325.65,4233.45,0,0
2024-10-27,Ergonomic Office Chair,West,22,324.09,7129.98,0,0
2024-10-27,Ergonomic Office Chair,South,9,323.33,2909.97,0,0
2024-10-27,Ergonomic Office Chair,East,6,316.29,1897.74,0,0
2024-10-28,Laptop Pro 15,North,12,1184.89,14218.68,0,0
2024-10-28,Laptop Pro 15,West,11,1188.95,13078.45,0,0
2024-10-28,Laptop Pro 15,South,8,1181.97,9455.76,0,0
2024-10-28,Laptop Pro 15,East,10,1218.86,12188.6,0,0
2024-10-28,Smartphone Ultra,North,29,748.72,21712.88,0,0
2024-10-28,Smartphone Ultra,West,30,739.11,22173.3,0,0
2024-10-28,Smartphone Ultra,South,17,750.24,12754.08,0,0
2024-10-28,Smartphone Ultra,East,22,760.92,16740.24,0,0
2024-10-28,Wireless Noise-Canceling Headphones,North,56,176.81,9901.36,0,0
2024-10-28,Wireless Noise-Canceling Headphones,West,40,183.58,7343.2,0,0
2024-10-28,Wireless Noise-Canceling Headphones,South,38,182.26,6925.88,0,0
2024-10-28,Wireless Noise-Canceling Headphones,East,35,176.54,6178.9,0,0
2024-10-28,Smart Fitness Watch,North,30,216.36,6490.8,0,0
2024-10-28,Smart Fitness Watch,West,22,220.4,4848.8,0,0
2024-10-28,Smart Fitness Watch,South,26,222.75,5791.5,0,0
2024-10-28,Smart Fitness Watch,East,24,219.03,5256.72,0,0
2024-10-28,Ergonomic Office Chair,North,14,316.83,4435.62,0,0
2024-10-28,Ergonomic Office Chair,West,11,316.34,3479.74,0,0
2024-10-28,Ergonomic Office Chair,South,5,325.49,1627.45,0,0
2024-10-28,Ergonomic Office Chair,East,6,320.16,1920.96,0,0
2024-10-29,Laptop Pro 15,North,13,1210.68,15738.84,0,0
2024-10-29,Laptop Pro 15,West,9,1194.84,10753.56,0,0
2024-10-29,Laptop Pro 15,South,15,1211.69,18175.35,0,0
2024-10-29,Laptop Pro 15,East,7,1187.01,8309.07,0,0
2024-10-29,Smartphone Ultra,North,22,740.31,16286.82,0,0
2024-10-29,Smartphone Ultra,West,19,742.49,14107.31,0,0
2024-10-29,Smartphone Ultra,South,22,749.75,16494.5,0,0
2024-10-29,Smartphone Ultra,East,15,764.47,11467.05,0,0
2024-10-29,Wireless Noise-Canceling Headphones,North,46,177.83,8180.18,0,0
2024-10-29,Wireless Noise-Canceling Headphones,West,44,178.59,7857.96,0,0
2024-10-29,Wireless Noise-Canceling Headphones,South,38,180.2,6847.6,0,0
2024-10-29,Wireless Noise-Canceling Headphones,East,37,180.13,6664.81,0,0
2024-10-29,Smart Fitness Watch,North,28,223.88,6268.64,0,0
2024-10-29,Smart Fitness Watch,West,24,218.88,5253.12,0,0
2024-10-29,Smart Fitness Watch,South,21,221.66,4654.86,0,0
2024-10-29,Smart Fitness Watch,East,25,220.23,5505.75,0,0
2024-10-29,Ergonomic Office Chair,North,13,326.07,4238.91,0,0
2024-10-29,Ergonomic Office Chair,West,10,319.31,3193.1,0,0
2024-10-29,Ergonomic Office Chair,South,8,324.16,2593.28,0,0
2024-10-29,Ergonomic Office Chair,East,8,325.77,2606.16,0,0
2024-10-30,Laptop Pro 15,North,9,1194.69,10752.21,0,0
2024-10-30,Laptop Pro 15,West,17,1209.21,20556.57,0,0
2024-10-30,Laptop Pro 15,South,6,1192.51,7155.06,0,0
2024-10-30,Laptop Pro 15,East,1,1217.76,1217.76,0,0
2024-10-30,Smartphone Ultra,North,28,750.41,21011.48,0,0
2024-10-30,Smartphone Ultra,West,29,763.06,22128.74,0,0
2024-10-30,Smartphone Ultra,South,18,764.73,13765.14,0,0
2024-10-30,Smartphone Ultra,East,17,735.41,12501.97,0,0
2024-10-30,Wireless Noise-Canceling Headphones,North,48,177.46,8518.08,0,0
2024-10-30,Wireless Noise-Canceling Headphones,West,52,179.27,9322.04,0,0
2024-10-30,Wireless Noise-Canceling Headphones,South,43,180.6,7765.8,0,0
2024-10-30,Wireless Noise-Canceling Headphones,East,23,182.04,4186.92,0,0
2024-10-30,Smart Fitness Watch,North,13,220.07,2860.91,0,0
2024-10-30,Smart Fitness Watch,West,23,219.11,5039.53,0,0
2024-10-30,Smart Fitness Watch,South,25,219.86,5496.5,0,0
2024-10-30,Smart Fitness Watch,East,19,223.23,4241.37,0,0
2024-10-30,Ergonomic Office Chair,North,8,320.89,2567.12,0,0
2024-10-30,Ergonomic Office Chair,West,7,324.57,2271.99,0,0
2024-10-30,Ergonomic Office Chair,South,9,322.93,2906.37,0,0
2024-10-30,Ergonomic Office Chair,East,11,320.75,3528.25,0,0
2024-10-31,Laptop Pro 15,North,4,1180.25,4721.0,0,0
2024-10-31,Laptop Pro 15,West,8,1215.51,9724.08,0,0
2024-10-31,Laptop Pro 15,South,13,1216.96,15820.48,0,0
2024-10-31,Laptop Pro 15,East,10,1217.43,12174.3,0,0
2024-10-31,Smartphone Ultra,North,33,761.39,25125.87,0,0
2024-10-31,Smartphone Ultra,West,29,745.43,21617.47,0,0
2024-10-31,Smartphone Ultra,South,20,747.38,14947.6,0,0
2024-10-31,Smartphone Ultra,East,17,756.23,12855.91,0,0
2024-10-31,Wireless Noise-Canceling Headphones,North,38,180.11,6844.18,0,0
2024-10-31,Wireless Noise-Canceling Headphones,West,36,177.81,6401.16,0,0
2024-10-31,Wireless Noise-Canceling Headphones,South,38,179.7,6828.6,0,0
2024-10-31,Wireless Noise-Canceling Headphones,East,29,182.55,5293.95,0,0
2024-10-31,Smart Fitness Watch,North,26,219.05,5695.3,0,0
2024-10-31,Smart Fitness Watch,West,28,221.11,6191.08,0,0
2024-10-31,Smart Fitness Watch,South,17,224.31,3813.27,0,0
2024-10-31,Smart Fitness Watch,East,20,218.14,4362.8,0,0
2024-10-31,Ergonomic Office Chair,North,12,320.81,3849.72,0,0
2024-10-31,Ergonomic Office Chair,West,8,319.13,2553.04,0,0
2024-10-31,Ergonomic Office Chair,South,9,321.72,2895.48,0,0
2024-10-31,Ergonomic Office Chair,East,3,314.55,943.65,0,0
2024-11-01,Laptop Pro 15,North,13,1179.03,15327.39,0,0
2024-11-01,Laptop Pro 15,West,7,1189.55,8326.85,0,0
2024-11-01,Laptop Pro 15,South,16,1197.16,19154.56,0,0
2024-11-01,Laptop Pro 15,East,4,1213.99,4855.96,0,0
2024-11-01,Smartphone Ultra,North,30,746.24,22387.2,0,0
2024-11-01,Smartphone Ultra,West,24,737.28,17694.72,0,0
2024-11-01,Smartphone Ultra,South,20,741.5,14830.0,0,0
2024-11-01,Smartphone Ultra,East,19,750.34,14256.46,0,0
2024-11-01,Wireless Noise-Canceling Headphones,North,57,180.17,10269.69,0,0
2024-11-01,Wireless Noise-Canceling Headphones,West,57,183.4,10453.8,0,0
2024-11-01,Wireless Noise-Canceling Headphones,South,46,179.71,8266.66,0,0
2024-11-01,Wireless Noise-Canceling Headphones,East,45,183.18,8243.1,0,0
2024-11-01,Smart Fitness Watch,North,31,221.23,6858.13,0,0
2024-11-01,Smart Fitness Watch,West,39,218.04,8503.56,0,0
2024-11-01,Smart Fitness Watch,South,35,221.87,7765.45,0,0
2024-11-01,Smart Fitness Watch,East,23,216.96,4990.08,0,0
2024-11-01,Ergonomic Office Chair,North,14,319.78,4476.92,0,0
2024-11-01,Ergonomic Office Chair,West,16,316.96,5071.36,0,0
2024-11-01,Ergonomic Office Chair,South,8,322.29,2578.32,0,0
2024-11-01,Ergonomic Office Chair,East,8,324.55,2596.4,0,0
2024-11-02,Laptop Pro 15,North,19,1218.4,23149.6,0,0
2024-11-02,Laptop Pro 15,West,14,1210.59,16948.26,0,0
2024-11-02,Laptop Pro 15,South,17,1221.32,20762.44,0,0
2024-11-02,Laptop Pro 15,East,8,1186.64,9493.12,0,0
2024-11-02,Smartphone Ultra,North,36,759.05,27325.8,0,0
2024-11-02,Smartphone Ultra,West,24,760.25,18246.0,0,0
2024-11-02,Smartphone Ultra,South,35,760.52,26618.2,0,0
2024-11-02,Smartphone Ultra,East,18,764.08,13753.44,0,0
2024-11-02,Wireless Noise-Canceling Headphones,North,66,182.93,12073.38,0,0
2024-11-02,Wireless Noise-Canceling Headphones,West,64,178.99,11455.36,0,0
2024-11-02,Wireless Noise-Canceling Headphones,South,44,182.29,8020.76,0,0
2024-11-02,Wireless Noise-Canceling Headphones,East,45,177.44,7984.8,0,0
2024-11-02,Smart Fitness Watch,North,31,220.57,6837.67,0,0
2024-11-02,Smart Fitness Watch,West,38,218.03,8285.14,0,0
2024-11-02,Smart Fitness Watch,South,39,221.27,8629.53,0,0
2024-11-02,Smart Fitness Watch,East,27,217.86,5882.22,0,0
2024-11-02,Ergonomic Office Chair,North,25,314.94,7873.5,0,0
2024-11-02,Ergonomic Office Chair,West,12,317.57,3810.84,0,0
2024-11-02,Ergonomic Office Chair,South,12,316.42,3797.04,0,0
2024-11-02,Ergonomic Office Chair,East,9,317.27,2855.43,0,0
2024-11-03,Laptop Pro 15,North,12,1187.73,14252.76,0,0
2024-11-03,Laptop Pro 15,West,11,1181.35,12994.85,0,0
2024-11-03,Laptop Pro 15,South,6,1192.18,7153.08,0,0
2024-11-03,Laptop Pro 15,East,10,1180.68,11806.8,0,0
2024-11-03,Smartphone Ultra,North,44,750.67,33029.48,0,0
2024-11-03,Smartphone Ultra,West,28,743.92,20829.76,0,0
2024-11-03,Smartphone Ultra,South,28,742.17,20780.76,0,0
2024-11-03,Smartphone Ultra,East,28,745.74,20880.72,0,0
2024-11-03,Wireless Noise-Canceling Headphones,North,59,176.64,10421.76,0,0
2024-11-03,Wireless Noise-Canceling Headphones,West,75,182.66,13699.5,0,0
2024-11-03,Wireless Noise-Canceling Headphones,South,47,177.86,8359.42,0,0
2024-11-03,Wireless Noise-Canceling Headphones,East,50,180.26,9013.0,0,0
2024-11-03,Smart Fitness Watch,North,49,224.1,10980.9,0,0
2024-11-03,Smart Fitness Watch,West,37,221.01,8177.37,0,0
2024-11-03,Smart Fitness Watch,South,33,218.6,7213.8,0,0
2024-11-03,Smart Fitness Watch,East,34,220.95,7512.3,0,0
2024-11-03,Ergonomic Office Chair,North,11,317.95,3497.45,0,0
2024-11-03,Ergonomic Office Chair,West,13,324.97,4224.61,0,0
2024-11-03,Ergonomic Office Chair,South,17,317.65,5400.05,0,0
2024-11-03,Ergonomic Office Chair,East,9,317.26,2855.34,0,0
2024-11-04,Laptop Pro 15,North,10,1220.57,12205.7,0,0
2024-11-04,Laptop Pro 15,West,9,1212.25,10910.25,0,0
2024-11-04,Laptop Pro 15,South,13,1188.26,15447.38,0,0
2024-11-04,Laptop Pro 15,East,11,1176.33,12939.63,0,0
2024-11-04,Smartphone Ultra,North,36,744.45,26800.2,0,0
2024-11-04,Smartphone Ultra,West,11,760.64,8367.04,0,0
2024-11-04,Smartphone Ultra,South,22,755.84,16628.48,0,0
2024-11-04,Smartphone Ultra,East,18,746.7,13440.6,0,0
2024-11-04,Wireless Noise-Canceling Headphones,North,53,181.53,9621.09,0,0
2024-11-04,Wireless Noise-Canceling Headphones,West,39,177.02,6903.78,0,0
2024-11-04,Wireless Noise-Canceling Headphones,South,38,180.46,6857.48,0,0
2024-11-04,Wireless Noise-Canceling Headphones,East,31,178.38,5529.78,0,0
2024-11-04,Smart Fitness Watch,North,34,219.85,7474.9,0,0
2024-11-04,Smart Fitness Watch,West,27,220.51,5953.77,0,0
2024-11-04,Smart Fitness Watch,South,27,222.54,6008.58,0,0
2024-11-04,Smart Fitness Watch,East,18,216.77,3901.86,0,0
2024-11-04,Ergonomic Office Chair,North,8,322.62,2580.96,0,0
2024-11-04,Ergonomic Office Chair,West,8,322.99,2583.92,0,0
2024-11-04,Ergonomic Office Chair,South,9,319.35,2874.15,0,0
2024-11-04,Ergonomic Office Chair,East,4,321.16,1284.64,0,0
2024-11-05,Laptop Pro 15,North,11,1180.94,12990.34,0,0
2024-11-05,Laptop Pro 15,West,13,1177.58,15308.54,0,0
2024-11-05,Laptop Pro 15,South,9,1206.83,10861.47,0,0
2024-11-05,Laptop Pro 15,East,6,1188.2,7129.2,0,0
2024-11-05,Smartphone Ultra,North,27,751.99,20303.73,0,0
2024-11-05,Smartphone Ultra,West,22,740.24,16285.28,0,0
2024-11-05,Smartphone Ultra,South,27,750.26,20257.02,0,0
2024-11-05,Smartphone Ultra,East,15,753.6,11304.0,0,0
2024-11-05,Wireless Noise-Canceling Headphones,North,34,178.12,6056.08,0,0
2024-11-05,Wireless Noise-Canceling Headphones,West,47,178.56,8392.32,0,0
2024-11-05,Wireless Noise-Canceling Headphones,South,23,177.55,4083.65,0,0
2024-11-05,Wireless Noise-Canceling Headphones,East,33,179.87,5935.71,0,0
2024-11-05,Smart Fitness Watch,North,32,217.76,6968.32,0,0
2024-11-05,Smart Fitness Watch,West,23,218.77,5031.71,0,0
2024-11-05,Smart Fitness Watch,South,27,217.46,5871.42,0,0
2024-11-05,Smart Fitness Watch,East,15,216.84,3252.6,0,0
2024-11-05,Ergonomic Office Chair,North,14,323.23,4525.22,0,0
2024-11-05,Ergonomic Office Chair,West,11,318.79,3506.69,0,0
2024-11-05,Ergonomic Office Chair,South,12,323.35,3880.2,0,0
2024-11-05,Ergonomic Office Chair,East,3,323.97,971.91,0,0
2024-11-06,Laptop Pro 15,North,14,1191.65,16683.1,0,0
2024-11-06,Laptop Pro 15,West,8,1201.99,9615.92,0,0
2024-11-06,Laptop Pro 15,South,22,1178.65,25930.3,0,0
2024-11-06,Laptop Pro 15,East,8,1203.02,9624.16,0,0
2024-11-06,Smartphone Ultra,North,22,763.49,16796.78,0,0
2024-11-06,Smartphone Ultra,West,29,741.69,21509.01,0,0
2024-11-06,Smartphone Ultra,South,23,742.55,17078.65,0,0
2024-11-06,Smartphone Ultra,East,14,753.4,10547.6,0,0
2024-11-06,Wireless Noise-Canceling Headphones,North,57,177.27,10104.39,0,0
2024-11-06,Wireless Noise-Canceling Headphones,West,45,182.81,8226.45,0,0
2024-11-06,Wireless Noise-Canceling Headphones,South,38,183.07,6956.66,0,0
2024-11-06,Wireless Noise-Canceling Headphones,East,32,180.59,5778.88,0,0
2024-11-06,Smart Fitness Watch,North,35,223.36,7817.6,0,0
2024-11-06,Smart Fitness Watch,West,27,217.18,5863.86,0,0
2024-11-06,Smart Fitness Watch,South,27,222.39,6004.53,0,0
2024-11-06,Smart Fitness Watch,East,20,222.17,4443.4,0,0
2024-11-06,Ergonomic Office Chair,North,10,324.54,3245.4,0,0
2024-11-06,Ergonomic Office Chair,West,6,325.69,1954.14,0,0
2024-11-06,Ergonomic Office Chair,South,7,325.21,2276.47,0,0
2024-11-06,Ergonomic Office Chair,East,5,322.02,1610.1,0,0
2024-11-07,Laptop Pro 15,North,14,1203.7,16851.8,0,0
2024-11-07,Laptop Pro 15,West,7,1199.23,8394.61,0,0
2024-11-07,Laptop Pro 15,South,8,1187.71,9501.68,0,0
2024-11-07,Laptop Pro 15,East,11,1177.61,12953.71,0,0
2024-11-07,Smartphone Ultra,North,37,739.88,27375.56,0,0
2024-11-07,Smartphone Ultra,West,32,747.18,23909.76,0,0
2024-11-07,Smartphone Ultra,South,19,740.9,14077.1,0,0
2024-11-07,Smartphone Ultra,East,7,754.75,5283.25,0,0
2024-11-07,Wireless Noise-Canceling Headphones,North,38,183.43,6970.34,0,0
2024-11-07,Wireless Noise-Canceling Headphones,West,39,180.81,7051.59,0,0
2024-11-07,Wireless Noise-Canceling Headphones,South,31,181.06,5612.86,0,0
2024-11-07,Wireless Noise-Canceling Headphones,East,35,179.55,6284.25,0,0
2024-11-07,Smart Fitness Watch,North,38,220.55,8380.9,0,0
2024-11-07,Smart Fitness Watch,West,21,220.83,4637.43,0,0
2024-11-07,Smart Fitness Watch,South,29,220.26,6387.54,0,0
2024-11-07,Smart Fitness Watch,East,22,218.69,4811.18,0,0
2024-11-07,Ergonomic Office Chair,North,19,326.28,6199.32,0,0
2024-11-07,Ergonomic Office Chair,West,8,320.93,2567.44,0,0
2024-11-07,Ergonomic Office Chair,South,3,322.87,968.61,0,0
2024-11-07,Ergonomic Office Chair,East,9,319.47,2875.23,0,0
2024-11-08,Laptop Pro 15,North,13,1192.84,15506.92,0,0
2024-11-08,Laptop Pro 15,West,15,1185.56,17783.4,0,0
2024-11-08,Laptop Pro 15,South,15,1185.89,17788.35,0,0
2024-11-08,Laptop Pro 15,East,6,1190.39,7142.34,0,0
2024-11-08,Smartphone Ultra,North,25,738.26,18456.5,0,0
2024-11-08,Smartphone Ultra,West,38,746.77,28377.26,0,0
2024-11-08,Smartphone Ultra,South,25,758.95,18973.75,0,0
2024-11-08,Smartphone Ultra,East,33,744.03,24552.99,0,0
2024-11-08,Wireless Noise-Canceling Headphones,North,50,182.21,9110.5,0,0
2024-11-08,Wireless Noise-Canceling Headphones,West,46,177.87,8182.02,0,0
2024-11-08,Wireless Noise-Canceling Headphones,South,49,182.55,8944.95,0,0
2024-11-08,Wireless Noise-Canceling Headphones,East,38,181.96,6914.48,0,0
2024-11-08,Smart Fitness Watch,North,31,222.95,6911.45,0,0
2024-11-08,Smart Fitness Watch,West,32,223.68,7157.76,0,0
2024-11-08,Smart Fitness Watch,South,22,220.52,4851.44,0,0
2024-11-08,Smart Fitness Watch,East,30,219.13,6573.9,0,0
2024-11-08,Ergonomic Office Chair,North,12,319.62,3835.44,0,0
2024-11-08,Ergonomic Office Chair,West,11,324.26,3566.86,0,0
2024-11-08,Ergonomic Office Chair,South,9,315.27,2837.43,0,0
2024-11-08,Ergonomic Office Chair,East,14,319.44,4472.16,0,0
2024-11-09,Laptop Pro 15,North,15,1214.15,18212.25,0,0
2024-11-09,Laptop Pro 15,West,11,1192.44,13116.84,0,0
2024-11-09,Laptop Pro 15,South,13,1198.11,15575.43,0,0
2024-11-09,Laptop Pro 15,East,12,1212.39,14548.68,0,0
2024-11-09,Smartphone Ultra,North,48,758.29,36397.92,0,0
2024-11-09,Smartphone Ultra,West,33,757.29,24990.57,0,0
2024-11-09,Smartphone Ultra,South,26,738.15,19191.9,0,0
2024-11-09,Smartphone Ultra,East,20,759.37,15187.4,0,0
2024-11-09,Wireless Noise-Canceling Headphones,North,67,182.42,12222.14,0,0
2024-11-09,Wireless Noise-Canceling Headphones,West,56,176.6,9889.6,0,0
2024-11-09,Wireless Noise-Canceling Headphones,South,47,178.54,8391.38,0,0
2024-11-09,Wireless Noise-Canceling Headphones,East,42,177.96,7474.32,0,0
2024-11-09,Smart Fitness Watch,North,43,223.79,9622.97,0,0
2024-11-09,Smart Fitness Watch,West,40,218.23,8729.2,0,0
2024-11-09,Smart Fitness Watch,South,33,224.27,7400.91,0,0
2024-11-09,Smart Fitness Watch,East,26,220.76,5739.76,0,0
2024-11-09,Ergonomic Office Chair,North,15,325.82,4887.3,0,0
2024-11-09,Ergonomic Office Chair,West,12,319.16,3829.92,0,0
2024-11-09,Ergonomic Office Chair,South,15,320.01,4800.15,0,0
2024-11-09,Ergonomic Office Chair,East,11,326.05,3586.55,0,0
2024-11-10,Laptop Pro 15,North,15,1178.24,17673.6,0,0
2024-11-10,Laptop Pro 15,West,17,1213.45,20628.65,0,0
2024-11-10,Laptop Pro 15,South,17,1218.15,20708.55,0,0
2024-11-10,Laptop Pro 15,East,10,1195.73,11957.3,0,0
2024-11-10,Smartphone Ultra,North,35,763.42,26719.7,0,0
2024-11-10,Smartphone Ultra,West,33,738.49,24370.17,0,0
2024-11-10,Smartphone Ultra,South,27,741.08,20009.16,0,0
2024-11-10,Smartphone Ultra,East,26,754.5,19617.0,0,0
2024-11-10,Wireless Noise-Canceling Headphones,North,62,178.7,11079.4,0,0
2024-11-10,Wireless Noise-Canceling Headphones,West,60,180.75,10845.0,0,0
2024-11-10,Wireless Noise-Canceling Headphones,South,51,178.62,9109.62,0,0
2024-11-10,Wireless Noise-Canceling Headphones,East,40,180.16,7206.4,0,0
2024-11-10,Smart Fitness Watch,North,42,217.08,9117.36,0,0
2024-11-10,Smart Fitness Watch,West,35,221.35,7747.25,0,0
2024-11-10,Smart Fitness Watch,South,29,218.07,6324.03,0,0
2024-11-10,Smart Fitness Watch,East,37,217.91,8062.67,0,0
2024-11-10,Ergonomic Office Chair,North,16,318.08,5089.28,0,0
2024-11-10,Ergonomic Office Chair,West,19,321.78,6113.82,0,0
2024-11-10,Ergonomic Office Chair,South,9,318.56,2867.04,0,0
2024-11-10,Ergonomic Office Chair,East,12,326.21,3914.52,0,0
2024-11-11,Laptop Pro 15,North,8,1208.54,9668.32,0,0
2024-11-11,Laptop Pro 15,West,7,1191.34,8339.38,0,0
2024-11-11,Laptop Pro 15,South,5,1219.85,6099.25,0,0
2024-11-11,Laptop Pro 15,East,8,1181.42,9451.36,0,0
2024-11-11,Smartphone Ultra,North,22,750.55,16512.1,0,0
2024-11-11,Smartphone Ultra,West,35,745.73,26100.55,0,0
2024-11-11,Smartphone Ultra,South,22,755.63,16623.86,0,0
2024-11-11,Smartphone Ultra,East,18,754.68,13584.24,0,0
2024-11-11,Wireless Noise-Canceling Headphones,North,42,177.57,7457.94,0,0
2024-11-11,Wireless Noise-Canceling Headphones,West,45,178.27,8022.15,0,0
2024-11-11,Wireless Noise-Canceling Headphones,South,30,177.79,5333.7,0,0
2024-11-11,Wireless Noise-Canceling Headphones,East,28,178.14,4987.92,0,0
2024-11-11,Smart Fitness Watch,North,36,221.09,7959.24,0,0
2024-11-11,Smart Fitness Watch,West,23,220.9,5080.7,0,0
2024-11-11,Smart Fitness Watch,South,22,222.71,4899.62,0,0
2024-11-11,Smart Fitness Watch,East,26,223.49,5810.74,0,0
2024-11-11,Ergonomic Office Chair,North,13,320.76,4169.88,0,0
2024-11-11,Ergonomic Office Chair,West,12,324.25,3891.0,0,0
2024-11-11,Ergonomic Office Chair,South,5,322.22,1611.1,0,0
2024-11-11,Ergonomic Office Chair,East,6,324.25,1945.5,0,0
2024-11-12,Laptop Pro 15,North,8,1199.37,9594.96,0,0
2024-11-12,Laptop Pro 15,West,13,1190.39,15475.07,0,0
2024-11-12,Laptop Pro 15,South,9,1205.6,10850.4,0,0
2024-11-12,Laptop Pro 15,East,9,1220.61,10985.49,0,0
2024-11-12,Smartphone Ultra,North,15,746.25,11193.75,0,0
2024-11-12,Smartphone Ultra,West,22,747.03,16434.66,0,0
2024-11-12,Smartphone Ultra,South,26,758.17,19712.42,0,0
2024-11-12,Smartphone Ultra,East,17,756.61,12862.37,0,0
2024-11-12,Wireless Noise-Canceling Headphones,North,47,182.11,8559.17,0,0
2024-11-12,Wireless Noise-Canceling Headphones,West,42,183.03,7687.26,0,0
2024-11-12,Wireless Noise-Canceling Headphones,South,35,182.95,6403.25,0,0
2024-11-12,Wireless Noise-Canceling Headphones,East,42,177.04,7435.68,0,0
2024-11-12,Smart Fitness Watch,North,31,217.89,6754.59,0,0
2024-11-12,Smart Fitness Watch,West,26,223.15,5801.9,0,0
2024-11-12,Smart Fitness Watch,South,27,223.17,6025.59,0,0
2024-11-12,Smart Fitness Watch,East,20,224.2,4484.0,0,0
2024-11-12,Ergonomic Office Chair,North,11,325.05,3575.55,0,0
2024-11-12,Ergonomic Office Chair,West,13,317.06,4121.78,0,0
2024-11-12,Ergonomic Office Chair,South,5,323.63,1618.15,0,0
2024-11-12,Ergonomic Office Chair,East,11,314.33,3457.63,0,0
2024-11-13,Laptop Pro 15,North,8,1183.56,9468.48,0,0
2024-11-13,Laptop Pro 15,West,7,1189.93,8329.51,0,0
2024-11-13,Laptop Pro 15,South,11,1205.73,13263.03,0,0
2024-11-13,Laptop Pro 15,East,6,1223.42,7340.52,0,0
2024-11-13,Smartphone Ultra,North,25,747.24,18681.0,0,0
2024-11-13,Smartphone Ultra,West,26,736.07,19137.82,0,0
2024-11-13,Smartphone Ultra,South,23,751.52,17284.96,0,0
2024-11-13,Smartphone Ultra,East,18,748.85,13479.3,0,0
2024-11-13,Wireless Noise-Canceling Headphones,North,42,180.82,7594.44,0,0
2024-11-13,Wireless Noise-Canceling Headphones,West,42,182.72,7674.24,0,0
2024-11-13,Wireless Noise-Canceling Headphones,South,42,180.85,7595.7,0,0
2024-11-13,Wireless Noise-Canceling Headphones,East,22,179.49,3948.78,0,0
2024-11-13,Smart Fitness Watch,North,40,223.31,8932.4,0,0
2024-11-13,Smart Fitness Watch,West,20,217.76,4355.2,0,0
2024-11-13,Smart Fitness Watch,South,25,221.87,5546.75,0,0
2024-11-13,Smart Fitness Watch,East,19,217.76,4137.44,0,0
2024-11-13,Ergonomic Office Chair,North,8,320.69,2565.52,0,0
2024-11-13,Ergonomic Office Chair,West,6,320.39,1922.34,0,0
2024-11-13,Ergonomic Office Chair,South,9,316.83,2851.47,0,0
2024-11-13,Ergonomic Office Chair,East,11,318.53,3503.83,0,0
2024-11-14,Laptop Pro 15,North,8,1188.99,9511.92,0,0
2024-11-14,Laptop Pro 15,West,9,1192.31,10730.79,0,0
2024-11-14,Laptop Pro 15,South,10,1211.75,12117.5,0,0
2024-11-14,Laptop Pro 15,East,6,1187.18,7123.08,0,0
2024-11-14,Smartphone Ultra,North,29,764.81,22179.49,0,0
2024-11-14,Smartphone Ultra,West,20,761.76,15235.2,0,0
2024-11-14,Smartphone Ultra,South,21,750.75,15765.75,0,0
2024-11-14,Smartphone Ultra,East,20,753.94,15078.8,0,0
2024-11-14,Wireless Noise-Canceling Headphones,North,50,181.54,9077.0,0,0
2024-11-14,Wireless Noise-Canceling Headphones,West,50,182.55,9127.5,0,0
2024-11-14,Wireless Noise-Canceling Headphones,South,35,183.22,6412.7,0,0
2024-11-14,Wireless Noise-Canceling Headphones,East,30,178.5,5355.0,0,0
2024-11-14,Smart Fitness Watch,North,24,222.7,5344.8,0,0
2024-11-14,Smart Fitness Watch,West,25,218.04,5451.0,0,0
2024-11-14,Smart Fitness Watch,South,20,217.74,4354.8,0,0
2024-11-14,Smart Fitness Watch,East,30,220.37,6611.1,0,0
2024-11-14,Ergonomic Office Chair,North,10,323.37,3233.7,0,0
2024-11-14,Ergonomic Office Chair,West,6,319.42,1916.52,0,0
2024-11-14,Ergonomic Office Chair,South,8,318.19,2545.52,0,0
2024-11-14,Ergonomic Office Chair,East,9,317.49,2857.41,0,0
2024-11-15,Laptop Pro 15,North,16,1046.7,16747.2,1,0
2024-11-15,Laptop Pro 15,West,15,1051.2,15768.0,1,0
2024-11-15,Laptop Pro 15,South,11,1051.86,11570.46,1,0
2024-11-15,Laptop Pro 15,East,14,1022.98,14321.72,1,0
2024-11-15,Smartphone Ultra,North,47,641.85,30166.95,1,0
2024-11-15,Smartphone Ultra,West,33,655.68,21637.44,1,0
2024-11-15,Smartphone Ultra,South,35,645.61,22596.35,1,0
2024-11-15,Smartphone Ultra,East,33,637.65,21042.45,1,0
2024-11-15,Wireless Noise-Canceling Headphones,North,75,158.44,11883.0,1,0
2024-11-15,Wireless Noise-Canceling Headphones,West,78,154.69,12065.82,1,0
2024-11-15,Wireless Noise-Canceling Headphones,South,70,158.81,11116.7,1,0
2024-11-15,Wireless Noise-Canceling Headphones,East,54,157.15,8486.1,1,0
2024-11-15,Smart Fitness Watch,North,46,195.56,8995.76,1,0
2024-11-15,Smart Fitness Watch,West,53,195.4,10356.2,1,0
2024-11-15,Smart Fitness Watch,South,38,200.67,7625.46,1,0
2024-11-15,Smart Fitness Watch,East,36,187.82,6761.52,1,0
2024-11-15,Ergonomic Office Chair,North,20,287.47,5749.4,1,0
2024-11-15,Ergonomic Office Chair,West,10,280.32,2803.2,1,0
2024-11-15,Ergonomic Office Chair,South,14,272.16,3810.24,1,0
2024-11-15,Ergonomic Office Chair,East,15,288.98,4334.7,1,0
2024-11-16,Laptop Pro 15,North,21,1093.11,22955.31,1,0
2024-11-16,Laptop Pro 15,West,27,1086.23,29328.21,1,0
2024-11-16,Laptop Pro 15,South,20,1052.05,21041.0,1,0
2024-11-16,Laptop Pro 15,East,12,1041.35,12496.2,1,0
2024-11-16,Smartphone Ultra,North,48,660.26,31692.48,1,0
2024-11-16,Smartphone Ultra,West,47,684.35,32164.45,1,0
2024-11-16,Smartphone Ultra,South,59,669.87,39522.33,1,0
2024-11-16,Smartphone Ultra,East,51,662.1,33767.1,1,0
2024-11-16,Wireless Noise-Canceling Headphones,North,93,156.78,14580.54,1,0
2024-11-16,Wireless Noise-Canceling Headphones,West,90,158.38,14254.2,1,0
2024-11-16,Wireless Noise-Canceling Headphones,South,76,157.15,11943.4,1,0
2024-11-16,Wireless Noise-Canceling Headphones,East,63,157.46,9919.98,1,0
2024-11-16,Smart Fitness Watch,North,54,195.91,10579.14,1,0
2024-11-16,Smart Fitness Watch,West,58,189.83,11010.14,1,0
2024-11-16,Smart Fitness Watch,South,39,190.8,7441.2,1,0
2024-11-16,Smart Fitness Watch,East,35,197.72,6920.2,1,0
2024-11-16,Ergonomic Office Chair,North,16,275.25,4404.0,1,0
2024-11-16,Ergonomic Office Chair,West,18,272.64,4907.52,1,0
2024-11-16,Ergonomic Office Chair,South,18,284.07,5113.26,1,0
2024-11-16,Ergonomic Office Chair,East,14,280.14,3921.96,1,0
2024-11-17,Laptop Pro 15,North,18,1210.63,21791.34,0,0
2024-11-17,Laptop Pro 15,West,21,1205.1,25307.1,0,0
2024-11-17,Laptop Pro 15,South,13,1203.76,15648.88,0,0
2024-11-17,Laptop Pro 15,East,7,1196.86,8378.02,0,0
2024-11-17,Smartphone Ultra,North,40,752.1,30084.0,0,0
2024-11-17,Smartphone Ultra,West,30,753.8,22614.0,0,0
2024-11-17,Smartphone Ultra,South,31,756.28,23444.68,0,0
2024-11-17,Smartphone Ultra,East,27,759.33,20501.91,0,0
2024-11-17,Wireless Noise-Canceling Headphones,North,52,178.69,9291.88,0,0
2024-11-17,Wireless Noise-Canceling Headphones,West,69,180.58,12460.02,0,0
2024-11-17,Wireless Noise-Canceling Headphones,South,47,176.66,8303.02,0,0
2024-11-17,Wireless Noise-Canceling Headphones,East,49,178.04,8723.96,0,0
2024-11-17,Smart Fitness Watch,North,39,217.63,8487.57,0,0
2024-11-17,Smart Fitness Watch,West,48,221.96,10654.08,0,0
2024-11-17,Smart Fitness Watch,South,29,221.56,6425.24,0,0
2024-11-17,Smart Fitness Watch,East,33,223.34,7370.22,0,0
2024-11-17,Ergonomic Office Chair,North,13,321.79,4183.27,0,0
2024-11-17,Ergonomic Office Chair,West,22,315.34,6937.48,0,0
2024-11-17,Ergonomic Office Chair,South,12,313.88,3766.56,0,0
2024-11-17,Ergonomic Office Chair,East,8,317.5,2540.0,0,0
2024-11-18,Laptop Pro 15,North,10,1184.84,11848.4,0,0
2024-11-18,Laptop Pro 15,West,10,1189.64,11896.4,0,0
2024-11-18,Laptop Pro 15,South,10,1183.28,11832.8,0,0
2024-11-18,Laptop Pro 15,East,16,1221.09,19537.44,0,0
2024-11-18,Smartphone Ultra,North,24,756.31,18151.44,0,0
2024-11-18,Smartphone Ultra,West,30,736.06,22081.8,0,0
2024-11-18,Smartphone Ultra,South,25,751.0,18775.0,0,0
2024-11-18,Smartphone Ultra,East,23,740.51,17031.73,0,0
2024-11-18,Wireless Noise-Canceling Headphones,North,47,178.74,8400.78,0,0
2024-11-18,Wireless Noise-Canceling Headphones,West,43,180.13,7745.59,0,0
2024-11-18,Wireless Noise-Canceling Headphones,South,42,180.85,7595.7,0,0
2024-11-18,Wireless Noise-Canceling Headphones,East,31,181.2,5617.2,0,0
2024-11-18,Smart Fitness Watch,North,35,223.83,7834.05,0,0
2024-11-18,Smart Fitness Watch,West,28,220.66,6178.48,0,0
2024-11-18,Smart Fitness Watch,South,25,221.12,5528.0,0,0
2024-11-18,Smart Fitness Watch,East,13,221.07,2873.91,0,0
2024-11-18,Ergonomic Office Chair,North,14,319.66,4475.24,0,0
2024-11-18,Ergonomic Office Chair,West,9,314.24,2828.16,0,0
2024-11-18,Ergonomic Office Chair,South,8,314.32,2514.56,0,0
2024-11-18,Ergonomic Office Chair,East,5,317.32,1586.6,0,0
2024-11-19,Laptop Pro 15,North,9,1200.97,10808.73,0,0
2024-11-19,Laptop Pro 15,West,12,1201.54,14418.48,0,0
2024-11-19,Laptop Pro 15,South,7,1193.99,8357.93,0,0
2024-11-19,Laptop Pro 15,East,7,1202.52,8417.64,0,0
2024-11-19,Smartphone Ultra,North,24,744.11,17858.64,0,0
2024-11-19,Smartphone Ultra,West,27,743.7,20079.9,0,0
2024-11-19,Smartphone Ultra,South,22,753.22,16570.84,0,0
2024-11-19,Smartphone Ultra,East,22,741.75,16318.5,0,0
2024-11-19,Wireless Noise-Canceling Headphones,North,54,176.82,9548.28,0,0
2024-11-19,Wireless Noise-Canceling Headphones,West,45,178.11,8014.95,0,0
2024-11-19,Wireless Noise-Canceling Headphones,South,48,178.55,8570.4,0,0
2024-11-19,Wireless Noise-Canceling Headphones,East,29,182.68,5297.72,0,0
2024-11-19,Smart Fitness Watch,North,28,216.9,6073.2,0,0
2024-11-19,Smart Fitness Watch,West,27,216.67,5850.09,0,0
2024-11-19,Smart Fitness Watch,South,28,223.35,6253.8,0,0
2024-11-19,Smart Fitness Watch,East,14,218.43,3058.02,0,0
2024-11-19,Ergonomic Office Chair,North,11,315.95,3475.45,0,0
2024-11-19,Ergonomic Office Chair,West,12,325.06,3900.72,0,0
2024-11-19,Ergonomic Office Chair,South,7,322.77,2259.39,0,0
2024-11-19,Ergonomic Office Chair,East,8,319.0,2552.0,0,0
2024-11-20,Laptop Pro 15,North,17,1087.68,18490.56,1,0
2024-11-20,Laptop Pro 15,West,19,1082.68,20570.92,1,0
2024-11-20,Laptop Pro 15,South,14,1064.9,14908.6,1,0
2024-11-20,Laptop Pro 15,East,11,1081.49,11896.39,1,0
2024-11-20,Smartphone Ultra,North,33,681.22,22480.26,1,0
2024-11-20,Smartphone Ultra,West,35,662.13,23174.55,1,0
2024-11-20,Smartphone Ultra,South,38,672.56,25557.28,1,0
2024-11-20,Smartphone Ultra,East,31,642.93,19930.83,1,0
2024-11-20,Wireless Noise-Canceling Headphones,North,62,162.33,10064.46,1,0
2024-11-20,Wireless Noise-Canceling Headphones,West,58,163.15,9462.7,1,0
2024-11-20,Wireless Noise-Canceling Headphones,South,76,159.6,12129.6,1,0
2024-11-20,Wireless Noise-Canceling Headphones,East,46,159.35,7330.1,1,0
2024-11-20,Smart Fitness Watch,North,42,188.77,7928.34,1,0
2024-11-20,Smart Fitness Watch,West,41,188.61,7733.01,1,0
2024-11-20,Smart Fitness Watch,South,40,192.87,7714.8,1,0
2024-11-20,Smart Fitness Watch,East,34,191.96,6526.64,1,0
2024-11-20,Ergonomic Office Chair,North,17,290.64,4940.88,1,0
2024-11-20,Ergonomic Office Chair,West,15,291.01,4365.15,1,0
2024-11-20,Ergonomic Office Chair,South,17,280.26,4764.42,1,0
2024-11-20,Ergonomic Office Chair,East,15,278.26,4173.9,1,0
2024-11-21,Laptop Pro 15,North,10,1071.73,10717.3,1,0
2024-11-21,Laptop Pro 15,West,21,1086.84,22823.64,1,0
2024-11-21,Laptop Pro 15,South,12,1084.15,13009.8,1,0
2024-11-21,Laptop Pro 15,East,13,1029.69,13385.97,1,0
2024-11-21,Smartphone Ultra,North,49,648.97,31799.53,1,0
2024-11-21,Smartphone Ultra,West,35,669.14,23419.9,1,0
2024-11-21,Smartphone Ultra,South,33,679.61,22427.13,1,0
2024-11-21,Smartphone Ultra,East,22,644.18,14171.96,1,0
2024-11-21,Wireless Noise-Canceling Headphones,North,58,162.42,9420.36,1,0
2024-11-21,Wireless Noise-Canceling Headphones,West,76,155.38,11808.88,1,0
2024-11-21,Wireless Noise-Canceling Headphones,South,58,163.33,9473.14,1,0
2024-11-21,Wireless Noise-Canceling Headphones,East,61,159.46,9727.06,1,0
2024-11-21,Smart Fitness Watch,North,44,188.89,8311.16,1,0
2024-11-21,Smart Fitness Watch,West,34,198.51,6749.34,1,0
2024-11-21,Smart Fitness Watch,South,24,191.91,4605.84,1,0
2024-11-21,Smart Fitness Watch,East,30,198.0,5940.0,1,0
2024-11-21,Ergonomic Office Chair,North,11,280.96,3090.56,1,0
2024-11-21,Ergonomic Office Chair,West,9,279.54,2515.86,1,0
2024-11-21,Ergonomic Office Chair,South,15,277.94,4169.1,1,0
2024-11-21,Ergonomic Office Chair,East,12,274.34,3292.08,1,0
2024-11-22,Laptop Pro 15,North,27,1025.16,27679.32,1,0
2024-11-22,Laptop Pro 15,West,15,1022.58,15338.7,1,0
2024-11-22,Laptop Pro 15,South,16,1053.81,16860.96,1,0
2024-11-22,Laptop Pro 15,East,11,1025.16,11276.76,1,0
2024-11-22,Smartphone Ultra,North,44,657.54,28931.76,1,0
2024-11-22,Smartphone Ultra,West,41,661.3,27113.3,1,0
2024-11-22,Smartphone Ultra,South,41,660.13,27065.33,1,0
2024-11-22,Smartphone Ultra,East,35,687.49,24062.15,1,0
2024-11-22,Wireless Noise-Canceling Headphones,North,84,160.77,13504.68,1,0
2024-11-22,Wireless Noise-Canceling Headphones,West,83,158.7,13172.1,1,0
2024-11-22,Wireless Noise-Canceling Headphones,South,51,162.78,8301.78,1,0
2024-11-22,Wireless Noise-Canceling Headphones,East,37,160.93,5954.41,1,0
2024-11-22,Smart Fitness Watch,North,66,189.67,12518.22,1,0
2024-11-22,Smart Fitness Watch,West,41,196.83,8070.03,1,0
2024-11-22,Smart Fitness Watch,South,37,189.44,7009.28,1,0
2024-11-22,Smart Fitness Watch,East,29,190.56,5526.24,1,0
2024-11-22,Ergonomic Office Chair,North,25,282.06,7051.5,1,0
2024-11-22,Ergonomic Office Chair,West,13,283.48,3685.24,1,0
2024-11-22,Ergonomic Office Chair,South,20,289.49,5789.8,1,0
2024-11-22,Ergonomic Office Chair,East,8,292.03,2336.24,1,0
2024-11-23,Laptop Pro 15,North,20,1095.44,21908.8,1,0
2024-11-23,Laptop Pro 15,West,19,1027.39,19520.41,1,0
2024-11-23,Laptop Pro 15,South,16,1090.95,17455.2,1,0
2024-11-23,Laptop Pro 15,East,18,1029.83,18536.94,1,0
2024-11-23,Smartphone Ultra,North,57,643.15,36659.55,1,0
2024-11-23,Smartphone Ultra,West,60,645.43,38725.8,1,0
2024-11-23,Smartphone Ultra,South,45,649.45,29225.25,1,0
2024-11-23,Smartphone Ultra,East,33,687.37,22683.21,1,0
2024-11-23,Wireless Noise-Canceling Headphones,North,93,156.35,14540.55,1,0
2024-11-23,Wireless Noise-Canceling Headphones,West,85,163.72,13916.2,1,0
2024-11-23,Wireless Noise-Canceling Headphones,South,79,156.84,12390.36,1,0
2024-11-23,Wireless Noise-Canceling Headphones,East,75,157.64,11823.0,1,0
2024-11-23,Smart Fitness Watch,North,57,192.39,10966.23,1,0
2024-11-23,Smart Fitness Watch,West,59,195.23,11518.57,1,0
2024-11-23,Smart Fitness Watch,South,53,192.31,10192.43,1,0
2024-11-23,Smart Fitness Watch,East,44,187.53,8251.32,1,0
2024-11-23,Ergonomic Office Chair,North,21,272.57,5723.97,1,0
2024-11-23,Ergonomic Office Chair,West,22,292.89,6443.58,1,0
2024-11-23,Ergonomic Office Chair,South,22,284.97,6269.34,1,0
2024-11-23,Ergonomic Office Chair,East,9,276.31,2486.79,1,0
2024-11-24,Laptop Pro 15,North,34,1022.61,34768.74,1,1
2024-11-24,Laptop Pro 15,West,37,1095.75,40542.75,1,1
2024-11-24,Laptop Pro 15,South,34,1021.51,34731.34,1,1
2024-11-24,Laptop Pro 15,East,25,1063.91,26597.75,1,1
2024-11-24,Smartphone Ultra,North,84,684.17,57470.28,1,1
2024-11-24,Smartphone Ultra,West,70,687.88,48151.6,1,1
2024-11-24,Smartphone Ultra,South,74,657.1,48625.4,1,1
2024-11-24,Smartphone Ultra,East,57,638.65,36403.05,1,1
2024-11-24,Wireless Noise-Canceling Headphones,North,175,157.63,27585.25,1,1
2024-11-24,Wireless Noise-Canceling Headphones,West,156,157.56,24579.36,1,1
2024-11-24,Wireless Noise-Canceling Headphones,South,142,165.31,23474.02,1,1
2024-11-24,Wireless Noise-Canceling Headphones,East,110,157.09,17279.9,1,1
2024-11-24,Smart Fitness Watch,North,83,196.95,16346.85,1,1
2024-11-24,Smart Fitness Watch,West,100,191.3,19130.0,1,1
2024-11-24,Smart Fitness Watch,South,87,199.93,17393.91,1,1
2024-11-24,Smart Fitness Watch,East,71,199.6,14171.6,1,1
2024-11-24,Ergonomic Office Chair,North,40,275.53,11021.2,1,1
2024-11-24,Ergonomic Office Chair,West,29,277.8,8056.2,1,1
2024-11-24,Ergonomic Office Chair,South,25,292.05,7301.25,1,1
2024-11-24,Ergonomic Office Chair,East,28,279.93,7838.04,1,1
2024-11-25,Laptop Pro 15,North,26,1021.51,26559.26,1,1
2024-11-25,Laptop Pro 15,West,26,1029.71,26772.46,1,1
2024-11-25,Laptop Pro 15,South,25,1023.49,25587.25,1,1
2024-11-25,Laptop Pro 15,East,13,1084.66,14100.58,1,1
2024-11-25,Smartphone Ultra,North,66,656.92,43356.72,1,1
2024-11-25,Smartphone Ultra,West,49,644.87,31598.63,1,1
2024-11-25,Smartphone Ultra,South,50,653.07,32653.5,1,1
2024-11-25,Smartphone Ultra,East,46,660.91,30401.86,1,1
2024-11-25,Wireless Noise-Canceling Headphones,North,116,157.68,18290.88,1,1
2024-11-25,Wireless Noise-Canceling Headphones,West,101,159.31,16090.31,1,1
2024-11-25,Wireless Noise-Canceling Headphones,South,87,157.73,13722.51,1,1
2024-11-25,Wireless Noise-Canceling Headphones,East,85,163.64,13909.4,1,1
2024-11-25,Smart Fitness Watch,North,66,201.95,13328.7,1,1
2024-11-25,Smart Fitness Watch,West,88,188.04,16547.52,1,1
2024-11-25,Smart Fitness Watch,South,71,201.22,14286.62,1,1
2024-11-25,Smart Fitness Watch,East,49,193.06,9459.94,1,1
2024-11-25,Ergonomic Office Chair,North,23,291.83,6712.09,1,1
2024-11-25,Ergonomic Office Chair,West,26,278.45,7239.7,1,1
2024-11-25,Ergonomic Office Chair,South,16,290.8,4652.8,1,1
2024-11-25,Ergonomic Office Chair,East,16,281.28,4500.48,1,1
2024-11-26,Laptop Pro 15,North,23,1083.59,24922.57,1,1
2024-11-26,Laptop Pro 15,West,25,1035.13,25878.25,1,1
2024-11-26,Laptop Pro 15,South,25,1023.25,25581.25,1,1
2024-11-26,Laptop Pro 15,East,26,1045.2,27175.2,1,1
2024-11-26,Smartphone Ultra,North,62,688.02,42657.24,1,1
2024-11-26,Smartphone Ultra,West,52,643.11,33441.72,1,1
2024-11-26,Smartphone Ultra,South,47,679.71,31946.37,1,1
2024-11-26,Smartphone Ultra,East,43,686.59,29523.37,1,1
2024-11-26,Wireless Noise-Canceling Headphones,North,132,156.93,20714.76,1,1
2024-11-26,Wireless Noise-Canceling Headphones,West,114,157.94,18005.16,1,1
2024-11-26,Wireless Noise-Canceling Headphones,South,84,158.42,13307.28,1,1
2024-11-26,Wireless Noise-Canceling Headphones,East,66,161.79,10678.14,1,1
2024-11-26,Smart Fitness Watch,North,68,188.13,12792.84,1,1
2024-11-26,Smart Fitness Watch,West,69,189.93,13105.17,1,1
2024-11-26,Smart Fitness Watch,South,51,191.13,9747.63,1,1
2024-11-26,Smart Fitness Watch,East,47,200.86,9440.42,1,1
2024-11-26,Ergonomic Office Chair,North,25,280.23,7005.75,1,1
2024-11-26,Ergonomic Office Chair,West,34,286.85,9752.9,1,1
2024-11-26,Ergonomic Office Chair,South,26,289.95,7538.7,1,1
2024-11-26,Ergonomic Office Chair,East,25,285.23,7130.75,1,1
2024-11-27,Laptop Pro 15,North,36,1072.7,38617.2,1,1
2024-11-27,Laptop Pro 15,West,21,1086.9,22824.9,1,1
2024-11-27,Laptop Pro 15,South,22,1054.36,23195.92,1,1
2024-11-27,Laptop Pro 15,East,12,1094.36,13132.32,1,1
2024-11-27,Smartphone Ultra,North,70,685.62,47993.4,1,1
2024-11-27,Smartphone Ultra,West,67,665.45,44585.15,1,1
2024-11-27,Smartphone Ultra,South,54,679.67,36702.18,1,1
2024-11-27,Smartphone Ultra,East,55,639.5,35172.5,1,1
2024-11-27,Wireless Noise-Canceling Headphones,North,102,163.94,16721.88,1,1
2024-11-27,Wireless Noise-Canceling Headphones,West,102,163.82,16709.64,1,1
2024-11-27,Wireless Noise-Canceling Headphones,South,83,154.17,12796.11,1,1
2024-11-27,Wireless Noise-Canceling Headphones,East,92,155.17,14275.64,1,1
2024-11-27,Smart Fitness Watch,North,92,198.51,18262.92,1,1
2024-11-27,Smart Fitness Watch,West,62,190.58,11815.96,1,1
2024-11-27,Smart Fitness Watch,South,62,199.3,12356.6,1,1
2024-11-27,Smart Fitness Watch,East,47,201.92,9490.24,1,1
2024-11-27,Ergonomic Office Chair,North,23,289.23,6652.29,1,1
2024-11-27,Ergonomic Office Chair,West,23,284.22,6537.06,1,1
2024-11-27,Ergonomic Office Chair,South,30,282.43,8472.9,1,1
2024-11-27,Ergonomic Office Chair,East,12,293.59,3523.08,1,1
2024-11-28,Laptop Pro 15,North,17,1059.5,18011.5,1,0
2024-11-28,Laptop Pro 15,West,15,1103.15,16547.25,1,0
2024-11-28,Laptop Pro 15,South,18,1099.05,19782.9,1,0
2024-11-28,Laptop Pro 15,East,9,1086.12,9775.08,1,0
2024-11-28,Smartphone Ultra,North,50,665.54,33277.0,1,0
2024-11-28,Smartphone Ultra,West,41,645.21,26453.61,1,0
2024-11-28,Smartphone Ultra,South,30,676.47,20294.1,1,0
2024-11-28,Smartphone Ultra,East,27,667.2,18014.4,1,0
2024-11-28,Wireless Noise-Canceling Headphones,North,66,154.34,10186.44,1,0
2024-11-28,Wireless Noise-Canceling Headphones,West,62,160.16,9929.92,1,0
2024-11-28,Wireless Noise-Canceling Headphones,South,65,156.96,10202.4,1,0
2024-11-28,Wireless Noise-Canceling Headphones,East,56,156.87,8784.72,1,0
2024-11-28,Smart Fitness Watch,North,36,188.9,6800.4,1,0
2024-11-28,Smart Fitness Watch,West,52,200.3,10415.6,1,0
2024-11-28,Smart Fitness Watch,South,42,193.82,8140.44,1,0
2024-11-28,Smart Fitness Watch,East,48,187.77,9012.96,1,0
2024-11-28,Ergonomic Office Chair,North,13,273.25,3552.25,1,0
2024-11-28,Ergonomic Office Chair,West,14,276.75,3874.5,1,0
2024-11-28,Ergonomic Office Chair,South,10,273.72,2737.2,1,0
2024-11-28,Ergonomic Office Chair,East,13,274.04,3562.52,1,0
2024-11-29,Laptop Pro 15,North,12,1022.38,12268.56,1,0
2024-11-29,Laptop Pro 15,West,22,1036.13,22794.86,1,0
2024-11-29,Laptop Pro 15,South,14,1043.11,14603.54,1,0
2024-11-29,Laptop Pro 15,East,9,1093.98,9845.82,1,0
2024-11-29,Smartphone Ultra,North,46,677.13,31147.98,1,0
2024-11-29,Smartphone Ultra,West,47,652.3,30658.1,1,0
2024-11-29,Smartphone Ultra,South,37,637.53,23588.61,1,0
2024-11-29,Smartphone Ultra,East,34,644.22,21903.48,1,0
2024-11-29,Wireless Noise-Canceling Headphones,North,73,158.5,11570.5,1,0
2024-11-29,Wireless Noise-Canceling Headphones,West,71,163.25,11590.75,1,0
2024-11-29,Wireless Noise-Canceling Headphones,South,75,162.04,12153.0,1,0
2024-11-29,Wireless Noise-Canceling Headphones,East,54,164.34,8874.36,1,0
2024-11-29,Smart Fitness Watch,North,45,200.99,9044.55,1,0
2024-11-29,Smart Fitness Watch,West,53,187.78,9952.34,1,0
2024-11-29,Smart Fitness Watch,South,35,199.09,6968.15,1,0
2024-11-29,Smart Fitness Watch,East,23,191.8,4411.4,1,0
2024-11-29,Ergonomic Office Chair,North,20,272.19,5443.8,1,0
2024-11-29,Ergonomic Office Chair,West,12,278.67,3344.04,1,0
2024-11-29,Ergonomic Office Chair,South,9,291.05,2619.45,1,0
2024-11-29,Ergonomic Office Chair,East,12,273.37,3280.44,1,0
2024-11-30,Laptop Pro 15,North,22,1030.32,22667.04,1,0
2024-11-30,Laptop Pro 15,West,28,1087.36,30446.08,1,0
2024-11-30,Laptop Pro 15,South,19,1073.8,20402.2,1,0
2024-11-30,Laptop Pro 15,East,12,1065.22,12782.64,1,0
2024-11-30,Smartphone Ultra,North,52,665.35,34598.2,1,0
2024-11-30,Smartphone Ultra,West,51,677.36,34545.36,1,0
2024-11-30,Smartphone Ultra,South,37,688.37,25469.69,1,0
2024-11-30,Smartphone Ultra,East,40,651.49,26059.6,1,0
2024-11-30,Wireless Noise-Canceling Headphones,North,100,157.5,15750.0,1,0
2024-11-30,Wireless Noise-Canceling Headphones,West,82,162.97,13363.54,1,0
2024-11-30,Wireless Noise-Canceling Headphones,South,94,161.21,15153.74,1,0
2024-11-30,Wireless Noise-Canceling Headphones,East,72,165.1,11887.2,1,0
2024-11-30,Smart Fitness Watch,North,71,199.6,14171.6,1,0
2024-11-30,Smart Fitness Watch,West,46,196.64,9045.44,1,0
2024-11-30,Smart Fitness Watch,South,49,198.46,9724.54,1,0
2024-11-30,Smart Fitness Watch,East,38,187.19,7113.22,1,0
2024-11-30,Ergonomic Office Chair,North,15,280.38,4205.7,1,0
2024-11-30,Ergonomic Office Chair,West,20,276.76,5535.2,1,0
2024-11-30,Ergonomic Office Chair,South,27,272.58,7359.66,1,0
2024-11-30,Ergonomic Office Chair,East,13,286.42,3723.46,1,0
2024-12-01,Laptop Pro 15,North,17,1213.65,20632.05,0,0
2024-12-01,Laptop Pro 15,West,13,1183.45,15384.85,0,0
2024-12-01,Laptop Pro 15,South,7,1221.68,8551.76,0,0
2024-12-01,Laptop Pro 15,East,10,1180.21,11802.1,0,0
2024-12-01,Smartphone Ultra,North,39,760.61,29663.79,0,0
2024-12-01,Smartphone Ultra,West,35,748.13,26184.55,0,0
2024-12-01,Smartphone Ultra,South,34,748.88,25461.92,0,0
2024-12-01,Smartphone Ultra,East,15,750.18,11252.7,0,0
2024-12-01,Wireless Noise-Canceling Headphones,North,60,179.97,10798.2,0,0
2024-12-01,Wireless Noise-Canceling Headphones,West,52,182.6,9495.2,0,0
2024-12-01,Wireless Noise-Canceling Headphones,South,62,181.79,11270.98,0,0
2024-12-01,Wireless Noise-Canceling Headphones,East,50,180.8,9040.0,0,0
2024-12-01,Smart Fitness Watch,North,47,220.37,10357.39,0,0
2024-12-01,Smart Fitness Watch,West,40,222.45,8898.0,0,0
2024-12-01,Smart Fitness Watch,South,36,219.41,7898.76,0,0
2024-12-01,Smart Fitness Watch,East,29,217.69,6313.01,0,0
2024-12-01,Ergonomic Office Chair,North,9,317.39,2856.51,0,0
2024-12-01,Ergonomic Office Chair,West,13,326.21,4240.73,0,0
2024-12-01,Ergonomic Office Chair,South,16,316.84,5069.44,0,0
2024-12-01,Ergonomic Office Chair,East,10,320.85,3208.5,0,0
2024-12-02,Laptop Pro 15,North,13,1196.16,15550.08,0,0
2024-12-02,Laptop Pro 15,West,14,1177.09,16479.26,0,0
2024-12-02,Laptop Pro 15,South,10,1196.2,11962.0,0,0
2024-12-02,Laptop Pro 15,East,13,1188.35,15448.55,0,0
2024-12-02,Smartphone Ultra,North,22,763.13,16788.86,0,0
2024-12-02,Smartphone Ultra,West,19,745.05,14155.95,0,0
2024-12-02,Smartphone Ultra,South,24,753.14,18075.36,0,0
2024-12-02,Smartphone Ultra,East,22,764.87,16827.14,0,0
2024-12-02,Wireless Noise-Canceling Headphones,North,39,182.39,7113.21,0,0
2024-12-02,Wireless Noise-Canceling Headphones,West,39,179.02,6981.78,0,0
2024-12-02,Wireless Noise-Canceling Headphones,South,32,182.05,5825.6,0,0
2024-12-02,Wireless Noise-Canceling Headphones,East,24,181.74,4361.76,0,0
2024-12-02,Smart Fitness Watch,North,34,219.7,7469.8,0,0
2024-12-02,Smart Fitness Watch,West,35,224.33,7851.55,0,0
2024-12-02,Smart Fitness Watch,South,24,215.62,5174.88,0,0
2024-12-02,Smart Fitness Watch,East,15,221.31,3319.65,0,0
2024-12-02,Ergonomic Office Chair,North,14,317.83,4449.62,0,0
2024-12-02,Ergonomic Office Chair,West,7,322.57,2257.99,0,0
2024-12-02,Ergonomic Office Chair,South,10,323.32,3233.2,0,0
2024-12-02,Ergonomic Office Chair,East,5,325.05,1625.25,0,0
2024-12-03,Laptop Pro 15,North,16,1206.79,19308.64,0,0
2024-12-03,Laptop Pro 15,West,3,1219.17,3657.51,0,0
2024-12-03,Laptop Pro 15,South,9,1202.35,10821.15,0,0
2024-12-03,Laptop Pro 15,East,6,1216.33,7297.98,0,0
2024-12-03,Smartphone Ultra,North,21,757.02,15897.42,0,0
2024-12-03,Smartphone Ultra,West,21,746.52,15676.92,0,0
2024-12-03,Smartphone Ultra,South,24,744.05,17857.2,0,0
2024-12-03,Smartphone Ultra,East,23,761.53,17515.19,0,0
2024-12-03,Wireless Noise-Canceling Headphones,North,49,176.53,8649.97,0,0
2024-12-03,Wireless Noise-Canceling Headphones,West,49,183.07,8970.43,0,0
2024-12-03,Wireless Noise-Canceling Headphones,South,45,177.77,7999.65,0,0
2024-12-03,Wireless Noise-Canceling Headphones,East,34,178.07,6054.38,0,0
2024-12-03,Smart Fitness Watch,North,35,221.15,7740.25,0,0
2024-12-03,Smart Fitness Watch,West,30,219.38,6581.4,0,0
2024-12-03,Smart Fitness Watch,South,18,215.71,3882.78,0,0
2024-12-03,Smart Fitness Watch,East,16,220.2,3523.2,0,0
2024-12-03,Ergonomic Office Chair,North,11,323.36,3556.96,0,0
2024-12-03,Ergonomic Office Chair,West,10,321.45,3214.5,0,0
2024-12-03,Ergonomic Office Chair,South,13,315.45,4100.85,0,0
2024-12-03,Ergonomic Office Chair,East,4,318.28,1273.12,0,0
2024-12-04,Laptop Pro 15,North,9,1194.25,10748.25,0,0
2024-12-04,Laptop Pro 15,West,11,1214.97,13364.67,0,0
2024-12-04,Laptop Pro 15,South,6,1179.19,7075.14,0,0
2024-12-04,Laptop Pro 15,East,7,1221.22,8548.54,0,0
2024-12-04,Smartphone Ultra,North,21,751.87,15789.27,0,0
2024-12-04,Smartphone Ultra,West,26,743.04,19319.04,0,0
2024-12-04,Smartphone Ultra,South,24,738.76,17730.24,0,0
2024-12-04,Smartphone Ultra,East,23,746.92,17179.16,0,0
2024-12-04,Wireless Noise-Canceling Headphones,North,59,181.28,10695.52,0,0
2024-12-04,Wireless Noise-Canceling Headphones,West,38,179.88,6835.44,0,0
2024-12-04,Wireless Noise-Canceling Headphones,South,41,176.86,7251.26,0,0
2024-12-04,Wireless Noise-Canceling Headphones,East,36,183.2,6595.2,0,0
2024-12-04,Smart Fitness Watch,North,28,223.75,6265.0,0,0
2024-12-04,Smart Fitness Watch,West,32,220.7,7062.4,0,0
2024-12-04,Smart Fitness Watch,South,16,219.91,3518.56,0,0
2024-12-04,Smart Fitness Watch,East,18,219.84,3957.12,0,0
2024-12-04,Ergonomic Office Chair,North,13,324.89,4223.57,0,0
2024-12-04,Ergonomic Office Chair,West,12,318.67,3824.04,0,0
2024-12-04,Ergonomic Office Chair,South,6,324.0,1944.0,0,0
2024-12-04,Ergonomic Office Chair,East,7,319.34,2235.38,0,0
2024-12-05,Laptop Pro 15,North,13,1207.94,15703.22,0,0
2024-12-05,Laptop Pro 15,West,7,1200.29,8402.03,0,0
2024-12-05,Laptop Pro 15,South,11,1212.95,13342.45,0,0
2024-12-05,Laptop Pro 15,East,5,1203.19,6015.95,0,0
2024-12-05,Smartphone Ultra,North,26,740.61,19255.86,0,0
2024-12-05,Smartphone Ultra,West,23,748.55,17216.65,0,0
2024-12-05,Smartphone Ultra,South,28,757.33,21205.24,0,0
2024-12-05,Smartphone Ultra,East,12,760.16,9121.92,0,0
2024-12-05,Wireless Noise-Canceling Headphones,North,47,182.87,8594.89,0,0
2024-12-05,Wireless Noise-Canceling Headphones,West,50,177.4,8870.0,0,0
2024-12-05,Wireless Noise-Canceling Headphones,South,42,183.26,7696.92,0,0
2024-12-05,Wireless Noise-Canceling Headphones,East,32,177.48,5679.36,0,0
2024-12-05,Smart Fitness Watch,North,26,222.09,5774.34,0,0
2024-12-05,Smart Fitness Watch,West,24,215.88,5181.12,0,0
2024-12-05,Smart Fitness Watch,South,17,221.79,3770.43,0,0
2024-12-05,Smart Fitness Watch,East,28,216.66,6066.48,0,0
2024-12-05,Ergonomic Office Chair,North,17,319.97,5439.49,0,0
2024-12-05,Ergonomic Office Chair,West,14,317.46,4444.44,0,0
2024-12-05,Ergonomic Office Chair,South,8,322.28,2578.24,0,0
2024-12-05,Ergonomic Office Chair,East,7,324.2,2269.4,0,0
2024-12-06,Laptop Pro 15,North,13,1182.49,15372.37,0,0
2024-12-06,Laptop Pro 15,West,14,1209.54,16933.56,0,0
2024-12-06,Laptop Pro 15,South,11,1198.06,13178.66,0,0
2024-12-06,Laptop Pro 15,East,5,1197.54,5987.7,0,0
2024-12-06,Smartphone Ultra,North,28,748.62,20961.36,0,0
2024-12-06,Smartphone Ultra,West,25,755.44,18886.0,0,0
2024-12-06,Smartphone Ultra,South,28,737.15,20640.2,0,0
2024-12-06,Smartphone Ultra,East,16,750.94,12015.04,0,0
2024-12-06,Wireless Noise-Canceling Headphones,North,52,179.61,9339.72,0,0
2024-12-06,Wireless Noise-Canceling Headphones,West,58,181.78,10543.24,0,0
2024-12-06,Wireless Noise-Canceling Headphones,South,51,180.89,9225.39,0,0
2024-12-06,Wireless Noise-Canceling Headphones,East,40,179.77,7190.8,0,0
2024-12-06,Smart Fitness Watch,North,41,220.32,9033.12,0,0
2024-12-06,Smart Fitness Watch,West,27,220.27,5947.29,0,0
2024-12-06,Smart Fitness Watch,South,28,222.07,6217.96,0,0
2024-12-06,Smart Fitness Watch,East,31,219.39,6801.09,0,0
2024-12-06,Ergonomic Office Chair,North,11,314.28,3457.08,0,0
2024-12-06,Ergonomic Office Chair,West,14,319.56,4473.84,0,0
2024-12-06,Ergonomic Office Chair,South,17,320.3,5445.1,0,0
2024-12-06,Ergonomic Office Chair,East,2,324.8,649.6,0,0
2024-12-07,Laptop Pro 15,North,17,1193.45,20288.65,0,0
2024-12-07,Laptop Pro 15,West,18,1187.05,21366.9,0,0
2024-12-07,Laptop Pro 15,South,13,1194.37,15526.81,0,0
2024-12-07,Laptop Pro 15,East,13,1186.16,15420.08,0,0
2024-12-07,Smartphone Ultra,North,43,762.65,32793.95,0,0
2024-12-07,Smartphone Ultra,West,40,739.81,29592.4,0,0
2024-12-07,Smartphone Ultra,South,21,754.77,15850.17,0,0
2024-12-07,Smartphone Ultra,East,25,735.93,18398.25,0,0
2024-12-07,Wireless Noise-Canceling Headphones,North,50,182.5,9125.0,0,0
2024-12-07,Wireless Noise-Canceling Headphones,West,58,178.62,10359.96,0,0
2024-12-07,Wireless Noise-Canceling Headphones,South,51,179.35,9146.85,0,0
2024-12-07,Wireless Noise-Canceling Headphones,East,54,177.71,9596.34,0,0
2024-12-07,Smart Fitness Watch,North,36,222.49,8009.64,0,0
2024-12-07,Smart Fitness Watch,West,48,215.63,10350.24,0,0
2024-12-07,Smart Fitness Watch,South,42,222.83,9358.86,0,0
2024-12-07,Smart Fitness Watch,East,29,216.89,6289.81,0,0
2024-12-07,Ergonomic Office Chair,North,14,323.27,4525.78,0,0
2024-12-07,Ergonomic Office Chair,West,14,314.29,4400.06,0,0
2024-12-07,Ergonomic Office Chair,South,16,315.77,5052.32,0,0
2024-12-07,Ergonomic Office Chair,East,11,322.88,3551.68,0,0
2024-12-08,Laptop Pro 15,North,13,1221.42,15878.46,0,0
2024-12-08,Laptop Pro 15,West,13,1213.06,15769.78,0,0
2024-12-08,Laptop Pro 15,South,13,1195.93,15547.09,0,0
2024-12-08,Laptop Pro 15,East,9,1223.5,11011.5,0,0
2024-12-08,Smartphone Ultra,North,34,744.59,25316.06,0,0
2024-12-08,Smartphone Ultra,West,34,757.9,25768.6,0,0
2024-12-08,Smartphone Ultra,South,33,750.75,24774.75,0,0
2024-12-08,Smartphone Ultra,East,32,762.91,24413.12,0,0
2024-12-08,Wireless Noise-Canceling Headphones,North,63,182.6,11503.8,0,0
2024-12-08,Wireless Noise-Canceling Headphones,West,67,183.17,12272.39,0,0
2024-12-08,Wireless Noise-Canceling Headphones,South,56,177.29,9928.24,0,0
2024-12-08,Wireless Noise-Canceling Headphones,East,46,177.58,8168.68,0,0
2024-12-08,Smart Fitness Watch,North,55,221.0,12155.0,0,0
2024-12-08,Smart Fitness Watch,West,33,219.52,7244.16,0,0
2024-12-08,Smart Fitness Watch,South,39,215.99,8423.61,0,0
2024-12-08,Smart Fitness Watch,East,32,216.88,6940.16,0,0
2024-12-08,Ergonomic Office Chair,North,9,318.5,2866.5,0,0
2024-12-08,Ergonomic Office Chair,West,16,322.96,5167.36,0,0
2024-12-08,Ergonomic Office Chair,South,8,318.42,2547.36,0,0
2024-12-08,Ergonomic Office Chair,East,7,320.47,2243.29,0,0
2024-12-09,Laptop Pro 15,North,11,1182.84,13011.24,0,0
2024-12-09,Laptop Pro 15,West,9,1212.92,10916.28,0,0
2024-12-09,Laptop Pro 15,South,6,1196.46,7178.76,0,0
2024-12-09,Laptop Pro 15,East,8,1218.92,9751.36,0,0
2024-12-09,Smartphone Ultra,North,24,758.74,18209.76,0,0
2024-12-09,Smartphone Ultra,West,23,740.44,17030.12,0,0
2024-12-09,Smartphone Ultra,South,22,748.5,16467.0,0,0
2024-12-09,Smartphone Ultra,East,11,749.82,8248.02,0,0
2024-12-09,Wireless Noise-Canceling Headphones,North,56,180.67,10117.52,0,0
2024-12-09,Wireless Noise-Canceling Headphones,West,42,176.48,7412.16,0,0
2024-12-09,Wireless Noise-Canceling Headphones,South,40,181.46,7258.4,0,0
2024-12-09,Wireless Noise-Canceling Headphones,East,32,182.25,5832.0,0,0
2024-12-09,Smart Fitness Watch,North,33,224.3,7401.9,0,0
2024-12-09,Smart Fitness Watch,West,26,220.18,5724.68,0,0
2024-12-09,Smart Fitness Watch,South,24,218.71,5249.04,0,0
2024-12-09,Smart Fitness Watch,East,17,221.37,3763.29,0,0
2024-12-09,Ergonomic Office Chair,North,8,324.52,2596.16,0,0
2024-12-09,Ergonomic Office Chair,West,16,323.67,5178.72,0,0
2024-12-09,Ergonomic Office Chair,South,15,320.58,4808.7,0,0
2024-12-09,Ergonomic Office Chair,East,9,313.8,2824.2,0,0
2024-12-10,Laptop Pro 15,North,15,1191.11,17866.65,0,0
2024-12-10,Laptop Pro 15,West,12,1183.08,14196.96,0,0
2024-12-10,Laptop Pro 15,South,9,1192.55,10732.95,0,0
2024-12-10,Laptop Pro 15,East,6,1202.56,7215.36,0,0
2024-12-10,Smartphone Ultra,North,32,746.0,23872.0,0,0
2024-12-10,Smartphone Ultra,West,30,751.74,22552.2,0,0
2024-12-10,Smartphone Ultra,South,20,739.21,14784.2,0,0
2024-12-10,Smartphone Ultra,East,21,745.76,15660.96,0,0
2024-12-10,Wireless Noise-Canceling Headphones,North,50,178.75,8937.5,0,0
2024-12-10,Wireless Noise-Canceling Headphones,West,48,178.07,8547.36,0,0
2024-12-10,Wireless Noise-Canceling Headphones,South,32,182.07,5826.24,0,0
2024-12-10,Wireless Noise-Canceling Headphones,East,28,182.66,5114.48,0,0
2024-12-10,Smart Fitness Watch,North,28,216.85,6071.8,0,0
2024-12-10,Smart Fitness Watch,West,26,218.15,5671.9,0,0
2024-12-10,Smart Fitness Watch,South,25,216.17,5404.25,0,0
2024-12-10,Smart Fitness Watch,East,27,223.83,6043.41,0,0
2024-12-10,Ergonomic Office Chair,North,13,325.3,4228.9,0,0
2024-12-10,Ergonomic Office Chair,West,13,319.73,4156.49,0,0
2024-12-10,Ergonomic Office Chair,South,13,322.62,4194.06,0,0
2024-12-10,Ergonomic Office Chair,East,4,322.14,1288.56,0,0
2024-12-11,Laptop Pro 15,North,15,1201.37,18020.55,0,0
2024-12-11,Laptop Pro 15,West,9,1196.28,10766.52,0,0
2024-12-11,Laptop Pro 15,South,5,1200.21,6001.05,0,0
2024-12-11,Laptop Pro 15,East,8,1185.19,9481.52,0,0
2024-12-11,Smartphone Ultra,North,31,738.88,22905.28,0,0
2024-12-11,Smartphone Ultra,West,20,740.67,14813.4,0,0
2024-12-11,Smartphone Ultra,South,29,762.58,22114.82,0,0
2024-12-11,Smartphone Ultra,East,15,739.75,11096.25,0,0
2024-12-11,Wireless Noise-Canceling Headphones,North,35,178.76,6256.6,0,0
2024-12-11,Wireless Noise-Canceling Headphones,West,30,177.61,5328.3,0,0
2024-12-11,Wireless Noise-Canceling Headphones,South,44,182.1,8012.4,0,0
2024-12-11,Wireless Noise-Canceling Headphones,East,33,179.64,5928.12,0,0
2024-12-11,Smart Fitness Watch,North,38,222.35,8449.3,0,0
2024-12-11,Smart Fitness Watch,West,23,215.85,4964.55,0,0
2024-12-11,Smart Fitness Watch,South,24,221.09,5306.16,0,0
2024-12-11,Smart Fitness Watch,East,20,223.18,4463.6,0,0
2024-12-11,Ergonomic Office Chair,North,6,323.88,1943.28,0,0
2024-12-11,Ergonomic Office Chair,West,11,313.86,3452.46,0,0
2024-12-11,Ergonomic Office Chair,South,11,322.89,3551.79,0,0
2024-12-11,Ergonomic Office Chair,East,8,317.84,2542.72,0,0
2024-12-12,Laptop Pro 15,North,10,1200.65,12006.5,0,0
2024-12-12,Laptop Pro 15,West,11,1186.61,13052.71,0,0
2024-12-12,Laptop Pro 15,South,9,1200.8,10807.2,0,0
2024-12-12,Laptop Pro 15,East,16,1205.46,19287.36,0,0
2024-12-12,Smartphone Ultra,North,15,752.51,11287.65,0,0
2024-12-12,Smartphone Ultra,West,28,756.14,21171.92,0,0
2024-12-12,Smartphone Ultra,South,26,754.79,19624.54,0,0
2024-12-12,Smartphone Ultra,East,19,741.86,14095.34,0,0
2024-12-12,Wireless Noise-Canceling Headphones,North,45,177.96,8008.2,0,0
2024-12-12,Wireless Noise-Canceling Headphones,West,38,183.43,6970.34,0,0
2024-12-12,Wireless Noise-Canceling Headphones,South,38,178.23,6772.74,0,0
2024-12-12,Wireless Noise-Canceling Headphones,East,20,177.07,3541.4,0,0
2024-12-12,Smart Fitness Watch,North,35,219.88,7695.8,0,0
2024-12-12,Smart Fitness Watch,West,31,217.17,6732.27,0,0
2024-12-12,Smart Fitness Watch,South,26,223.91,5821.66,0,0
2024-12-12,Smart Fitness Watch,East,23,216.42,4977.66,0,0
2024-12-12,Ergonomic Office Chair,North,12,326.14,3913.68,0,0
2024-12-12,Ergonomic Office Chair,West,9,318.72,2868.48,0,0
2024-12-12,Ergonomic Office Chair,South,10,316.93,3169.3,0,0
2024-12-12,Ergonomic Office Chair,East,3,319.41,958.23,0,0
2024-12-13,Laptop Pro 15,North,17,1203.92,20466.64,0,0
2024-12-13,Laptop Pro 15,West,17,1205.25,20489.25,0,0
2024-12-13,Laptop Pro 15,South,6,1198.25,7189.5,0,0
2024-12-13,Laptop Pro 15,East,8,1215.39,9723.12,0,0
2024-12-13,Smartphone Ultra,North,27,747.51,20182.77,0,0
2024-12-13,Smartphone Ultra,West,30,738.65,22159.5,0,0
2024-12-13,Smartphone Ultra,South,32,741.92,23741.44,0,0
2024-12-13,Smartphone Ultra,East,21,749.04,15729.84,0,0
2024-12-13,Wireless Noise-Canceling Headphones,North,50,181.2,9060.0,0,0
2024-12-13,Wireless Noise-Canceling Headphones,West,55,180.54,9929.7,0,0
2024-12-13,Wireless Noise-Canceling Headphones,South,43,181.96,7824.28,0,0
2024-12-13,Wireless Noise-Canceling Headphones,East,40,178.34,7133.6,0,0
2024-12-13,Smart Fitness Watch,North,44,220.9,9719.6,0,0
2024-12-13,Smart Fitness Watch,West,21,216.47,4545.87,0,0
2024-12-13,Smart Fitness Watch,South,26,223.46,5809.96,0,0
2024-12-13,Smart Fitness Watch,East,28,220.69,6179.32,0,0
2024-12-13,Ergonomic Office Chair,North,9,318.05,2862.45,0,0
2024-12-13,Ergonomic Office Chair,West,9,315.03,2835.27,0,0
2024-12-13,Ergonomic Office Chair,South,12,320.68,3848.16,0,0
2024-12-13,Ergonomic Office Chair,East,6,318.42,1910.52,0,0
2024-12-14,Laptop Pro 15,North,21,1052.33,22098.93,1,0
2024-12-14,Laptop Pro 15,West,20,1073.7,21474.0,1,0
2024-12-14,Laptop Pro 15,South,20,1042.28,20845.6,1,0
2024-12-14,Laptop Pro 15,East,18,1064.29,19157.22,1,0
2024-12-14,Smartphone Ultra,North,58,649.92,37695.36,1,0
2024-12-14,Smartphone Ultra,West,56,642.3,35968.8,1,0
2024-12-14,Smartphone Ultra,South,42,667.68,28042.56,1,0
2024-12-14,Smartphone Ultra,East,42,670.27,28151.34,1,0
2024-12-14,Wireless Noise-Canceling Headphones,North,106,161.93,17164.58,1,0
2024-12-14,Wireless Noise-Canceling Headphones,West,95,156.39,14857.05,1,0
2024-12-14,Wireless Noise-Canceling Headphones,South,75,156.89,11766.75,1,0
2024-12-14,Wireless Noise-Canceling Headphones,East,74,158.6,11736.4,1,0
2024-12-14,Smart Fitness Watch,North,59,188.16,11101.44,1,0
2024-12-14,Smart Fitness Watch,West,56,197.96,11085.76,1,0
2024-12-14,Smart Fitness Watch,South,48,189.81,9110.88,1,0
2024-12-14,Smart Fitness Watch,East,54,199.98,10798.92,1,0
2024-12-14,Ergonomic Office Chair,North,17,286.24,4866.08,1,0
2024-12-14,Ergonomic Office Chair,West,22,278.36,6123.92,1,0
2024-12-14,Ergonomic Office Chair,South,17,277.87,4723.79,1,0
2024-12-14,Ergonomic Office Chair,East,14,289.73,4056.22,1,0
2024-12-15,Laptop Pro 15,North,22,1068.17,23499.74,1,0
2024-12-15,Laptop Pro 15,West,18,1048.49,18872.82,1,0
2024-12-15,Laptop Pro 15,South,14,1060.37,14845.18,1,0
2024-12-15,Laptop Pro 15,East,12,1038.18,12458.16,1,0
2024-12-15,Smartphone Ultra,North,53,649.98,34448.94,1,0
2024-12-15,Smartphone Ultra,West,53,650.17,34459.01,1,0
2024-12-15,Smartphone Ultra,South,43,673.72,28969.96,1,0
2024-12-15,Smartphone Ultra,East,25,675.47,16886.75,1,0
2024-12-15,Wireless Noise-Canceling Headphones,North,83,160.94,13358.02,1,0
2024-12-15,Wireless Noise-Canceling Headphones,West,83,159.59,13245.97,1,0
2024-12-15,Wireless Noise-Canceling Headphones,South,83,164.26,13633.58,1,0
2024-12-15,Wireless Noise-Canceling Headphones,East,53,159.85,8472.05,1,0
2024-12-15,Smart Fitness Watch,North,68,194.42,13220.56,1,0
2024-12-15,Smart Fitness Watch,West,65,192.79,12531.35,1,0
2024-12-15,Smart Fitness Watch,South,57,193.31,11018.67,1,0
2024-12-15,Smart Fitness Watch,East,61,192.89,11766.29,1,0
2024-12-15,Ergonomic Office Chair,North,14,288.05,4032.7,1,0
2024-12-15,Ergonomic Office Chair,West,15,273.07,4096.05,1,0
2024-12-15,Ergonomic Office Chair,South,16,290.53,4648.48,1,0
2024-12-15,Ergonomic Office Chair,East,19,276.81,5259.39,1,0
2024-12-16,Laptop Pro 15,North,24,1090.09,26162.16,1,0
2024-12-16,Laptop Pro 15,West,16,1074.7,17195.2,1,0
2024-12-16,Laptop Pro 15,South,13,1049.22,13639.86,1,0
2024-12-16,Laptop Pro 15,East,7,1063.67,7445.69,1,0
2024-12-16,Smartphone Ultra,North,40,685.53,27421.2,1,0
2024-12-16,Smartphone Ultra,West,41,641.67,26308.47,1,0
2024-12-16,Smartphone Ultra,South,34,654.25,22244.5,1,0
2024-12-16,Smartphone Ultra,East,33,670.69,22132.77,1,0
2024-12-16,Wireless Noise-Canceling Headphones,North,69,157.18,10845.42,1,0
2024-12-16,Wireless Noise-Canceling Headphones,West,82,162.88,13356.16,1,0
2024-12-16,Wireless Noise-Canceling Headphones,South,65,161.36,10488.4,1,0
2024-12-16,Wireless Noise-Canceling Headphones,East,53,160.17,8489.01,1,0
2024-12-16,Smart Fitness Watch,North,36,197.9,7124.4,1,0
2024-12-16,Smart Fitness Watch,West,44,202.22,8897.68,1,0
2024-12-16,Smart Fitness Watch,South,48,200.48,9623.04,1,0
2024-12-16,Smart Fitness Watch,East,26,199.04,5175.04,1,0
2024-12-16,Ergonomic Office Chair,North,13,282.09,3667.17,1,0
2024-12-16,Ergonomic Office Chair,West,18,284.7,5124.6,1,0
2024-12-16,Ergonomic Office Chair,South,17,283.82,4824.94,1,0
2024-12-16,Ergonomic Office Chair,East,10,273.26,2732.6,1,0
2024-12-17,Laptop Pro 15,North,25,1043.26,26081.5,1,0
2024-12-17,Laptop Pro 15,West,17,1089.98,18529.66,1,0
2024-12-17,Laptop Pro 15,South,6,1096.74,6580.44,1,0
2024-12-17,Laptop Pro 15,East,11,1021.48,11236.28,1,0
2024-12-17,Smartphone Ultra,North,39,651.22,25397.58,1,0
2024-12-17,Smartphone Ultra,West,48,641.64,30798.72,1,0
2024-12-17,Smartphone Ultra,South,31,649.34,20129.54,1,0
2024-12-17,Smartphone Ultra,East,23,658.0,15134.0,1,0
2024-12-17,Wireless Noise-Canceling Headphones,North,82,162.43,13319.26,1,0
2024-12-17,Wireless Noise-Canceling Headphones,West,69,160.58,11080.02,1,0
2024-12-17,Wireless Noise-Canceling Headphones,South,47,158.82,7464.54,1,0
2024-12-17,Wireless Noise-Canceling Headphones,East,51,157.04,8009.04,1,0
2024-12-17,Smart Fitness Watch,North,27,200.47,5412.69,1,0
2024-12-17,Smart Fitness Watch,West,41,187.5,7687.5,1,0
2024-12-17,Smart Fitness Watch,South,37,193.42,7156.54,1,0
2024-12-17,Smart Fitness Watch,East,31,190.06,5891.86,1,0
2024-12-17,Ergonomic Office Chair,North,17,283.3,4816.1,1,0
2024-12-17,Ergonomic Office Chair,West,25,289.39,7234.75,1,0
2024-12-17,Ergonomic Office Chair,South,8,278.41,2227.28,1,0
2024-12-17,Ergonomic Office Chair,East,8,280.79,2246.32,1,0
2024-12-18,Laptop Pro 15,North,10,1037.96,10379.6,1,0
2024-12-18,Laptop Pro 15,West,15,1092.04,16380.6,1,0
2024-12-18,Laptop Pro 15,South,11,1068.44,11752.84,1,0
2024-12-18,Laptop Pro 15,East,12,1045.38,12544.56,1,0
2024-12-18,Smartphone Ultra,North,35,686.24,24018.4,1,0
2024-12-18,Smartphone Ultra,West,40,647.69,25907.6,1,0
2024-12-18,Smartphone Ultra,South,35,655.48,22941.8,1,0
2024-12-18,Smartphone Ultra,East,21,669.59,14061.39,1,0
2024-12-18,Wireless Noise-Canceling Headphones,North,70,156.31,10941.7,1,0
2024-12-18,Wireless Noise-Canceling Headphones,West,68,159.99,10879.32,1,0
2024-12-18,Wireless Noise-Canceling Headphones,South,62,156.48,9701.76,1,0
2024-12-18,Wireless Noise-Canceling Headphones,East,39,156.54,6105.06,1,0
2024-12-18,Smart Fitness Watch,North,58,200.53,11630.74,1,0
2024-12-18,Smart Fitness Watch,West,36,188.94,6801.84,1,0
2024-12-18,Smart Fitness Watch,South,27,192.28,5191.56,1,0
2024-12-18,Smart Fitness Watch,East,31,201.36,6242.16,1,0
2024-12-18,Ergonomic Office Chair,North,16,275.33,4405.28,1,0
2024-12-18,Ergonomic Office Chair,West,15,275.29,4129.35,1,0
2024-12-18,Ergonomic Office Chair,South,10,282.82,2828.2,1,0
2024-12-18,Ergonomic Office Chair,East,5,278.97,1394.85,1,0
2024-12-19,Laptop Pro 15,North,12,1062.15,12745.8,1,0
2024-12-19,Laptop Pro 15,West,14,1044.59,14624.26,1,0
2024-12-19,Laptop Pro 15,South,14,1025.25,14353.5,1,0
2024-12-19,Laptop Pro 15,East,21,1050.27,22055.67,1,0
2024-12-19,Smartphone Ultra,North,38,666.29,25319.02,1,0
2024-12-19,Smartphone Ultra,West,34,678.28,23061.52,1,0
2024-12-19,Smartphone Ultra,South,27,656.75,17732.25,1,0
2024-12-19,Smartphone Ultra,East,25,658.86,16471.5,1,0
2024-12-19,Wireless Noise-Canceling Headphones,North,58,157.16,9115.28,1,0
2024-12-19,Wireless Noise-Canceling Headphones,West,63,160.95,10139.85,1,0
2024-12-19,Wireless Noise-Canceling Headphones,South,63,162.31,10225.53,1,0
2024-12-19,Wireless Noise-Canceling Headphones,East,51,160.15,8167.65,1,0
2024-12-19,Smart Fitness Watch,North,37,194.92,7212.04,1,0
2024-12-19,Smart Fitness Watch,West,33,201.63,6653.79,1,0
2024-12-19,Smart Fitness Watch,South,46,187.74,8636.04,1,0
2024-12-19,Smart Fitness Watch,East,26,201.27,5233.02,1,0
2024-12-19,Ergonomic Office Chair,North,18,293.94,5290.92,1,0
2024-12-19,Ergonomic Office Chair,West,11,285.65,3142.15,1,0
2024-12-19,Ergonomic Office Chair,South,11,277.27,3049.97,1,0
2024-12-19,Ergonomic Office Chair,East,12,272.53,3270.36,1,0
2024-12-20,Laptop Pro 15,North,28,1079.27,30219.56,1,0
2024-12-20,Laptop Pro 15,West,14,1095.8,15341.2,1,0
2024-12-20,Laptop Pro 15,South,16,1063.78,17020.48,1,0
2024-12-20,Laptop Pro 15,East,10,1098.12,10981.2,1,0
2024-12-20,Smartphone Ultra,North,40,678.06,27122.4,1,0
2024-12-20,Smartphone Ultra,West,40,677.35,27094.0,1,0
2024-12-20,Smartphone Ultra,South,39,684.27,26686.53,1,0
2024-12-20,Smartphone Ultra,East,30,686.01,20580.3,1,0
2024-12-20,Wireless Noise-Canceling Headphones,North,81,160.36,12989.16,1,0
2024-12-20,Wireless Noise-Canceling Headphones,West,74,160.72,11893.28,1,0
2024-12-20,Wireless Noise-Canceling Headphones,South,50,162.79,8139.5,1,0
2024-12-20,Wireless Noise-Canceling Headphones,East,61,155.33,9475.13,1,0
2024-12-20,Smart Fitness Watch,North,48,198.25,9516.0,1,0
2024-12-20,Smart Fitness Watch,West,52,193.62,10068.24,1,0
2024-12-20,Smart Fitness Watch,South,58,187.03,10847.74,1,0
2024-12-20,Smart Fitness Watch,East,50,197.79,9889.5,1,0
2024-12-20,Ergonomic Office Chair,North,25,281.87,7046.75,1,0
2024-12-20,Ergonomic Office Chair,West,19,284.54,5406.26,1,0
2024-12-20,Ergonomic Office Chair,South,13,276.07,3588.91,1,0
2024-12-20,Ergonomic Office Chair,East,13,289.69,3765.97,1,0
2024-12-21,Laptop Pro 15,North,22,1054.72,23203.84,1,0
2024-12-21,Laptop Pro 15,West,29,1093.48,31710.92,1,0
2024-12-21,Laptop Pro 15,South,17,1092.75,18576.75,1,0
2024-12-21,Laptop Pro 15,East,17,1037.77,17642.09,1,0
2024-12-21,Smartphone Ultra,North,55,655.04,36027.2,1,0
2024-12-21,Smartphone Ultra,West,51,637.78,32526.78,1,0
2024-12-21,Smartphone Ultra,South,42,687.96,28894.32,1,0
2024-12-21,Smartphone Ultra,East,38,637.84,24237.92,1,0
2024-12-21,Wireless Noise-Canceling Headphones,North,95,165.2,15694.0,1,0
2024-12-21,Wireless Noise-Canceling Headphones,West,84,158.26,13293.84,1,0
2024-12-21,Wireless Noise-Canceling Headphones,South,60,157.64,9458.4,1,0
2024-12-21,Wireless Noise-Canceling Headphones,East,55,165.58,9106.9,1,0
2024-12-21,Smart Fitness Watch,North,57,200.03,11401.71,1,0
2024-12-21,Smart Fitness Watch,West,67,191.6,12837.2,1,0
2024-12-21,Smart Fitness Watch,South,52,194.45,10111.4,1,0
2024-12-21,Smart Fitness Watch,East,34,191.58,6513.72,1,0
2024-12-21,Ergonomic Office Chair,North,24,292.13,7011.12,1,0
2024-12-21,Ergonomic Office Chair,West,19,279.88,5317.72,1,0
2024-12-21,Ergonomic Office Chair,South,14,275.17,3852.38,1,0
2024-12-21,Ergonomic Office Chair,East,12,279.71,3356.52,1,0
2024-12-22,Laptop Pro 15,North,18,1049.23,18886.14,1,0
2024-12-22,Laptop Pro 15,West,23,1055.49,24276.27,1,0
2024-12-22,Laptop Pro 15,South,28,1064.68,29811.04,1,0
2024-12-22,Laptop Pro 15,East,14,1102.7,15437.8,1,0
2024-12-22,Smartphone Ultra,North,44,671.87,29562.28,1,0
2024-12-22,Smartphone Ultra,West,45,675.81,30411.45,1,0
2024-12-22,Smartphone Ultra,South,44,653.56,28756.64,1,0
2024-12-22,Smartphone Ultra,East,45,683.84,30772.8,1,0
2024-12-22,Wireless Noise-Canceling Headphones,North,98,157.67,15451.66,1,0
2024-12-22,Wireless Noise-Canceling Headphones,West,94,160.74,15109.56,1,0
2024-12-22,Wireless Noise-Canceling Headphones,South,74,154.02,11397.48,1,0
2024-12-22,Wireless Noise-Canceling Headphones,East,70,159.5,11165.0,1,0
2024-12-22,Smart Fitness Watch,North,54,188.9,10200.6,1,0
2024-12-22,Smart Fitness Watch,West,52,197.37,10263.24,1,0
2024-12-22,Smart Fitness Watch,South,42,196.36,8247.12,1,0
2024-12-22,Smart Fitness Watch,East,45,187.51,8437.95,1,0
2024-12-22,Ergonomic Office Chair,North,20,285.47,5709.4,1,0
2024-12-22,Ergonomic Office Chair,West,15,281.64,4224.6,1,0
2024-12-22,Ergonomic Office Chair,South,18,290.42,5227.56,1,0
2024-12-22,Ergonomic Office Chair,East,13,279.63,3635.19,1,0
2024-12-23,Laptop Pro 15,North,14,1026.29,14368.06,1,0
2024-12-23,Laptop Pro 15,West,17,1058.8,17999.6,1,0
2024-12-23,Laptop Pro 15,South,7,1065.79,7460.53,1,0
2024-12-23,Laptop Pro 15,East,14,1076.06,15064.84,1,0
2024-12-23,Smartphone Ultra,North,41,674.85,27668.85,1,0
2024-12-23,Smartphone Ultra,West,42,662.94,27843.48,1,0
2024-12-23,Smartphone Ultra,South,31,651.47,20195.57,1,0
2024-12-23,Smartphone Ultra,East,28,683.63,19141.64,1,0
2024-12-23,Wireless Noise-Canceling Headphones,North,74,163.12,12070.88,1,0
2024-12-23,Wireless Noise-Canceling Headphones,West,64,156.12,9991.68,1,0
2024-12-23,Wireless Noise-Canceling Headphones,South,63,153.18,9650.34,1,0
2024-12-23,Wireless Noise-Canceling Headphones,East,48,154.97,7438.56,1,0
2024-12-23,Smart Fitness Watch,North,44,197.72,8699.68,1,0
2024-12-23,Smart Fitness Watch,West,43,188.12,8089.16,1,0
2024-12-23,Smart Fitness Watch,South,28,189.79,5314.12,1,0
2024-12-23,Smart Fitness Watch,East,30,199.47,5984.1,1,0
2024-12-23,Ergonomic Office Chair,North,14,275.25,3853.5,1,0
2024-12-23,Ergonomic Office Chair,West,15,274.38,4115.7,1,0
2024-12-23,Ergonomic Office Chair,South,17,290.44,4937.48,1,0
2024-12-23,Ergonomic Office Chair,East,19,287.11,5455.09,1,0
2024-12-24,Laptop Pro 15,North,22,1072.76,23600.72,1,1
2024-12-24,Laptop Pro 15,West,18,1073.42,19321.56,1,1
2024-12-24,Laptop Pro 15,South,22,1087.32,23921.04,1,1
2024-12-24,Laptop Pro 15,East,24,1043.24,25037.76,1,1
2024-12-24,Smartphone Ultra,North,64,649.36,41559.04,1,1
2024-12-24,Smartphone Ultra,West,62,669.29,41495.98,1,1
2024-12-24,Smartphone Ultra,South,65,646.03,41991.95,1,1
2024-12-24,Smartphone Ultra,East,36,639.91,23036.76,1,1
2024-12-24,Wireless Noise-Canceling Headphones,North,133,157.93,21004.69,1,1
2024-12-24,Wireless Noise-Canceling Headphones,West,106,161.02,17068.12,1,1
2024-12-24,Wireless Noise-Canceling Headphones,South,90,162.32,14608.8,1,1
2024-12-24,Wireless Noise-Canceling Headphones,East,80,154.27,12341.6,1,1
2024-12-24,Smart Fitness Watch,North,56,196.54,11006.24,1,1
2024-12-24,Smart Fitness Watch,West,73,199.57,14568.61,1,1
2024-12-24,Smart Fitness Watch,South,50,197.42,9871.0,1,1
2024-12-24,Smart Fitness Watch,East,47,195.51,9188.97,1,1
2024-12-24,Ergonomic Office Chair,North,22,273.55,6018.1,1,1
2024-12-24,Ergonomic Office Chair,West,25,291.3,7282.5,1,1
2024-12-24,Ergonomic Office Chair,South,19,278.59,5293.21,1,1
2024-12-24,Ergonomic Office Chair,East,15,275.8,4137.0,1,1
2024-12-25,Laptop Pro 15,North,16,1216.72,19467.52,0,1
2024-12-25,Laptop Pro 15,West,21,1196.64,25129.44,0,1
2024-12-25,Laptop Pro 15,South,11,1219.53,13414.83,0,1
2024-12-25,Laptop Pro 15,East,5,1216.65,6083.25,0,1
2024-12-25,Smartphone Ultra,North,43,738.11,31738.73,0,1
2024-12-25,Smartphone Ultra,West,46,759.16,34921.36,0,1
2024-12-25,Smartphone Ultra,South,35,752.25,26328.75,0,1
2024-12-25,Smartphone Ultra,East,36,741.31,26687.16,0,1
2024-12-25,Wireless Noise-Canceling Headphones,North,84,181.27,15226.68,0,1
2024-12-25,Wireless Noise-Canceling Headphones,West,67,178.26,11943.42,0,1
2024-12-25,Wireless Noise-Canceling Headphones,South,49,183.57,8994.93,0,1
2024-12-25,Wireless Noise-Canceling Headphones,East,48,181.42,8708.16,0,1
2024-12-25,Smart Fitness Watch,North,52,221.35,11510.2,0,1
2024-12-25,Smart Fitness Watch,West,41,217.15,8903.15,0,1
2024-12-25,Smart Fitness Watch,South,46,215.86,9929.56,0,1
2024-12-25,Smart Fitness Watch,East,33,216.92,7158.36,0,1
2024-12-25,Ergonomic Office Chair,North,23,321.75,7400.25,0,1
2024-12-25,Ergonomic Office Chair,West,17,317.59,5399.03,0,1
2024-12-25,Ergonomic Office Chair,South,12,316.43,3797.16,0,1
2024-12-25,Ergonomic Office Chair,East,15,324.81,4872.15,0,1
2024-12-26,Laptop Pro 15,North,23,1199.59,27590.57,0,1
2024-12-26,Laptop Pro 15,West,6,1197.92,7187.52,0,1
2024-12-26,Laptop Pro 15,South,6,1182.02,7092.12,0,1
2024-12-26,Laptop Pro 15,East,10,1178.3,11783.0,0,1
2024-12-26,Smartphone Ultra,North,40,753.07,30122.8,0,1
2024-12-26,Smartphone Ultra,West,32,744.89,23836.48,0,1
2024-12-26,Smartphone Ultra,South,35,741.0,25935.0,0,1
2024-12-26,Smartphone Ultra,East,20,739.92,14798.4,0,1
2024-12-26,Wireless Noise-Canceling Headphones,North,67,181.22,12141.74,0,1
2024-12-26,Wireless Noise-Canceling Headphones,West,67,179.01,11993.67,0,1
2024-12-26,Wireless Noise-Canceling Headphones,South,79,181.63,14348.77,0,1
2024-12-26,Wireless Noise-Canceling Headphones,East,63,182.52,11498.76,0,1
2024-12-26,Smart Fitness Watch,North,47,222.59,10461.73,0,1
2024-12-26,Smart Fitness Watch,West,42,216.28,9083.76,0,1
2024-12-26,Smart Fitness Watch,South,40,220.36,8814.4,0,1
2024-12-26,Smart Fitness Watch,East,39,215.6,8408.4,0,1
2024-12-26,Ergonomic Office Chair,North,18,320.42,5767.56,0,1
2024-12-26,Ergonomic Office Chair,West,20,320.07,6401.4,0,1
2024-12-26,Ergonomic Office Chair,South,11,318.01,3498.11,0,1
2024-12-26,Ergonomic Office Chair,East,11,322.43,3546.73,0,1
2024-12-27,Laptop Pro 15,North,11,1181.87,13000.57,0,0
2024-12-27,Laptop Pro 15,West,13,1183.56,15386.28,0,0
2024-12-27,Laptop Pro 15,South,11,1217.55,13393.05,0,0
2024-12-27,Laptop Pro 15,East,7,1211.4,8479.8,0,0
2024-12-27,Smartphone Ultra,North,26,760.96,19784.96,0,0
2024-12-27,Smartphone Ultra,West,30,736.11,22083.3,0,0
2024-12-27,Smartphone Ultra,South,12,745.75,8949.0,0,0
2024-12-27,Smartphone Ultra,East,16,743.31,11892.96,0,0
2024-12-27,Wireless Noise-Canceling Headphones,North,63,179.12,11284.56,0,0
2024-12-27,Wireless Noise-Canceling Headphones,West,62,182.3,11302.6,0,0
2024-12-27,Wireless Noise-Canceling Headphones,South,50,179.04,8952.0,0,0
2024-12-27,Wireless Noise-Canceling Headphones,East,36,177.64,6395.04,0,0
2024-12-27,Smart Fitness Watch,North,26,216.86,5638.36,0,0
2024-12-27,Smart Fitness Watch,West,38,218.88,8317.44,0,0
2024-12-27,Smart Fitness Watch,South,18,220.91,3976.38,0,0
2024-12-27,Smart Fitness Watch,East,26,223.86,5820.36,0,0
2024-12-27,Ergonomic Office Chair,North,13,326.31,4242.03,0,0
2024-12-27,Ergonomic Office Chair,West,9,320.28,2882.52,0,0
2024-12-27,Ergonomic Office Chair,South,7,322.36,2256.52,0,0
2024-12-27,Ergonomic Office Chair,East,6,321.14,1926.84,0,0
2024-12-28,Laptop Pro 15,North,11,1205.11,13256.21,0,0
2024-12-28,Laptop Pro 15,West,14,1217.03,17038.42,0,0
2024-12-28,Laptop Pro 15,South,8,1208.0,9664.0,0,0
2024-12-28,Laptop Pro 15,East,13,1194.91,15533.83,0,0
2024-12-28,Smartphone Ultra,North,38,749.71,28488.98,0,0
2024-12-28,Smartphone Ultra,West,41,755.44,30973.04,0,0
2024-12-28,Smartphone Ultra,South,42,748.01,31416.42,0,0
2024-12-28,Smartphone Ultra,East,25,735.52,18388.0,0,0
2024-12-28,Wireless Noise-Canceling Headphones,North,56,183.16,10256.96,0,0
2024-12-28,Wireless Noise-Canceling Headphones,West,56,183.05,10250.8,0,0
2024-12-28,Wireless Noise-Canceling Headphones,South,50,180.43,9021.5,0,0
2024-12-28,Wireless Noise-Canceling Headphones,East,53,178.28,9448.84,0,0
2024-12-28,Smart Fitness Watch,North,43,218.05,9376.15,0,0
2024-12-28,Smart Fitness Watch,West,38,215.79,8200.02,0,0
2024-12-28,Smart Fitness Watch,South,27,220.82,5962.14,0,0
2024-12-28,Smart Fitness Watch,East,35,218.81,7658.35,0,0
2024-12-28,Ergonomic Office Chair,North,13,322.91,4197.83,0,0
2024-12-28,Ergonomic Office Chair,West,18,324.96,5849.28,0,0
2024-12-28,Ergonomic Office Chair,South,11,318.58,3504.38,0,0
2024-12-28,Ergonomic Office Chair,East,2,319.26,638.52,0,0
2024-12-29,Laptop Pro 15,North,14,1200.14,16801.96,0,0
2024-12-29,Laptop Pro 15,West,18,1191.77,21451.86,0,0
2024-12-29,Laptop Pro 15,South,9,1179.38,10614.42,0,0
2024-12-29,Laptop Pro 15,East,13,1210.3,15733.9,0,0
2024-12-29,Smartphone Ultra,North,45,741.81,33381.45,0,0
2024-12-29,Smartphone Ultra,West,39,753.9,29402.1,0,0
2024-12-29,Smartphone Ultra,South,28,738.86,20688.08,0,0
2024-12-29,Smartphone Ultra,East,25,762.2,19055.0,0,0
2024-12-29,Wireless Noise-Canceling Headphones,North,78,180.95,14114.1,0,0
2024-12-29,Wireless Noise-Canceling Headphones,West,69,177.09,12219.21,0,0
2024-12-29,Wireless Noise-Canceling Headphones,South,47,181.17,8514.99,0,0
2024-12-29,Wireless Noise-Canceling Headphones,East,32,177.18,5669.76,0,0
2024-12-29,Smart Fitness Watch,North,39,219.58,8563.62,0,0
2024-12-29,Smart Fitness Watch,West,44,217.96,9590.24,0,0
2024-12-29,Smart Fitness Watch,South,36,224.12,8068.32,0,0
2024-12-29,Smart Fitness Watch,East,29,224.4,6507.6,0,0
2024-12-29,Ergonomic Office Chair,North,14,323.88,4534.32,0,0
2024-12-29,Ergonomic Office Chair,West,13,314.17,4084.21,0,0
2024-12-29,Ergonomic Office Chair,South,4,321.2,1284.8,0,0
2024-12-29,Ergonomic Office Chair,East,9,326.19,2935.71,0,0
2024-12-30,Laptop Pro 15,North,14,1176.1,16465.4,0,0
2024-12-30,Laptop Pro 15,West,9,1193.67,10743.03,0,0
2024-12-30,Laptop Pro 15,South,12,1183.59,14203.08,0,0
2024-12-30,Laptop Pro 15,East,5,1223.72,6118.6,0,0
2024-12-30,Smartphone Ultra,North,32,737.01,23584.32,0,0
2024-12-30,Smartphone Ultra,West,28,755.33,21149.24,0,0
2024-12-30,Smartphone Ultra,South,25,744.86,18621.5,0,0
2024-12-30,Smartphone Ultra,East,22,758.31,16682.82,0,0
2024-12-30,Wireless Noise-Canceling Headphones,North,38,183.22,6962.36,0,0
2024-12-30,Wireless Noise-Canceling Headphones,West,50,177.26,8863.0,0,0
2024-12-30,Wireless Noise-Canceling Headphones,South,56,183.42,10271.52,0,0
2024-12-30,Wireless Noise-Canceling Headphones,East,29,180.39,5231.31,0,0
2024-12-30,Smart Fitness Watch,North,39,223.08,8700.12,0,0
2024-12-30,Smart Fitness Watch,West,24,223.05,5353.2,0,0
2024-12-30,Smart Fitness Watch,South,18,219.44,3949.92,0,0
2024-12-30,Smart Fitness Watch,East,21,218.03,4578.63,0,0
2024-12-30,Ergonomic Office Chair,North,5,319.12,1595.6,0,0
2024-12-30,Ergonomic Office Chair,West,8,322.76,2582.08,0,0
2024-12-30,Ergonomic Office Chair,South,5,318.85,1594.25,0,0
2024-12-30,Ergonomic Office Chair,East,4,316.64,1266.56,0,0
2024-12-31,Laptop Pro 15,North,21,1182.16,24825.36,0,1
2024-12-31,Laptop Pro 15,West,12,1221.95,14663.4,0,1
2024-12-31,Laptop Pro 15,South,16,1203.62,19257.92,0,1
2024-12-31,Laptop Pro 15,East,9,1214.16,10927.44,0,1
2024-12-31,Smartphone Ultra,North,59,745.08,43959.72,0,1
2024-12-31,Smartphone Ultra,West,42,758.64,31862.88,0,1
2024-12-31,Smartphone Ultra,South,25,764.02,19100.5,0,1
2024-12-31,Smartphone Ultra,East,36,741.75,26703.0,0,1
2024-12-31,Wireless Noise-Canceling Headphones,North,76,180.4,13710.4,0,1
2024-12-31,Wireless Noise-Canceling Headphones,West,59,182.44,10763.96,0,1
2024-12-31,Wireless Noise-Canceling Headphones,South,56,182.09,10197.04,0,1
2024-12-31,Wireless Noise-Canceling Headphones,East,57,180.48,10287.36,0,1
2024-12-31,Smart Fitness Watch,North,48,222.46,10678.08,0,1
2024-12-31,Smart Fitness Watch,West,46,224.34,10319.64,0,1
2024-12-31,Smart Fitness Watch,South,37,216.0,7992.0,0,1
2024-12-31,Smart Fitness Watch,East,29,218.74,6343.46,0,1
2024-12-31,Ergonomic Office Chair,North,18,325.16,5852.88,0,1
2024-12-31,Ergonomic Office Chair,West,12,320.7,3848.4,0,1
2024-12-31,Ergonomic Office Chair,South,14,320.17,4482.38,0,1
2024-12-31,Ergonomic Office Chair,East,17,315.6,5365.2,0,1
